{
    "Pand ID": "0599100000348333",
    "Archetype ID": "D.1992-2005",
    "Construction Year": 1997,
    "Number of Floors": 3,
    "Wall Area": 341.1,
    "Roof Area (Flat)": 167.64,
    "Roof Area (Sloped)": 0.0,
    "Floor Area": 120.83,
    "Shared Wall Area": 0.0,
    "Absolute Height (70%)": 7.261542797088623,
    "Surfaces": [
        {
            "Type": "G",
            "Centroid": {
                "x": 97006.071,
                "y": 437408.7190625
            },
            "Distances": [
                7.357223129400678,
                7.744260111577692,
                5.886045323552524,
                6.088393111139814,
                4.183132325289492,
                3.8991659589781533,
                7.366084190440652,
                7.7565758747510705,
                6.8496664554452975,
                8.109502423139178,
                8.344432795335013,
                9.54481665229113,
                8.049412590415379,
                5.825260159507982,
                5.816459075395886,
                6.5035994207678165
            ],
            "UnitPairs": [
                [
                    -0.9999187017452361,
                    -0.012751074469300015
                ],
                [
                    -0.9899751415291945,
                    -0.14124170472722006
                ],
                [
                    -0.9547369568358862,
                    -0.29745141326231933
                ],
                [
                    -0.9382812337705064,
                    -0.3458732807750494
                ],
                [
                    0.17197041452682185,
                    -0.9851021147715971
                ],
                [
                    0.20808937309696057,
                    -0.9781098163315375
                ],
                [
                    0.7054460505275162,
                    -0.70876362053588
                ],
                [
                    0.9995873340501629,
                    -0.02872562630279877
                ],
                [
                    0.9999574496886885,
                    0.009224901738980645
                ],
                [
                    0.9992444144149164,
                    0.03886644131626676
                ],
                [
                    0.9969970642770808,
                    0.07743935577522966
                ],
                [
                    0.9492455779992469,
                    0.31453590041341134
                ],
                [
                    -0.4796157429671451,
                    0.8774786260063964
                ],
                [
                    -0.909766234448707,
                    0.41512094461376003
                ],
                [
                    -0.9145813511361559,
                    0.40440196853373944
                ],
                [
                    -0.919125643087934,
                    0.3939645316753676
                ]
            ]
        },
        {
            "Type": "F",
            "Centroid": {
                "x": 97005.62589499999,
                "y": 437408.77653
            },
            "Distances": [
                6.913175417181098,
                4.938738173743426,
                7.312714731798426,
                7.490388985138089,
                5.48138064622371,
                5.6944312541855195,
                4.337515121444028,
                4.070079953580892,
                3.033776792840028,
                7.856493741395913,
                7.725706203871751,
                8.473357133333028,
                8.203269542619918,
                7.294482242693196,
                8.552363995354481,
                8.784230239982314,
                9.95115701358908,
                3.78071884553633,
                7.793964946609917,
                5.727385524732042,
                4.676655076966483,
                5.39808886079113,
                5.387641887579463,
                6.073088162447376,
                6.596678278394424
            ],
            "UnitPairs": [
                [
                    -0.9997605417066684,
                    -0.021882852793663546
                ],
                [
                    -0.9894268187730577,
                    -0.14503299725451038
                ],
                [
                    -0.9875292917676649,
                    -0.15743537690383988
                ],
                [
                    -0.9793243067279813,
                    -0.2022965700444741
                ],
                [
                    -0.9440176360613396,
                    -0.32989498754173296
                ],
                [
                    -0.9250300451203505,
                    -0.37989395312987345
                ],
                [
                    0.26846707559582167,
                    -0.9632888607894453
                ],
                [
                    0.3087113802040823,
                    -0.9511557620771114
                ],
                [
                    0.5456828610161222,
                    -0.8379917751346128
                ],
                [
                    0.7071195093987201,
                    -0.7070940527452578
                ],
                [
                    0.730221917729469,
                    -0.6832100342262961
                ],
                [
                    0.9990703645325469,
                    -0.04310924161712716
                ],
                [
                    0.9994161422358915,
                    -0.034166864625368915
                ],
                [
                    0.9999996925509267,
                    0.0007841543546564084
                ],
                [
                    0.9995458571051951,
                    0.030134358195271937
                ],
                [
                    0.9977516254207609,
                    0.06702010124007457
                ],
                [
                    0.9552135482363115,
                    0.2959173487070263
                ],
                [
                    0.8142578503676937,
                    0.5805033618460642
                ],
                [
                    -0.4382262459982754,
                    0.8988647046793299
                ],
                [
                    -0.6124120656542157,
                    0.7905387162189695
                ],
                [
                    -0.8793721008526288,
                    0.47613517853865195
                ],
                [
                    -0.8993034618703986,
                    0.437325146164632
                ],
                [
                    -0.9047594665182133,
                    0.4259228894361963
                ],
                [
                    -0.9109895743327805,
                    0.412429382388039
                ],
                [
                    -0.9147816136116412,
                    0.40394875838165645
                ]
            ]
        },
        {
            "Type": "R",
            "Centroid": {
                "x": 97007.28137499999,
                "y": 437406.23425
            },
            "Distances": [
                0.0
            ],
            "UnitPairs": [
                [
                    0.0,
                    0.0
                ]
            ]
        }
    ],
    "Annual Heating [kWh/m2]": 112.58775523985062,
    "Annual Cooling [kWh/m2]": 0.2890838682327388
}