{
    "Pand ID": "0599100000072735",
    "Archetype ID": "D.1975-1991",
    "Construction Year": 1980,
    "Number of Floors": 2,
    "Wall Area": 278.05,
    "Roof Area (Flat)": 0.0,
    "Roof Area (Sloped)": 171.83,
    "Floor Area": 137.52,
    "Shared Wall Area": 0.0,
    "Absolute Height (70%)": 2.4708964824676514,
    "Surfaces": [
        {
            "Type": "G",
            "Centroid": {
                "x": 88112.4201507353,
                "y": 441477.4237352941
            },
            "Distances": [
                8.206502328047648,
                8.15287130519783,
                8.506382236555202,
                7.445653559666055,
                6.742167079709613,
                6.749189384112774,
                8.495346711819975,
                6.417442168765851,
                5.365674228877331,
                10.228874064947316,
                8.565257033411694,
                8.085812076155916,
                4.719304683489153,
                4.630163431384136,
                6.212434797048707,
                5.9486748837170085,
                5.98041552669495
            ],
            "UnitPairs": [
                [
                    -0.999766759007257,
                    -0.021596934600197928
                ],
                [
                    -0.9994746550342024,
                    -0.0324100901612772
                ],
                [
                    -0.998378393907841,
                    -0.05692611507910775
                ],
                [
                    -0.8178715523752614,
                    -0.5754008375170131
                ],
                [
                    -0.8142171753384724,
                    -0.5805604114851781
                ],
                [
                    -0.804331887334246,
                    -0.5941802883109887
                ],
                [
                    -0.34484622401902126,
                    -0.9386591936266448
                ],
                [
                    0.696603358026819,
                    -0.7174564527452236
                ],
                [
                    0.7252418985417061,
                    -0.6884941456538478
                ],
                [
                    0.9953599682677623,
                    -0.09622127399904486
                ],
                [
                    0.9753836612382913,
                    0.22051465572470655
                ],
                [
                    0.801454659552368,
                    0.5980555397969305
                ],
                [
                    0.764394758687324,
                    0.644748519107526
                ],
                [
                    0.7624810262145538,
                    0.6470105753871421
                ],
                [
                    0.2635700523544098,
                    0.9646402580764986
                ],
                [
                    0.22381652901211307,
                    0.9746312950757173
                ],
                [
                    0.2171106269963199,
                    0.9761470051407548
                ]
            ]
        },
        {
            "Type": "F",
            "Centroid": {
                "x": 88113.06684821428,
                "y": 441478.1042619048
            },
            "Distances": [
                8.892750658882525,
                8.845881858387052,
                9.258992094952623,
                9.213208651826324,
                8.368178176614478,
                7.665888032644689,
                9.364546072225526,
                6.522997725682013,
                5.446715755331901,
                9.678957005277379,
                5.572979855669027,
                7.8018394500894255,
                4.083044603429942,
                3.9738970132049527,
                7.162277989247395,
                3.7876111072978826,
                3.698125946888914,
                5.403830898183425,
                5.4404539547217174,
                5.162844116964757,
                5.198253195124889
            ],
            "UnitPairs": [
                [
                    -0.9953372194728812,
                    -0.09645630892789396
                ],
                [
                    -0.9942802600219929,
                    -0.1068024556393642
                ],
                [
                    -0.9932275154756988,
                    -0.11618563810544982
                ],
                [
                    -0.991976417734397,
                    -0.12642304639120686
                ],
                [
                    -0.8049883226790746,
                    -0.5932906541909537
                ],
                [
                    -0.8004663893015761,
                    -0.5993776435591318
                ],
                [
                    -0.3818963232922261,
                    -0.9242051710826333
                ],
                [
                    0.5861897315509729,
                    -0.8101738076636386
                ],
                [
                    0.5957194080764953,
                    -0.8031926212565639
                ],
                [
                    0.985097286879372,
                    -0.17199806796269565
                ],
                [
                    0.9997729096489955,
                    -0.02131030576930934
                ],
                [
                    0.9879355163643772,
                    0.1548657983734674
                ],
                [
                    0.9531402822431162,
                    0.3025286802362922
                ],
                [
                    0.927732720166636,
                    0.37324522760808915
                ],
                [
                    0.8145054261336913,
                    0.5801559366228825
                ],
                [
                    0.7816838112083243,
                    0.623674930789132
                ],
                [
                    0.7797771971905855,
                    0.6260571241840434
                ],
                [
                    0.18333554554038117,
                    0.9830503943040818
                ],
                [
                    0.17732238775343134,
                    0.9841528188251162
                ],
                [
                    0.13262346687266668,
                    0.9911664925907627
                ],
                [
                    0.12537178572417554,
                    0.9921098302830847
                ]
            ]
        },
        {
            "Type": "R",
            "Centroid": {
                "x": 88106.9915625,
                "y": 441473.41349999997
            },
            "Distances": [
                0.0
            ],
            "UnitPairs": [
                [
                    0.0,
                    0.0
                ]
            ]
        }
    ],
    "Annual Heating [kWh/m2]": 308.84996149188225,
    "Annual Cooling [kWh/m2]": 1.180051892049381
}