{
    "Pand ID": "0599100015001828",
    "Archetype ID": "D.1965",
    "Construction Year": 1927,
    "Number of Floors": 2,
    "Wall Area": 238.48,
    "Roof Area (Flat)": 0.0,
    "Roof Area (Sloped)": 170.29,
    "Floor Area": 96.79,
    "Shared Wall Area": 20.04,
    "Absolute Height (70%)": 8.382726669311523,
    "Surfaces": [
        {
            "Type": "G",
            "Centroid": {
                "x": 76983.50225892858,
                "y": 435512.9346428571
            },
            "Distances": [
                8.101340549768564,
                7.584109995079194,
                7.888525200955269,
                8.093517325817972,
                6.694621518444174,
                7.491215340308988,
                4.726467435498374,
                2.8495895175834263,
                5.4828889794961615,
                5.383445934826076,
                8.631338738529456,
                9.619902055733204,
                6.039578496784237,
                6.918677835413698
            ],
            "UnitPairs": [
                [
                    0.12318067180254033,
                    -0.9923842613092345
                ],
                [
                    0.4006967954566644,
                    -0.9162107170901026
                ],
                [
                    0.4029813546179144,
                    -0.9152081882447899
                ],
                [
                    0.6670682663762668,
                    -0.7449965959611909
                ],
                [
                    0.7047341748035459,
                    -0.7094714531705733
                ],
                [
                    0.8595305673254998,
                    -0.5110843412129787
                ],
                [
                    0.4502154305442568,
                    0.8929199662342923
                ],
                [
                    -0.1832093448410634,
                    0.9830739219219012
                ],
                [
                    -0.2409444060461146,
                    0.9705389189492017
                ],
                [
                    -0.3254553774273116,
                    0.945557400321972
                ],
                [
                    -0.3291576793184235,
                    0.9442749716823537
                ],
                [
                    -0.8275626282324072,
                    0.5613734018931342
                ],
                [
                    -0.8396399568747344,
                    0.5431433906616134
                ],
                [
                    -0.9295231808112554,
                    0.36876368630130335
                ]
            ]
        },
        {
            "Type": "F",
            "Centroid": {
                "x": 76983.1914675,
                "y": 435513.03484000004
            },
            "Distances": [
                8.244376463038037,
                7.415929998594223,
                7.815074974945808,
                7.804278917621586,
                8.109143191740161,
                7.050187613415391,
                8.377102178205442,
                6.991278059407502,
                6.986341880011223,
                7.809897811364761,
                4.78780468105743,
                2.7094103757062227,
                2.855546599875732,
                5.318005022897094,
                2.8638424230470667,
                6.900373472767088,
                4.90246572492929,
                5.194129846650362,
                8.438447304082633,
                9.306904969100046,
                5.724830417047407,
                5.242351421249208,
                7.934635060530651,
                4.834332676178879,
                6.592875899334015
            ],
            "UnitPairs": [
                [
                    0.1587409315753932,
                    -0.9873202705518491
                ],
                [
                    0.4061149445269674,
                    -0.913822002269511
                ],
                [
                    0.40776576171234674,
                    -0.9130865695952107
                ],
                [
                    0.42921582318577556,
                    -0.903201958106246
                ],
                [
                    0.4303438621668848,
                    -0.902665032166024
                ],
                [
                    0.5846255767935264,
                    -0.8113032324346036
                ],
                [
                    0.6815865293912495,
                    -0.7317375232639032
                ],
                [
                    0.7197139002686828,
                    -0.6942707697721695
                ],
                [
                    0.7197930027429447,
                    -0.6941887590578627
                ],
                [
                    0.8642520251891778,
                    -0.5030590789921248
                ],
                [
                    0.5093607952835174,
                    0.8605530664800065
                ],
                [
                    -0.07798006603119317,
                    0.9969549183898793
                ],
                [
                    -0.10025401091781136,
                    0.9949618752971852
                ],
                [
                    -0.1899734948824604,
                    0.9817892193552259
                ],
                [
                    -0.22985901553301658,
                    0.9732239377338561
                ],
                [
                    -0.2588671478507601,
                    0.9659129359127626
                ],
                [
                    -0.26502582025196864,
                    0.964241315542832
                ],
                [
                    -0.2774824739756097,
                    0.9607306993306579
                ],
                [
                    -0.2998513718017924,
                    0.9539859300999062
                ],
                [
                    -0.8220004421879705,
                    0.5694868506320236
                ],
                [
                    -0.8315145870220142,
                    0.5555029176967563
                ],
                [
                    -0.8580653295707317,
                    0.5135405438606302
                ],
                [
                    -0.8701446187924274,
                    0.4927964512723089
                ],
                [
                    -0.8833235703944743,
                    0.4687637677824069
                ],
                [
                    -0.9283171856186566,
                    0.37178919145808514
                ]
            ]
        },
        {
            "Type": "R",
            "Centroid": {
                "x": 76982.5331875,
                "y": 435515.82200000004
            },
            "Distances": [
                0.0
            ],
            "UnitPairs": [
                [
                    0.0,
                    0.0
                ]
            ]
        }
    ],
    "Annual Heating [kWh/m2]": 442.9881584934904,
    "Annual Cooling [kWh/m2]": 2.188258480353015
}