{
    "Pand ID": "0599100000767530",
    "Archetype ID": "D.2006-2014",
    "Construction Year": 2010,
    "Number of Floors": 3,
    "Wall Area": 408.46,
    "Roof Area (Flat)": 18.87,
    "Roof Area (Sloped)": 190.87,
    "Floor Area": 142.53,
    "Shared Wall Area": 0.0,
    "Absolute Height (70%)": 4.818173408508301,
    "Surfaces": [
        {
            "Type": "G",
            "Centroid": {
                "x": 100632.50535250001,
                "y": 445125.05817000003
            },
            "Distances": [
                10.11160826024022,
                9.582089937411693,
                9.596256714413482,
                8.01412391272013,
                4.208955277522889,
                4.22912267597149,
                6.753717625768109,
                5.898848403608678,
                6.380837654117622,
                3.6912118346268787,
                3.570044902807752,
                7.115496295264512,
                6.626462368995806,
                6.69224582092145,
                6.719982586854207,
                6.643301252210331,
                7.340153372191423,
                5.935576050189452,
                5.652242242464371,
                5.351254059330363,
                4.753949483081774,
                6.408010359489947,
                7.260129916735752,
                8.942207671935293,
                11.170158731549847
            ],
            "UnitPairs": [
                [
                    -0.7810864302423445,
                    -0.62442292438
                ],
                [
                    -0.7724870094467393,
                    -0.6350305663793147
                ],
                [
                    -0.7663446507178087,
                    -0.6424296664353226
                ],
                [
                    -0.7292175743296309,
                    -0.6842819077608359
                ],
                [
                    -0.4637825472815676,
                    -0.885949066728455
                ],
                [
                    -0.4582605302559569,
                    -0.8888179152163447
                ],
                [
                    -0.08899394871284612,
                    -0.9960321666956823
                ],
                [
                    0.335991004409875,
                    -0.9418651946832112
                ],
                [
                    0.7343800695139254,
                    -0.6787384720941653
                ],
                [
                    0.9270559787144538,
                    -0.3749229418557713
                ],
                [
                    0.9391926687959113,
                    -0.3433906388939768
                ],
                [
                    0.99851924660904,
                    0.054399578595013334
                ],
                [
                    0.8968525993306027,
                    0.4423295322199746
                ],
                [
                    0.8409673150982782,
                    0.5410859219536148
                ],
                [
                    0.8264842844764174,
                    0.5629597920930982
                ],
                [
                    0.8253366499328391,
                    0.5646409605029008
                ],
                [
                    0.6419429896181823,
                    0.7667523707691227
                ],
                [
                    0.5472021540166533,
                    0.8370004794738979
                ],
                [
                    0.5199635602875566,
                    0.8541884428936558
                ],
                [
                    0.4862336886179467,
                    0.8738288162180197
                ],
                [
                    0.3990282199567046,
                    0.9169386455364305
                ],
                [
                    0.1574529289731422,
                    0.9875264933953816
                ],
                [
                    -0.9214766232460542,
                    0.38843382037491203
                ],
                [
                    -0.9775035786119597,
                    0.210918832257369
                ],
                [
                    -0.9974826918560847,
                    0.0709103620604145
                ]
            ]
        },
        {
            "Type": "F",
            "Centroid": {
                "x": 100630.81968750001,
                "y": 445124.7469166666
            },
            "Distances": [
                6.060384387032662,
                6.177011406701723,
                4.4265805088956105,
                4.410243426969166,
                4.408675916311433,
                5.848526352998687,
                5.815433166878518,
                6.080353299918003,
                4.966810160288923,
                5.860341379561181,
                8.638611592809804,
                8.667290570595101,
                8.124787376799818,
                8.148367234306122,
                6.545536921056987,
                6.636909151458881,
                3.4280316633214554,
                3.456891462705504,
                2.048388391324098,
                6.506703479337101,
                6.399843871921015,
                7.533613027708432,
                1.592807689280445,
                5.219046552604283,
                5.120972271118857,
                1.7181501200454592,
                2.8575257802896643,
                8.818319416703407,
                6.13055742450914,
                6.952911650411965,
                8.289067790480855,
                8.303755541031174,
                6.903734013915326,
                8.317195175369742,
                8.239644197528206,
                5.204236039202523,
                8.729563911510908,
                6.5811017696067005,
                7.22578826740355,
                6.913747428270933,
                6.5770222683651305,
                5.886188523602946,
                7.1653158340688705,
                5.903305648991461,
                7.389627200930519,
                6.562262573631158,
                9.520523755825362,
                6.531113005084097
            ],