{
    "Pand ID": "0599100000766059",
    "Archetype ID": "D.2006-2014",
    "Construction Year": 2010,
    "Number of Floors": 2,
    "Wall Area": 322.84,
    "Roof Area (Flat)": 130.38,
    "Roof Area (Sloped)": 0.0,
    "Floor Area": 130.38,
    "Shared Wall Area": 0.0,
    "Absolute Height (70%)": 1.9825420379638672,
    "Surfaces": [
        {
            "Type": "G",
            "Centroid": {
                "x": 100268.94547916668,
                "y": 445173.93608333333
            },
            "Distances": [
                7.602249977635047,
                5.664775552065656,
                5.469219023029206,
                5.843260681244276,
                10.247864333049241,
                11.396766707660648
            ],
            "UnitPairs": [
                [
                    -0.43239391974040936,
                    -0.9016848108799018
                ],
                [
                    0.8010614527642343,
                    -0.5985821154154659
                ],
                [
                    0.8136140305555091,
                    -0.5814053743157342
                ],
                [
                    0.8315277374031529,
                    -0.5554832328065297
                ],
                [
                    -0.11643076331824444,
                    0.9931988105878554
                ],
                [
                    -0.8218266554827552,
                    0.5697376135889474
                ]
            ]
        },
        {
            "Type": "F",
            "Centroid": {
                "x": 100267.3319375,
                "y": 445173.8685
            },
            "Distances": [
                7.148406602365432,
                6.990549563734514,
                6.9916668222147935,
                6.815468909236698,
                7.210611014557918,
                10.254370200220219,
                10.156113181384034,
                10.21017215592044
            ],
            "UnitPairs": [
                [
                    -0.2538502775427748,
                    -0.967243524967449
                ],
                [
                    -0.239412507519898,
                    -0.9709179425899156
                ],
                [
                    0.8798152366838143,
                    -0.4753158416242864
                ],
                [
                    0.8896489853809597,
                    -0.45664502932872136
                ],
                [
                    0.8976181057256669,
                    -0.44077401950825723
                ],
                [
                    0.04099471657386483,
                    0.9991593632714595
                ],
                [
                    -0.7633456679277787,
                    0.6459902408364179
                ],
                [
                    -0.7704693789549467,
                    0.6374770082856154
                ]
            ]
        },
        {
            "Type": "R",
            "Centroid": {
                "x": 100273.80431250001,
                "y": 445170.69025
            },
            "Distances": [
                0.0
            ],
            "UnitPairs": [
                [
                    0.0,
                    0.0
                ]
            ]
        }
    ],
    "Annual Heating [kWh/m2]": 157.1754143390537,
    "Annual Cooling [kWh/m2]": 0.5231068616180519
}