{
    "Pand ID": "0599100100019674",
    "Archetype ID": "D.2015-2018",
    "Construction Year": 2020,
    "Number of Floors": 3,
    "Wall Area": 438.37,
    "Roof Area (Flat)": 173.15,
    "Roof Area (Sloped)": 0.0,
    "Floor Area": 156.51,
    "Shared Wall Area": 0.0,
    "Absolute Height (70%)": 4.60215950012207,
    "Surfaces": [
        {
            "Type": "G",
            "Centroid": {
                "x": 90368.32487499999,
                "y": 439982.85349999997
            },
            "Distances": [
                8.351420609856607,
                8.126912433574272,
                8.671066684816008,
                7.544192879487315,
                6.796706791024783,
                6.855519634030181,
                5.876725189484282,
                3.426991786251461,
                5.1664508565290435,
                6.062579397664651,
                4.67062677304914,
                7.0068891601877334,
                6.950205802936723,
                7.944581609702576,
                7.521364600489991,
                6.968702870938777,
                6.113015107379752,
                6.176985668847306,
                7.191061879419251,
                5.039310166424994,
                4.682251029500112,
                7.994041809599884,
                9.587979855187639,
                11.369545173540375
            ],
            "UnitPairs": [
                [
                    -0.7799421564643425,
                    -0.625851605869755
                ],
                [
                    -0.7781091591273384,
                    -0.6281290762909695
                ],
                [
                    -0.5884656623544128,
                    -0.8085222101029645
                ],
                [
                    -0.5497771685126442,
                    -0.8353113581067958
                ],
                [
                    -0.5066608146973877,
                    -0.8621454742966406
                ],
                [
                    -0.4937080164121372,
                    -0.8696277333033905
                ],
                [
                    -0.4108793455768578,
                    -0.9116897297756146
                ],
                [
                    0.25047477599445106,
                    -0.9681231257389369
                ],
                [
                    0.35253891899461165,
                    -0.9357971524823693
                ],
                [
                    0.9130395887498015,
                    -0.4078709469618955
                ],
                [
                    0.9787497957185711,
                    -0.20505813171112067
                ],
                [
                    0.9967868536702912,
                    0.08009974001257104
                ],
                [
                    0.9957079252354506,
                    0.09255121621737016
                ],
                [
                    0.9880161581346131,
                    0.15435048190698775
                ],
                [
                    0.6926103541990835,
                    0.7213119278482923
                ],
                [
                    0.6635919317616785,
                    0.7480947454038184
                ],
                [
                    0.6318281457106556,
                    0.7751085048480854
                ],
                [
                    0.608609959865792,
                    0.79346954368278
                ],
                [
                    0.3645323936795475,
                    0.9311907076202272
                ],
                [
                    -0.004886581531533147,
                    0.9999880605891931
                ],
                [
                    -0.14429491194444222,
                    0.9895347282369354
                ],
                [
                    -0.31681407982519816,
                    0.9484876587623653
                ],
                [
                    -0.9273720986379598,
                    0.37414033552642556
                ],
                [
                    -0.9818004880243828,
                    0.18991524876924393
                ]
            ]
        },
        {
            "Type": "F",
            "Centroid": {
                "x": 90368.4069375,
                "y": 439982.795375
            },
            "Distances": [
                8.379604882579846,
                8.154830239704104,
                6.0477161588745165,
                8.907839545215285,
                8.672945224259133,
                7.541426223755077,
                6.7889119149220445,
                6.846218690853253,
                5.845053923035108,
                5.858282479797354,
                3.350793374457279,
                5.0834392258832475,
                5.963977792814297,
                4.578564388896055,
                6.930046409528733,
                6.874186841964494,
                7.913424021126824,
                7.872786203959381,
                5.961390566661992,
                7.507112285253623,
                7.539964712337916,
                6.958447904407078,
                6.107043125604389,
                6.173979884408181,
                6.043886362556826,
                7.215933038320081,
                5.09849135660774,
                4.7521668466338856,
                8.07538982734161,
                9.685857021379249,
                11.461228069599114,
                7.243776974987816
            ],