{
    "Pand ID": "0599100100005048",
    "Archetype ID": "D.2006-2014",
    "Construction Year": 2014,
    "Number of Floors": 3,
    "Wall Area": 346.1,
    "Roof Area (Flat)": 0.0,
    "Roof Area (Sloped)": 192.59,
    "Floor Area": 152.6,
    "Shared Wall Area": 8.01,
    "Absolute Height (70%)": 4.945869445800781,
    "Surfaces": [
        {
            "Type": "G",
            "Centroid": {
                "x": 92783.41298546513,
                "y": 441823.2477034884
            },
            "Distances": [
                5.832727735426884,
                7.331643968272529,
                3.820049068034665,
                5.660694687711506,
                5.861120920133709,
                5.654511867853168,
                5.709682408657274,
                5.204987357684919,
                5.333289433799835,
                4.894973910019781,
                6.387939406309383,
                6.054684115832094,
                6.215623452698983,
                5.9553406770740125,
                6.780754717087422,
                6.340111648820192,
                6.408080405742988,
                6.696465226753046,
                6.336250002274431,
                5.88204597557229,
                5.7196691377092135,
                6.453437958689386,
                6.7136319840135235,
                6.804042396144625,
                8.057791878160078,
                8.548494757912458,
                8.37461859723832,
                7.245168038424515,
                9.207401537237436,
                7.450773532386581,
                8.172209407674975,
                8.230722374900305,
                7.568690988360482,
                7.8406934908206765,
                9.32597130788854,
                9.246667925201736,
                9.336347058356813,
                8.23311933444571,
                6.273759074814529,
                6.051744259295183,
                6.404118966934412,
                6.536649676894167,
                6.235995554569185
            ],
            "UnitPairs": [
                [
                    -0.9988226314310686,
                    -0.04851134858067229
                ],
                [
                    -0.966203554861213,
                    -0.2577803145578709
                ],
                [
                    -0.6593790865663568,
                    -0.7518106278837225
                ],
                [
                    -0.6559019113294611,
                    -0.7548461318138683
                ],
                [
                    -0.650022498605,
                    -0.759914963207932
                ],
                [
                    -0.645654399610945,
                    -0.7636297507712951
                ],
                [
                    -0.06127494317275405,
                    -0.9981209252085519
                ],
                [
                    -0.04396945648443529,
                    -0.9990328757836068
                ],
                [
                    -0.011223929598117032,
                    -0.9999370097183006
                ],
                [
                    0.0028885822756901875,
                    -0.9999958280375156
                ],
                [
                    0.0770419854629735,
                    -0.997027849398362
                ],
                [
                    0.1291792469945149,
                    -0.9916212594261632
                ],
                [
                    0.15350665015984286,
                    -0.9881476146592186
                ],
                [
                    0.201691154209065,
                    -0.9794491708678992
                ],
                [
                    0.29644775821341923,
                    -0.9550490702839505
                ],
                [
                    0.4017499495211959,
                    -0.9157494078948217
                ],
                [
                    0.4327566695920439,
                    -0.9015107680574884
                ],
                [
                    0.5301512685657009,
                    -0.8479030796253649
                ],
                [
                    0.8240109738405478,
                    -0.5665738389568937
                ],
                [
                    0.8725092520854246,
                    -0.4885975900731939
                ],
                [
                    0.8911598577040464,
                    -0.4536894400544318
                ],
                [
                    0.9883320449822947,
                    -0.1523147033648273
                ],
                [
                    0.9959049812067218,
                    -0.0904061303653635
                ],
                [
                    0.9986915335403344,
                    -0.05113922990088041
                ],
                [
                    0.9677762410335091,
                    0.25181172985198974
                ],
                [
                    0.9473175996725505,
                    0.3202957466945784
                ],
                [
                    0.5258913565721323,
                    0.8505517509726981
                ],
                [
                    0.5100143316588729,
                    0.8601659034759244
                ],
                [
                    0.22559454222459308,
                    0.9742212800583224
                ],
                [
                    0.11181919988014005,
                    0.9937285678384039
                ],
                [
                    -0.016869423952345274,
                    0.9998577011432758
                ],
                [
                    -0.025497211006108318,
                    0.9996748932682615
                ],
                [
                    -0.10092372198890916,
                    0.9948941664015853
                ],
                [
                    -0.13581202560310743,
                    0.9907346232476085
                ],
                [
                    -0.2758812331908833,
                    0.9611917317440248
                ],
                [
                    -0.28722351517385775,
                    0.9578635875380025
                ],
                [
                    -0.29389015296611065,
                    0.9558392009064894
                ],
                [
                    -0.9539349724067274,
                    0.30001344706425476
                ],
                [
                    -0.983439177621645,
                    0.18123847251304712
                ],
                [
                    -0.9867998727731248,
                    0.16194446917059163
                ],
                [
                    -0.9974612430073607,
                    0.0712114365689314
                ],
                [
                    -0.9991143457185986,
                    0.04207759711885333
                ],
                [
                    -0.999978337148503,
                    0.006582190647108454
                ]
            ]
        },
        {
            "Type": "F",
            "Centroid": {
                "x": 92783.69798464913,
                "y": 441823.1531885965
            },