{
    "Pand ID": "0599100000142540",
    "Archetype ID": "D.1965",
    "Construction Year": 1928,
    "Number of Floors": 3,
    "Wall Area": 210.69,
    "Roof Area (Flat)": 0.0,
    "Roof Area (Sloped)": 101.67,
    "Floor Area": 69.51,
    "Shared Wall Area": 18.89,
    "Absolute Height (70%)": 1.869675636291504,
    "Surfaces": [
        {
            "Type": "G",
            "Centroid": {
                "x": 97524.2722638889,
                "y": 440345.8468333333
            },
            "Distances": [
                7.642020132585963,
                5.499491161915348,
                5.453592489377494,
                5.683675242516014,
                3.5041985192594383,
                2.9332168226923887,
                2.625433559138522,
                2.520237695159904,
                2.6714183157850164,
                2.5628268108224046,
                2.9024271712770475,
                2.047169274918359,
                2.844646655696271,
                3.9001695313790607,
                4.115037928301827,
                4.03054907150699,
                6.763076028961051,
                6.778716302278456
            ],
            "UnitPairs": [
                [
                    -0.5656735802704667,
                    -0.8246292503810376
                ],
                [
                    -0.16090377506516515,
                    -0.9869700984172615
                ],
                [
                    -0.141354325683452,
                    -0.989959067138928
                ],
                [
                    0.6657859482889092,
                    -0.7461427953555793
                ],
                [
                    0.8889653636885398,
                    -0.4579744339612226
                ],
                [
                    0.9771221441682604,
                    -0.21267890204724466
                ],
                [
                    0.9598837884650426,
                    0.2803981323796525
                ],
                [
                    0.9594773999905466,
                    0.2817855903118193
                ],
                [
                    0.9059274231980985,
                    0.42343299812089896
                ],
                [
                    0.8900761852010379,
                    0.45581178630874336
                ],
                [
                    0.7707725221282541,
                    0.6371104450031014
                ],
                [
                    0.6243309367574139,
                    0.7811599589121361
                ],
                [
                    0.35052195643048645,
                    0.9365545141955935
                ],
                [
                    0.17617467794213293,
                    0.9843589197299863
                ],
                [
                    -0.6979009522964745,
                    0.7161942898290058
                ],
                [
                    -0.7065759127026988,
                    0.7076372514137086
                ],
                [
                    -0.9528044430232419,
                    0.3035847383436295
                ],
                [
                    -0.9532614437223903,
                    0.3021466860852591
                ]
            ]
        },
        {
            "Type": "F",
            "Centroid": {
                "x": 97524.31482954546,
                "y": 440345.78513636364
            },
            "Distances": [
                7.615543002673805,
                5.445694758904663,
                5.398771421528523,
                0.8398886006898473,
                5.609308614666229,
                1.4543481037945376,
                3.4382852422606986,
                2.8789592260331647,
                2.6028480288967955,
                2.49779696526771,
                2.6600086547507016,
                2.554143753977326,
                2.909884806784294,
                2.0700339583711234,
                2.8881637053312796,
                3.953754665165983,
                4.188950426982559,
                4.104306125330309,
                0.7115751079756951,
                0.23200224865093869,
                6.822517187268909,
                6.83808843886846
            ],
            "UnitPairs": [
                [
                    -0.573229583751303,
                    -0.8193948036888615
                ],
                [
                    -0.17030968251334802,
                    -0.9853905885699348
                ],
                [
                    -0.15067401116640547,
                    -0.9885835029773793
                ],
                [
                    0.4792843410631562,
                    -0.8776596837109792
                ],
                [
                    0.6670243539030859,
                    -0.7450359127586876
                ],
                [
                    0.7381626528990187,
                    -0.6746227819048826
                ],
                [
                    0.8936272700068717,
                    -0.44880987322034893
                ],
                [
                    0.9807521513342569,
                    -0.1952567992496724
                ],
                [
                    0.9518594351416187,
                    0.30653485239345724
                ],
                [
                    0.95105626581287,
                    0.30901776527908476
                ],
                [
                    0.8938111724911603,
                    0.44844351698957274
                ],
                [
                    0.8764367514780277,
                    0.4815169993454459
                ],
                [
                    0.7541691854668312,
                    0.6566801654476068
                ],
                [
                    0.596872070407502,
                    0.8023364204418629
                ],
                [
                    0.3305025448461007,
                    0.9438051005638035
                ],
                [
                    0.16302110503343564,
                    0.9866225820006744
                ],
                [
                    -0.6957481584620473,
                    0.7182858066234291
                ],
                [
                    -0.7042492585088088,
                    0.7099528025790116
                ],
                [
                    -0.7061159670054957,
                    0.7080962089574365
                ],
                [
                    -0.8941919600297501,
                    0.44768374844096553
                ],
                [
                    -0.9507421333530713,
                    0.30998289608823687
                ],
                [
                    -0.9512094796092987,
                    0.30854582463777896
                ]
            ]
        },
        {
            "Type": "R",
            "Centroid": {
                "x": 97521.412375,
                "y": 440348.7465
            },
            "Distances": [
                0.04899234638452486,
                0.048992346328090255
            ],
            "UnitPairs": [
                [
                    0.24493621734833143,
                    -0.9695391943759112
                ],
                [
                    -0.24493621763047507,
                    0.9695391943046328
                ]
            ]
        }
    ],
    "Annual Heating [kWh/m2]": 295.39034224637754,
    "Annual Cooling [kWh/m2]": 1.4787171504027374
}