{
    "Pand ID": "0599100000097107",
    "Archetype ID": "D.1965",
    "Construction Year": 1963,
    "Number of Floors": 1,
    "Wall Area": 205.76,
    "Roof Area (Flat)": 169.55,
    "Roof Area (Sloped)": 0.0,
    "Floor Area": 169.91,
    "Shared Wall Area": 0.0,
    "Absolute Height (70%)": 5.134142875671387,
    "Surfaces": [
        {
            "Type": "G",
            "Centroid": {
                "x": 68772.679625,
                "y": 444553.52037499996
            },
            "Distances": [
                11.304234230187086,
                7.574841039981922,
                4.720039754203755,
                7.506218474101331,
                10.593916380723927,
                8.05893259259111,
                2.062697028470738,
                9.40293552733712
            ],
            "UnitPairs": [
                [
                    -0.8845468694642051,
                    -0.4664513219201704
                ],
                [
                    0.4425010349789485,
                    -0.8967679934311658
                ],
                [
                    0.8056870700309325,
                    -0.5923414093113627
                ],
                [
                    0.9084301267708017,
                    -0.4180367265865347
                ],
                [
                    0.7524955562711511,
                    0.6585973259831618
                ],
                [
                    -0.1226123917343488,
                    0.992454634425767
                ],
                [
                    -0.8528276211756864,
                    0.5221925397397209
                ],
                [
                    -0.9783247979585316,
                    0.2070762895635288
                ]
            ]
        },
        {
            "Type": "F",
            "Centroid": {
                "x": 68770.90530000001,
                "y": 444553.87769999995
            },
            "Distances": [
                9.967270793937667,
                8.797913757219652,
                6.406858050545422,
                9.276826465954189,
                11.781772637445897,
                7.681141521985834,
                0.7199604711577762,
                7.250588698866816,
                7.241754806685875,
                7.580860009275188
            ],
            "UnitPairs": [
                [
                    -0.8251807510851811,
                    -0.5648687706348232
                ],
                [
                    0.58266086045429,
                    -0.8127154001830323
                ],
                [
                    0.8705046929376524,
                    -0.49216011578908275
                ],
                [
                    0.92630815414359,
                    -0.3767667760924456
                ],
                [
                    0.8272269632005864,
                    0.5618679127285484
                ],
                [
                    0.10235457812323585,
                    0.9947479783026525
                ],
                [
                    0.021112270191615125,
                    0.999777111183966
                ],
                [
                    -0.9768586102685335,
                    0.21388608076317014
                ],
                [
                    -0.9802596455562315,
                    0.1977145095686488
                ],
                [
                    -0.9811287889387346,
                    0.19335537105447062
                ]
            ]
        },
        {
            "Type": "R",
            "Centroid": {
                "x": 68776.0315,
                "y": 444546.7275
            },
            "Distances": [
                0.0
            ],
            "UnitPairs": [
                [
                    0.0,
                    0.0
                ]
            ]
        }
    ],
    "Annual Heating [kWh/m2]": 623.4331741373227,
    "Annual Cooling [kWh/m2]": 2.113957688919956
}