{
    "Pand ID": "0599100000380256",
    "Archetype ID": "D.1992-2005",
    "Construction Year": 2002,
    "Number of Floors": 3,
    "Wall Area": 408.42,
    "Roof Area (Flat)": 103.64,
    "Roof Area (Sloped)": 39.65,
    "Floor Area": 140.58,
    "Shared Wall Area": 0.0,
    "Absolute Height (70%)": 4.704298496246338,
    "Surfaces": [
        {
            "Type": "G",
            "Centroid": {
                "x": 98009.59247916668,
                "y": 437611.0006249999
            },
            "Distances": [
                5.308530330255505,
                8.020728505983426,
                6.198179371146206,
                5.542138991434854,
                5.483641811508375,
                5.516973469821333,
                5.46908165815296,
                5.50104407668968,
                6.179371025186647,
                6.26793819238993,
                6.143927131764188,
                5.152401981978948,
                5.4265127937388895,
                5.098689890614536,
                5.391269062159417,
                9.606795850754898,
                8.177364297365427,
                9.641178706545494,
                8.986281207193931,
                7.9167834441215295,
                7.271120301199197,
                7.321764440218525,
                6.502079892951262,
                6.6781655678157925
            ],
            "UnitPairs": [
                [
                    -0.9415113705162258,
                    -0.3369812148898782
                ],
                [
                    -0.5438460687720756,
                    -0.8391849935986454
                ],
                [
                    0.2845929792784344,
                    -0.9586484424153751
                ],
                [
                    0.3051093334082707,
                    -0.9523173287655543
                ],
                [
                    0.37255502885766956,
                    -0.9280101025704737
                ],
                [
                    0.39477411759185427,
                    -0.9187782083177488
                ],
                [
                    0.39731685667866634,
                    -0.9176814890793996
                ],
                [
                    0.4473620460095749,
                    -0.8943529503446203
                ],
                [
                    0.6801595690247728,
                    -0.7330640904205001
                ],
                [
                    0.7822282515939644,
                    -0.6229919440957882
                ],
                [
                    0.8655633797855263,
                    -0.5007993965394293
                ],
                [
                    0.9975848839635282,
                    -0.06945789578927618
                ],
                [
                    0.9982393001225153,
                    -0.059315256813999365
                ],
                [
                    0.9994642629103498,
                    -0.032728995784645096
                ],
                [
                    0.9997568793509686,
                    -0.022049539460333056
                ],
                [
                    0.4193862757080922,
                    0.907807882620379
                ],
                [
                    -0.23308753253053188,
                    0.9724557584686454
                ],
                [
                    -0.6411085049667196,
                    0.7674502491102194
                ],
                [
                    -0.6765915206178825,
                    0.736358550047449
                ],
                [
                    -0.7375522783816755,
                    0.6752900389121695
                ],
                [
                    -0.7705884973120584,
                    0.6373330117060813
                ],
                [
                    -0.778096825319824,
                    0.628144354768242
                ],
                [
                    -0.8395839110796015,
                    0.5432300214975971
                ],
                [
                    -0.850539210054995,
                    0.5259116391172808
                ]
            ]
        },
        {
            "Type": "F",
            "Centroid": {
                "x": 98010.06040972222,
                "y": 437611.3348333333
            },
            "Distances": [
                5.863815752087772,
                8.55827284997006,
                6.40850294593637,
                5.743803294501101,
                5.6471714460713915,
                5.667230761824715,
                5.618062023226436,
                6.505920069655294,
                5.610317391227627,
                5.619390660646068,
                1.605862681608343,
                1.3423108213204782,
                6.132677977409525,
                1.7524170948752484,
                6.135087521526922,
                5.929440020137611,
                1.96211881139294,
                1.9064455020335753,
                4.723009940345753,
                4.992326239896648,
                4.65507525383738,
                4.942837439382573,
                2.3347655740030446,
                9.225345173090835,
                9.111601945177457,
                4.157484576949717,
                7.979247987887956,
                6.159391529003246,
                6.293093379664145,
                9.701643114370215,
                9.074744187196254,
                8.055880292378092,
                7.439488360302159,
                7.496425593199061,
                6.734661886813932,
                6.9207453923256
            ],