{
    "Pand ID": "0599100100016641",
    "Archetype ID": "D.2015-2018",
    "Construction Year": 2018,
    "Number of Floors": 2,
    "Wall Area": 425.49,
    "Roof Area (Flat)": 158.43,
    "Roof Area (Sloped)": 3.89,
    "Floor Area": 174.89,
    "Shared Wall Area": 0.0,
    "Absolute Height (70%)": 1.8594707250595093,
    "Surfaces": [
        {
            "Type": "G",
            "Centroid": {
                "x": 100152.39290833334,
                "y": 444862.68554999994
            },
            "Distances": [
                6.912713241376949,
                4.536956552289682,
                10.37261698047656,
                8.987987410474998,
                9.175081236203408,
                9.153763252888805,
                9.782900522001558,
                10.190194945334119,
                10.053889845419516,
                9.398784670930459,
                4.871735237481579,
                11.590020636632813,
                5.216369780900133,
                8.62829331662445,
                5.689611570642606,
                5.099059856927255,
                4.705678763454532,
                9.356435152279076,
                9.068926975754282,
                10.625378341126375,
                10.599611104146902,
                10.247301190641535,
                8.60355739360111,
                8.62625926409487,
                10.03815367941267,
                4.359721026011933,
                4.401259330147042,
                6.647572345690251,
                6.61180565034045,
                6.830078464012929
            ],
            "UnitPairs": [
                [
                    -0.5578176323370455,
                    -0.8299635468223244
                ],
                [
                    -0.21050087703613385,
                    -0.9775936685387331
                ],
                [
                    -0.17835743253780964,
                    -0.9839657647797105
                ],
                [
                    0.11114464462888014,
                    -0.9938042402658182
                ],
                [
                    0.11770649641883323,
                    -0.9930484281749825
                ],
                [
                    0.12814037617752333,
                    -0.9917560405629415
                ],
                [
                    0.14790773589242268,
                    -0.9890011636308509
                ],
                [
                    0.7252036596270482,
                    -0.6885344232959862
                ],
                [
                    0.7290677319297628,
                    -0.6844415550350457
                ],
                [
                    0.7488166729085897,
                    -0.662777180034218
                ],
                [
                    0.9091148124356283,
                    -0.41654562512422594
                ],
                [
                    0.9169929027628198,
                    -0.3989035175109615
                ],
                [
                    0.9368520392411841,
                    -0.3497259735416214
                ],
                [
                    0.9998462442208786,
                    -0.017535333398680263
                ],
                [
                    0.48051903591687367,
                    0.8769842963939083
                ],
                [
                    0.3984982964852633,
                    0.917169072580592
                ],
                [
                    0.32470696438687113,
                    0.9458146685681413
                ],
                [
                    0.08229273800630203,
                    0.9966082004837339
                ],
                [
                    0.022159916736362358,
                    0.9997544388949906
                ],
                [
                    -0.04687205644332275,
                    0.9989009011532496
                ],
                [
                    -0.05302395793705449,
                    0.9985932404561375
                ],
                [
                    -0.6352924747917765,
                    0.7722716306280712
                ],
                [
                    -0.6756546237098043,
                    0.7372183051576803
                ],
                [
                    -0.68164347410809,
                    0.7316844772207852
                ],
                [
                    -0.8646045488558011,
                    0.5024529570993255
                ],
                [
                    -0.8833210451684502,
                    0.4687685262072493
                ],
                [
                    -0.8888440875389164,
                    0.4582097642424383
                ],
                [
                    -0.9905922028220833,
                    0.13684694994077395
                ],
                [
                    -0.9920184712326979,
                    0.12609263552301897
                ],
                [
                    -0.9929656546510426,
                    0.11840273934088871
                ]
            ]
        },
        {
            "Type": "F",
            "Centroid": {
                "x": 100152.44542045455,
                "y": 444862.2030681818
            },
            "Distances": [
                6.549033645858848,
                4.079205734158197,
                9.90819454997177,
                8.50265861440771,
                8.689773648301093,
                8.668535551246075,
                9.326645790120745,
                9.297978791295805,
                9.592818576419589,
                9.824918281591621,
                9.690522111079314,
                9.045578722316566,
                11.357227393081494,
                4.64176699931758,
                5.017213049620286,
                8.580847985407885,
                6.093847087867085,
                5.525884302992406,
                5.149101763102118,
                9.833389865127009,
                9.55033570865968,
                11.109831287619075,
                11.08423111959144,
                10.656588195411778,
                8.999318325870464,
                9.019756213348783,
                4.649651782032577,
                10.333371739764937,
                4.686526477181227,
                6.781974629557471,
                6.741280877992772,
                6.955441183553948,
                6.917626981687359
            ],