{
    "Pand ID": "0599100000046676",
    "Archetype ID": "D.1965-1974",
    "Construction Year": 1973,
    "Number of Floors": 2,
    "Wall Area": 156.87,
    "Roof Area (Flat)": 0.0,
    "Roof Area (Sloped)": 114.46,
    "Floor Area": 92.16,
    "Shared Wall Area": 10.74,
    "Absolute Height (70%)": 6.44716739654541,
    "Surfaces": [
        {
            "Type": "G",
            "Centroid": {
                "x": 69541.3598125,
                "y": 445163.05125
            },
            "Distances": [
                7.12330597844874,
                7.119226718038496,
                7.1133347708684935,
                7.125766068453059
            ],
            "UnitPairs": [
                [
                    -0.9967282075888035,
                    -0.08082623458265979
                ],
                [
                    0.4875529516704015,
                    -0.8730934195820508
                ],
                [
                    0.9968601546830591,
                    0.07918227077614995
                ],
                [
                    -0.4858424998438244,
                    0.8740463748254457
                ]
            ]
        },
        {
            "Type": "F",
            "Centroid": {
                "x": 69542.8138125,
                "y": 445162.61375
            },
            "Distances": [
                8.555117127343655,
                6.1201684668676615,
                4.442054993218164,
                4.510741797370221,
                4.97165994034968,
                5.725143628104373,
                8.28246817454087,
                7.484282802139691
            ],
            "UnitPairs": [
                [
                    -0.9998694199829995,
                    -0.016159919023935924
                ],
                [
                    0.3295660913440283,
                    -0.944132507350647
                ],
                [
                    0.847580681857287,
                    -0.5306665504272308
                ],
                [
                    0.8481975186944869,
                    -0.5296800631329401
                ],
                [
                    0.9986604191692355,
                    -0.05174328154192316
                ],
                [
                    0.984604119332616,
                    0.17479910810196836
                ],
                [
                    -0.5935428783304624,
                    0.804802368027822
                ],
                [
                    -0.9005538911595286,
                    0.434744395153557
                ]
            ]
        },
        {
            "Type": "R",
            "Centroid": {
                "x": 69546.6398125,
                "y": 445160.2245
            },
            "Distances": [
                0.0
            ],
            "UnitPairs": [
                [
                    0.0,
                    0.0
                ]
            ]
        }
    ],
    "Annual Heating [kWh/m2]": 363.985040712443,
    "Annual Cooling [kWh/m2]": 1.6523988278707737
}