{
    "Pand ID": "0599100100014427",
    "Archetype ID": "D.2015-2018",
    "Construction Year": 2016,
    "Number of Floors": 2,
    "Wall Area": 260.17,
    "Roof Area (Flat)": 0.0,
    "Roof Area (Sloped)": 211.59,
    "Floor Area": 143.22,
    "Shared Wall Area": 0.0,
    "Absolute Height (70%)": 3.9559295177459717,
    "Surfaces": [
        {
            "Type": "G",
            "Centroid": {
                "x": 100642.85745192306,
                "y": 444094.3414807692
            },
            "Distances": [
                3.7440352256013845,
                4.036607486670158,
                4.221283682069259,
                5.13186172559448,
                6.352210560212869,
                7.419243570269517,
                8.54598133634956,
                9.948836225020393,
                10.118635044091256,
                10.776846484735259,
                9.620780869552076,
                9.221817437350056,
                9.713691855476691,
                3.16946436899019,
                3.2931515419752913,
                3.942047691449281,
                6.61292763641989,
                9.520620119692772,
                9.420167555358885,
                9.725555772204618,
                7.992596396366261,
                8.269081601952474,
                3.2233705247680784,
                3.46961571822206,
                7.1861328479915665,
                3.021765785592771
            ],
            "UnitPairs": [
                [
                    -0.8931745353780545,
                    -0.4497101837319191
                ],
                [
                    -0.8911138709772913,
                    -0.4537797581997982
                ],
                [
                    -0.8282023162569551,
                    -0.560429231345595
                ],
                [
                    -0.7745876907077139,
                    -0.6324665282875379
                ],
                [
                    -0.6841833849589954,
                    -0.7293100134689301
                ],
                [
                    0.4399266644946254,
                    -0.8980337019659302
                ],
                [
                    0.4481548608868652,
                    -0.8939559388826019
                ],
                [
                    0.5751349150316177,
                    -0.8180585733989797
                ],
                [
                    0.6621370419759555,
                    -0.7493827711145565
                ],
                [
                    0.69268158245567,
                    -0.7212435270605267
                ],
                [
                    0.8516900226744663,
                    -0.5240458999713355
                ],
                [
                    0.9739862167035432,
                    -0.22660725864702239
                ],
                [
                    0.9981707492050346,
                    0.06045788146685251
                ],
                [
                    0.4909104175934685,
                    0.8712100561278011
                ],
                [
                    0.4545563900885296,
                    0.8907179622246789
                ],
                [
                    0.4228571563324182,
                    0.9061963503228541
                ],
                [
                    0.3565626612868428,
                    0.9342714105526533
                ],
                [
                    -0.5211926177795992,
                    0.8534390752549642
                ],
                [
                    -0.5315273739709288,
                    0.8470411151293475
                ],
                [
                    -0.5557602104873705,
                    0.8313426420189414
                ],
                [
                    -0.7199258711080546,
                    0.694050963625373
                ],
                [
                    -0.732617866732363,
                    0.6806401849321868
                ],
                [
                    -0.8057022619977636,
                    0.5923207450458637
                ],
                [
                    -0.8217270022411459,
                    0.5698813330753866
                ],
                [
                    -0.9112101128068618,
                    0.4119419016299582
                ],
                [
                    -0.9891821984751548,
                    0.14669212051047462
                ]
            ]
        },
        {
            "Type": "F",
            "Centroid": {
                "x": 100642.74509294871,
                "y": 444093.93641666666
            },
            "Distances": [
                1.7984667860176127,
                3.475484044625589,
                3.7654530882659576,
                3.9107238376414726,
                4.7947864459734255,
                5.983103969822641,
                4.819622092449337,
                3.4451019129395664,
                5.203087950063898,
                3.20501495030714,
                7.110391873919106,
                8.239052709475024,
                6.08685858185847,
                4.278267024041701,
                9.687540821340574,
                4.882855554929501,
                9.8957609876263,
                10.568713989698585,
                9.512780839124485,
                9.249003611532025,
                9.85835291729483,
                2.7054782431285442,
                3.5789428300191073,
                3.7059760070643697,
                4.357180861812512,
                7.031541167514357,
                9.812560876769052,
                9.708517355507627,
                10.109987568043776,
                10.004929954555056,
                4.089701667504139,
                8.201173911327512,
                8.470694955940514,
                3.3955797829635186,
                3.6298881681965205,
                7.262501907726895,
                7.469335667832592,
                2.9991958257030924,
                2.2068843767105224
            ],