{
    "Pand ID": "0599100100007074",
    "Archetype ID": "D.2006-2014",
    "Construction Year": 2014,
    "Number of Floors": 3,
    "Wall Area": 335.49,
    "Roof Area (Flat)": 19.51,
    "Roof Area (Sloped)": 244.64,
    "Floor Area": 179.96,
    "Shared Wall Area": 0.0,
    "Absolute Height (70%)": 3.621898889541626,
    "Surfaces": [
        {
            "Type": "G",
            "Centroid": {
                "x": 100356.18385535714,
                "y": 445162.9062785714
            },
            "Distances": [
                5.659755220208708,
                9.092013890289891,
                8.835083811265564,
                9.23120324663078,
                8.178346810462072,
                8.224182447143177,
                9.668147543527757,
                9.334722480119662,
                7.585504025690938,
                6.270751703241186,
                6.1347056078690745,
                6.480168770559989,
                7.003082666787159,
                6.819245771728731,
                7.316961540201127,
                7.141724568286058,
                6.434014774893939,
                7.385076864532982,
                5.360550255175175,
                7.8674759146042135,
                7.3708228021940725,
                8.033377959410664,
                8.911115374112944,
                8.80253288118488,
                8.839661626283464,
                7.08555195420324,
                6.967738348684444,
                9.291587210834418,
                9.157530782866617,
                9.29181928882432,
                8.70482587234267,
                8.393114450643333,
                8.97776710286604,
                6.260551119844077,
                4.197183145014351
            ],
            "UnitPairs": [
                [
                    -0.9999624784014467,
                    -0.008662666404545154
                ],
                [
                    -0.9858699035559167,
                    -0.1675127853706917
                ],
                [
                    -0.8771329194705019,
                    -0.480247687741601
                ],
                [
                    -0.7489319292877183,
                    -0.6626469386433292
                ],
                [
                    -0.7212390222436112,
                    -0.6926862729931059
                ],
                [
                    -0.711018133989218,
                    -0.7031736721027674
                ],
                [
                    -0.4823615730055962,
                    -0.8759722101114662
                ],
                [
                    -0.4578114524827351,
                    -0.889049309080013
                ],
                [
                    -0.26465516995895366,
                    -0.9643431137380498
                ],
                [
                    0.06848575149694826,
                    -0.9976520945910444
                ],
                [
                    0.1379784454143584,
                    -0.9904352319061741
                ],
                [
                    0.15284434370729563,
                    -0.988250275282879
                ],
                [
                    0.17256074222685097,
                    -0.9849988782948529
                ],
                [
                    0.4694737878662574,
                    -0.8829464097591135
                ],
                [
                    0.7121066735450812,
                    -0.7020712823442925
                ],
                [
                    0.7189379951236631,
                    -0.695074211266371
                ],
                [
                    0.7496807687898084,
                    -0.6617996259493668
                ],
                [
                    0.8795381905973122,
                    -0.4758283002100717
                ],
                [
                    0.9882301052462271,
                    -0.15297470080059344
                ],
                [
                    0.9993620861624608,
                    0.03571303320937867
                ],
                [
                    0.962369783294755,
                    0.2717432615562092
                ],
                [
                    0.6581860295345277,
                    0.752855331737495
                ],
                [
                    0.5132306059164606,
                    0.8582507472473431
                ],
                [
                    0.5070650917291524,
                    0.8619077634815144
                ],
                [
                    0.4963376799175759,
                    0.8681295453410383
                ],
                [
                    0.3132370148720425,
                    0.9496749825672212
                ],
                [
                    0.29485279728322983,
                    0.955542687656734
                ],
                [
                    0.09787963264201507,
                    0.9951982604053647
                ],
                [
                    0.07168495071557923,
                    0.9974273245910726
                ],
                [
                    0.05838007886111531,
                    0.9982944287093712
                ],
                [
                    -0.09437786225595718,
                    0.9955364479093648
                ],
                [
                    -0.5708897317343196,
                    0.8210267439007797
                ],
                [
                    -0.735878173430951,
                    0.6771139592918812
                ],
                [
                    -0.853046761364883,
                    0.5218344784746256
                ],
                [
                    -0.9888877167737492,
                    0.14866433201679943
                ]
            ]
        },
        {
            "Type": "F",
            "Centroid": {
                "x": 100355.65947705696,
                "y": 445162.8468575949
            },