{
    "Pand ID": "0599100100015610",
    "Archetype ID": "D.2015-2018",
    "Construction Year": 2018,
    "Number of Floors": 2,
    "Wall Area": 230.85,
    "Roof Area (Flat)": 25.79,
    "Roof Area (Sloped)": 52.37,
    "Floor Area": 73.31,
    "Shared Wall Area": 0.0,
    "Absolute Height (70%)": 5.213914394378662,
    "Surfaces": [
        {
            "Type": "G",
            "Centroid": {
                "x": 95738.85375000001,
                "y": 436311.8429166667
            },
            "Distances": [
                1.762822147476083,
                4.061672696131051,
                3.946414143308778,
                9.197028329344766,
                8.493054795361695,
                8.49359615182232,
                3.6344445366486435,
                1.785203935162266,
                1.7202098002198019,
                2.020025310944018,
                8.255045331371834,
                7.6149692879843105
            ],
            "UnitPairs": [
                [
                    -0.9979736200396601,
                    -0.06362903193461533
                ],
                [
                    -0.6899251145167855,
                    -0.7238807473327359
                ],
                [
                    -0.6332964329771521,
                    -0.773909315086991
                ],
                [
                    0.7141165346889108,
                    -0.7000268386882761
                ],
                [
                    0.9760622296377446,
                    -0.21749143402579063
                ],
                [
                    0.9761177541042807,
                    -0.2172421002531853
                ],
                [
                    -0.08646438178972293,
                    0.9962549426134463
                ],
                [
                    -0.39785370512258433,
                    0.9174488701394927
                ],
                [
                    -0.43148806611577417,
                    0.9021186445250255
                ],
                [
                    -0.49962245251825155,
                    0.8662432712233022
                ],
                [
                    -0.7210438902596484,
                    0.6928893911146513
                ],
                [
                    -0.9664188681129422,
                    0.2569719271735721
                ]
            ]
        },
        {
            "Type": "F",
            "Centroid": {
                "x": 95738.6671923077,
                "y": 436311.6229807692
            },
            "Distances": [
                3.7737914205976844,
                3.5720900359340346,
                3.658060929385842,
                9.180798783411399,
                8.631692809823857,
                8.652372804494954,
                3.842891308594394,
                1.9301710152198455,
                1.8568683711998117,
                2.1346694019864607,
                8.277926449411842,
                7.495721394570519,
                1.576380443218991
            ],
            "UnitPairs": [
                [
                    -0.6931205295066634,
                    -0.7208217058166344
                ],
                [
                    -0.638475594048012,
                    -0.7696420699292873
                ],
                [
                    -0.6322180937759199,
                    -0.7747904761303809
                ],
                [
                    0.7356993494408347,
                    -0.6773082512655021
                ],
                [
                    0.9821141552504001,
                    -0.18828644682183818
                ],
                [
                    0.9845053934670723,
                    -0.17535429916099807
                ],
                [
                    -0.03322818613402856,
                    0.9994477913559279
                ],
                [
                    -0.27131912331018565,
                    0.962489445825871
                ],
                [
                    -0.29926316604533426,
                    0.9541706123375016
                ],
                [
                    -0.3853956527983559,
                    0.9227514241680308
                ],
                [
                    -0.6965140778819326,
                    0.7175431271444813
                ],
                [
                    -0.9569048701421274,
                    0.29040156593633976
                ],
                [
                    -0.9976603772600657,
                    0.06836498844659712
                ]
            ]
        },
        {
            "Type": "R",
            "Centroid": {
                "x": 95747.1435,
                "y": 436309.99575
            },
            "Distances": [
                0.0
            ],
            "UnitPairs": [
                [
                    0.0,
                    0.0
                ]
            ]
        }
    ],
    "Annual Heating [kWh/m2]": 150.55360247093353,
    "Annual Cooling [kWh/m2]": 0.20835258119159997
}