{
    "Pand ID": "0599100000211858",
    "Archetype ID": "D.1965",
    "Construction Year": 1957,
    "Number of Floors": 3,
    "Wall Area": 268.36,
    "Roof Area (Flat)": 24.54,
    "Roof Area (Sloped)": 99.7,
    "Floor Area": 104.58,
    "Shared Wall Area": 0.0,
    "Absolute Height (70%)": 7.317654609680176,
    "Surfaces": [
        {
            "Type": "G",
            "Centroid": {
                "x": 83763.381375,
                "y": 431772.821125
            },
            "Distances": [
                11.055013699249136,
                9.777845769428652,
                5.6185839533323705,
                7.58799778535366,
                3.1356399889987534,
                5.884525290163264,
                2.02124667978271,
                5.621225657331746
            ],
            "UnitPairs": [
                [
                    -0.9118487117461525,
                    -0.410526402180033
                ],
                [
                    -0.4233550106642871,
                    -0.9059638706623138
                ],
                [
                    0.9859245756599376,
                    -0.16719070282097623
                ],
                [
                    0.9766080868265238,
                    0.21502707909711521
                ],
                [
                    0.9569019436339348,
                    0.2904112089255476
                ],
                [
                    0.37224752923717974,
                    0.9281334909251012
                ],
                [
                    -0.17340782968565985,
                    0.9848501026063354
                ],
                [
                    -0.6351817588651042,
                    0.7723626953737686
                ]
            ]
        },
        {
            "Type": "F",
            "Centroid": {
                "x": 83762.24681617647,
                "y": 431771.37910294114
            },
            "Distances": [
                9.466639586931207,
                7.745542377121567,
                7.932623092476987,
                7.976135217623316,
                7.871537016990844,
                8.001997401987945,
                6.6929601258091616,
                9.081042701141005,
                3.6962115277078924,
                4.757484593519601,
                3.1991578963865206,
                3.3463513948090253,
                7.662660040314089,
                3.2930850740119553,
                3.5210529773673493,
                3.613997022859833,
                6.275697787254039
            ],
            "UnitPairs": [
                [
                    -0.9449964894426919,
                    -0.3270804716594805
                ],
                [
                    -0.7437750509877709,
                    -0.6684300064540332
                ],
                [
                    -0.7404790455807388,
                    -0.6720794469821542
                ],
                [
                    -0.3882759120763796,
                    -0.921543171045858
                ],
                [
                    -0.38543186291619647,
                    -0.9227362998435417
                ],
                [
                    -0.37552388803781844,
                    -0.9268127154463086
                ],
                [
                    0.9971759427924669,
                    0.07510085962194339
                ],
                [
                    0.940977716408234,
                    0.3384685173293744
                ],
                [
                    0.9271814661708128,
                    0.37461250484913317
                ],
                [
                    0.8691691464789914,
                    0.494514908581108
                ],
                [
                    0.5220307585979644,
                    0.8529266598469258
                ],
                [
                    0.5149067208536662,
                    0.8572462124849107
                ],
                [
                    0.4339300981683466,
                    0.9009465410908735
                ],
                [
                    0.383245131894498,
                    0.9236466688507943
                ],
                [
                    0.2226773719584737,
                    0.9748921930232427
                ],
                [
                    0.16797435628497004,
                    0.9857913651633646
                ],
                [
                    -0.3881546338037258,
                    0.9215942601040306
                ]
            ]
        },
        {
            "Type": "R",
            "Centroid": {
                "x": 83756.429375,
                "y": 431766.12475
            },
            "Distances": [
                0.09550523545428338,
                0.0955052354456746
            ],
            "UnitPairs": [
                [
                    -0.5915906048218594,
                    -0.8062385231967687
                ],
                [
                    0.5915906047228173,
                    0.8062385232694426
                ]
            ]
        }
    ],
    "Annual Heating [kWh/m2]": 281.6484676552302,
    "Annual Cooling [kWh/m2]": 1.2822055457081445
}