{
    "Pand ID": "0599100000600326",
    "Archetype ID": "D.1965",
    "Construction Year": 1926,
    "Number of Floors": 1,
    "Wall Area": 155.37,
    "Roof Area (Flat)": 96.74,
    "Roof Area (Sloped)": 13.58,
    "Floor Area": 110.22,
    "Shared Wall Area": 0.0,
    "Absolute Height (70%)": 0.9504417777061462,
    "Surfaces": [
        {
            "Type": "G",
            "Centroid": {
                "x": 97667.92472321428,
                "y": 437400.23975
            },
            "Distances": [
                1.744894412331899,
                9.132420494135925,
                10.308439181952977,
                6.733488042950057,
                8.383817537991424,
                4.244684668956732,
                6.068850239101036,
                4.078839043008409,
                6.201898368024514,
                3.1320420214849922,
                8.454740543208292,
                6.549117504016401,
                6.770694199175894,
                6.688069586635275
            ],
            "UnitPairs": [
                [
                    -0.9303059845928392,
                    -0.3667843713011068
                ],
                [
                    -0.49212426400646025,
                    -0.870524961604261
                ],
                [
                    0.8755655561834492,
                    -0.4830993239750675
                ],
                [
                    0.9602325339371887,
                    -0.27920150567030577
                ],
                [
                    0.9836466798508238,
                    -0.18010888156459992
                ],
                [
                    0.9981222672936315,
                    -0.06125307773998123
                ],
                [
                    0.9996480464520417,
                    0.026528912993497588
                ],
                [
                    0.9872206878625064,
                    0.15935907083150264
                ],
                [
                    -0.48489761292853156,
                    0.8745709262125124
                ],
                [
                    -0.7226230359455073,
                    0.6912423221424583
                ],
                [
                    -0.8446487124915938,
                    0.5353209808015122
                ],
                [
                    -0.9726937576507475,
                    0.23209233901029305
                ],
                [
                    -0.9757176324824294,
                    0.21903219321114167
                ],
                [
                    -0.9811927985000081,
                    0.1930302882236949
                ]
            ]
        },
        {
            "Type": "F",
            "Centroid": {
                "x": 97667.4374375,
                "y": 437400.53908333334
            },
            "Distances": [
                1.4740566851806363,
                9.171016816282943,
                10.879730210117089,
                7.286542580517587,
                8.919441860961458,
                4.756997979587742,
                6.5554597177595975,
                4.527600149201543,
                5.710744999078629,
                2.575827655539611,
                7.882919960978218,
                8.00633318761294,
                6.008303929649752,
                6.232433535777189,
                6.155406386071397
            ],
            "UnitPairs": [
                [
                    -0.770662357438034,
                    -0.6372436981469898
                ],
                [
                    -0.43691992723025497,
                    -0.8995004042184243
                ],
                [
                    0.8743782994876218,
                    -0.48524487569178393
                ],
                [
                    0.9542248498738847,
                    -0.29909018018511097
                ],
                [
                    0.9792092527923347,
                    -0.20285275262090344
                ],
                [
                    0.9930632765186455,
                    -0.11758115848235423
                ],
                [
                    0.9997773279344669,
                    -0.0211020034171502
                ],
                [
                    0.9969961682220623,
                    0.07745089121840511
                ],
                [
                    -0.44127342411728265,
                    0.8973727013720715
                ],
                [
                    -0.6894871231693357,
                    0.724297940756201
                ],
                [
                    -0.8441034582278414,
                    0.536180335155812
                ],
                [
                    -0.8520754557847813,
                    0.5234189695159673
                ],
                [
                    -0.9791448749738221,
                    0.20316326885659802
                ],
                [
                    -0.9817994792692177,
                    0.18992046363331405
                ],
                [
                    -0.9869372741568692,
                    0.16110498713512572
                ]
            ]
        },
        {
            "Type": "R",
            "Centroid": {
                "x": 97676.95043750001,
                "y": 437395.25974999997
            },
            "Distances": [
                0.0
            ],
            "UnitPairs": [
                [
                    0.0,
                    0.0
                ]
            ]
        }
    ],
    "Annual Heating [kWh/m2]": 643.4631233661529,
    "Annual Cooling [kWh/m2]": 2.3713547258837275
}