{
    "Pand ID": "0599100000346546",
    "Archetype ID": "D.1992-2005",
    "Construction Year": 1996,
    "Number of Floors": 2,
    "Wall Area": 236.4,
    "Roof Area (Flat)": 104.63,
    "Roof Area (Sloped)": 0.0,
    "Floor Area": 104.63,
    "Shared Wall Area": 0.0,
    "Absolute Height (70%)": 1.7030467987060547,
    "Surfaces": [
        {
            "Type": "G",
            "Centroid": {
                "x": 97013.07183333335,
                "y": 438254.79075
            },
            "Distances": [
                9.250325337008098,
                3.930271301943375,
                3.78965851673641,
                4.018131013307892,
                3.325318607311308,
                3.199480193251738,
                3.8668775310523897,
                2.2234885143912773,
                2.2068012688333822,
                6.276126937884156,
                6.215551383983643,
                10.428914541163852
            ],
            "UnitPairs": [
                [
                    -0.7763060294338232,
                    -0.6303562077624777
                ],
                [
                    0.40529432812269245,
                    -0.9141862543221568
                ],
                [
                    0.4454007291706614,
                    -0.8953313299858568
                ],
                [
                    0.6109598364324523,
                    -0.791661593274823
                ],
                [
                    0.6823155717063083,
                    -0.731057768310476
                ],
                [
                    0.8241703362368579,
                    -0.566341996383126
                ],
                [
                    0.9979412680286062,
                    0.06413443353969527
                ],
                [
                    0.6174606514824917,
                    0.7866017695573897
                ],
                [
                    0.5251567882527616,
                    0.8510054921985193
                ],
                [
                    0.006360079561203598,
                    0.999979774489452
                ],
                [
                    -0.03379962940700492,
                    0.9994286292937326
                ],
                [
                    -0.9282925174170096,
                    0.3718507793559012
                ]
            ]
        },
        {
            "Type": "F",
            "Centroid": {
                "x": 97013.25246428572,
                "y": 438255.0019642857
            },
            "Distances": [
                9.523822273580286,
                4.057905527512997,
                3.9066956423019836,
                4.259378943541926,
                4.084053534192826,
                3.367823266728596,
                3.182253219998167,
                3.6784696525421605,
                1.9458494617173239,
                1.9326710936125004,
                6.0664179109928575,
                6.109644926509716,
                6.013492067183476,
                10.521346212695736
            ],
            "UnitPairs": [
                [
                    -0.7729789651926772,
                    -0.6344316506682639
                ],
                [
                    0.34803316753393954,
                    -0.937482220789436
                ],
                [
                    0.38582112667646673,
                    -0.9225736058494747
                ],
                [
                    0.5442778736080626,
                    -0.8389049983762678
                ],
                [
                    0.556869711732864,
                    -0.8305998580270508
                ],
                [
                    0.6200698637949993,
                    -0.7845465977322512
                ],
                [
                    0.7718699752905449,
                    -0.6357804190480969
                ],
                [
                    0.9999499959828415,
                    0.010000276691929951
                ],
                [
                    0.6127327615777663,
                    0.7902901763841457
                ],
                [
                    0.5061832391029666,
                    0.8624259553441262
                ],
                [
                    -0.02319561358459453,
                    0.9997309455600712
                ],
                [
                    -0.024668256098061975,
                    0.9996956922689426
                ],
                [
                    -0.06497294439585938,
                    0.9978870259185318
                ],
                [
                    -0.9373053681867514,
                    0.348509177452041
                ]
            ]
        },
        {
            "Type": "R",
            "Centroid": {
                "x": 97013.07183333335,
                "y": 438254.79075
            },
            "Distances": [
                9.250325337008098,
                3.930271301943375,
                3.78965851673641,
                4.018131013307892,
                3.325318607311308,
                3.199480193251738,
                3.8668775310523897,
                2.2234885143912773,
                2.2068012688333822,
                6.276126937884156,
                6.215551383983643,
                10.428914541163852
            ],
            "UnitPairs": [
                [
                    -0.7763060294338232,
                    -0.6303562077624777
                ],
                [
                    0.40529432812269245,
                    -0.9141862543221568
                ],
                [
                    0.4454007291706614,
                    -0.8953313299858568
                ],
                [
                    0.6109598364324523,
                    -0.791661593274823
                ],
                [
                    0.6823155717063083,
                    -0.731057768310476
                ],
                [
                    0.8241703362368579,
                    -0.566341996383126
                ],
                [
                    0.9979412680286062,
                    0.06413443353969527
                ],
                [
                    0.6174606514824917,
                    0.7866017695573897
                ],
                [
                    0.5251567882527616,
                    0.8510054921985193
                ],
                [
                    0.006360079561203598,
                    0.999979774489452
                ],
                [
                    -0.03379962940700492,
                    0.9994286292937326
                ],
                [
                    -0.9282925174170096,
                    0.3718507793559012
                ]
            ]
        }
    ],
    "Annual Heating [kWh/m2]": 155.19748060690358,
    "Annual Cooling [kWh/m2]": 0.5072975773698849
}