{
    "Pand ID": "0599100000082602",
    "Archetype ID": "D.1965",
    "Construction Year": 1938,
    "Number of Floors": 4,
    "Wall Area": 224.03,
    "Roof Area (Flat)": 0.0,
    "Roof Area (Sloped)": 165.99,
    "Floor Area": 92.65,
    "Shared Wall Area": 0.0,
    "Absolute Height (70%)": 5.105767726898193,
    "Surfaces": [
        {
            "Type": "G",
            "Centroid": {
                "x": 97441.57764166666,
                "y": 437723.7167833334
            },
            "Distances": [
                5.409121039747532,
                9.106533070066186,
                8.43478125122069,
                9.336416330114638,
                5.733322407003211,
                3.3535494761411604,
                4.029029861181826,
                5.393243701342648,
                4.38380957865862,
                4.3270076213363335,
                4.969832413847972,
                5.683049441548983,
                5.121010865911512,
                5.567469469049995,
                5.304792432811563
            ],
            "UnitPairs": [
                [
                    -0.561878102620762,
                    -0.8272200419448821
                ],
                [
                    -0.2959706669842989,
                    -0.9551970290389671
                ],
                [
                    0.08177252175127578,
                    -0.9966510195080508
                ],
                [
                    0.5049831934036072,
                    -0.8631291759521833
                ],
                [
                    0.757106094021251,
                    -0.6532919426993452
                ],
                [
                    0.9788832270646953,
                    -0.20442022348928246
                ],
                [
                    0.9882610629661666,
                    -0.15277457715530662
                ],
                [
                    0.5176353022276088,
                    0.8556013638884244
                ],
                [
                    0.07498805033152481,
                    0.9971844324434054
                ],
                [
                    -0.03426540455800933,
                    0.9994127686048823
                ],
                [
                    -0.04190617496236599,
                    0.9991215504131735
                ],
                [
                    -0.5610133607768291,
                    0.8278067461852961
                ],
                [
                    -0.6108689765706619,
                    0.7917317054807849
                ],
                [
                    -0.6965941507584724,
                    0.7174653922866822
                ],
                [
                    -0.7246780558065069,
                    0.689087596342077
                ]
            ]
        },
        {
            "Type": "F",
            "Centroid": {
                "x": 97441.543875,
                "y": 437723.98068750004
            },
            "Distances": [
                5.6112227002360875,
                9.349270997871999,
                8.70057117040872,
                9.58181706104155,
                5.933956463995556,
                3.4497251798343616,
                4.1106751959269845,
                5.1875663192341674,
                4.123527123876849,
                4.062176518344953,
                4.704799697244315,
                3.9908344135145946,
                5.446968474870983,
                4.893290745147425,
                5.356983929093967,
                5.1012357758994495
            ],
            "UnitPairs": [
                [
                    -0.5356230113399078,
                    -0.844457216040676
                ],
                [
                    -0.2846746019671231,
                    -0.9586242073903936
                ],
                [
                    0.08315546023615769,
                    -0.9965365871020053
                ],
                [
                    0.4955740617605568,
                    -0.8685656850867088
                ],
                [
                    0.7371978588877762,
                    -0.6756769323066153
                ],
                [
                    0.96138092952248,
                    -0.27522119894821395
                ],
                [
                    0.9768468216542078,
                    -0.2139399145182406
                ],
                [
                    0.5446677355266774,
                    0.838651928917022
                ],
                [
                    0.0879101771610378,
                    0.9961284057547575
                ],
                [
                    -0.028186859801268404,
                    0.9996026715323161
                ],
                [
                    -0.03708978303804798,
                    0.9993119372819433
                ],
                [
                    -0.1269158144692567,
                    0.9919134922147219
                ],
                [
                    -0.5791294762503484,
                    0.8152355792885865
                ],
                [
                    -0.6323965121171823,
                    0.7746448550542517
                ],
                [
                    -0.7176612905495022,
                    0.6963923262406205
                ],
                [
                    -0.7469758637719507,
                    0.6648511554792907
                ]
            ]
        },
        {
            "Type": "R",
            "Centroid": {
                "x": 97441.037375,
                "y": 437727.93925
            },
            "Distances": [
                0.0
            ],
            "UnitPairs": [
                [
                    0.0,
                    0.0
                ]
            ]
        }
    ],
    "Annual Heating [kWh/m2]": 212.5064819427355,
    "Annual Cooling [kWh/m2]": 1.102136830431335
}