{
    "Pand ID": "0599100000684218",
    "Archetype ID": "D.1965",
    "Construction Year": 1937,
    "Number of Floors": 3,
    "Wall Area": 527.58,
    "Roof Area (Flat)": 58.31,
    "Roof Area (Sloped)": 214.21,
    "Floor Area": 244.41,
    "Shared Wall Area": 27.08,
    "Absolute Height (70%)": 6.499536037445068,
    "Surfaces": [
        {
            "Type": "G",
            "Centroid": {
                "x": 92793.96732065217,
                "y": 440044.0923152174
            },
            "Distances": [
                12.95298224931769,
                11.414419956093116,
                8.916639139424186,
                8.949589882501696,
                8.760817312169575,
                9.35901944299869,
                9.166158840600907,
                10.551216848206506,
                4.858394306611167,
                4.841096150036708,
                7.041860875249102,
                6.5936761913589965,
                9.188853925010482,
                8.762023139597353,
                10.235917576308756,
                10.016867026207889,
                9.97074931434352,
                10.495967711173023,
                10.872029292320274,
                12.840722569522955,
                7.519318096038343,
                9.408503150996134,
                7.609308882729102
            ],
            "UnitPairs": [
                [
                    -0.845110063571751,
                    -0.5345923497860319
                ],
                [
                    -0.7645325549376765,
                    -0.6445851165210602
                ],
                [
                    -0.11873258921934085,
                    -0.9929262672813481
                ],
                [
                    -0.07907576340977703,
                    -0.9968686090158326
                ],
                [
                    -0.07587142026518383,
                    -0.9971176097065702
                ],
                [
                    0.12419082521530646,
                    -0.992258352916387
                ],
                [
                    0.13313148605186573,
                    -0.991098384330043
                ],
                [
                    0.36709551168979465,
                    -0.9301832536103882
                ],
                [
                    0.6140515074638513,
                    -0.7892659540239727
                ],
                [
                    0.6181047132912578,
                    -0.78609577241398
                ],
                [
                    0.7674540073385504,
                    -0.6411040060863763
                ],
                [
                    0.7867089916606447,
                    0.6173240335838964
                ],
                [
                    0.6523451560728447,
                    0.7579220259025963
                ],
                [
                    0.5540163807493882,
                    0.8325057656625262
                ],
                [
                    0.5133203065250831,
                    0.8581971002683443
                ],
                [
                    0.41742636064674454,
                    0.9087107534508513
                ],
                [
                    0.3844549919954123,
                    0.9231437369823875
                ],
                [
                    0.37865058822606595,
                    0.9255396977094253
                ],
                [
                    -0.010457629308102356,
                    0.9999453174995393
                ],
                [
                    -0.34006619397938725,
                    0.9404015013346021
                ],
                [
                    -0.983958326762039,
                    0.17839846186458172
                ],
                [
                    -0.9943872582084158,
                    0.1058016101614214
                ],
                [
                    -0.9955826171493782,
                    0.09388957572592771
                ]
            ]
        },
        {
            "Type": "F",
            "Centroid": {
                "x": 92794.06549734043,
                "y": 440044.1101968085
            },
            "Distances": [
                3.6311877874631397,
                13.045565250506973,
                11.50111244402775,
                6.207989420232191,
                6.849145966583259,
                1.8067871282065937,
                5.417928215852206,
                3.17688890421097,
                1.5628633443235806,
                8.946559231807166,
                8.975697157977885,
                7.1302162229390245,
                8.786626499224901,
                5.130856933856095,
                3.700718924290729,
                9.365100004196062,
                9.171352593082775,
                3.345933874536965,
                2.5584250023437245,
                10.532264670454039,
                3.5945259183636753,
                4.335519292428702,
                4.631309538969133,
                4.813035219548293,
                4.7952810561348125,
                6.978399874742482,
                6.505567439151778,
                9.111472033643315,
                8.693041853265674,
                5.453173074211255,
                10.170452659575812,
                5.697668246744401,
                5.815667822008929,
                9.389005438858561,
                9.959971795817625,
                9.916851222675426,
                7.9266028651679115,
                10.442581549988745,
                8.539433571772934,
                7.917131636124514,
                6.601295640332796,
                10.855620975727545,
                12.85766985040483,
                7.61281077785607,
                9.504278640235473,
                7.705420367877646,
                7.694925316083783
            ],