{
    "Pand ID": "0599100000060767",
    "Archetype ID": "D.1965",
    "Construction Year": 1915,
    "Number of Floors": 3,
    "Wall Area": 388.58,
    "Roof Area (Flat)": 102.11,
    "Roof Area (Sloped)": 5.75,
    "Floor Area": 107.77,
    "Shared Wall Area": 0.0,
    "Absolute Height (70%)": 7.081705093383789,
    "Surfaces": [
        {
            "Type": "G",
            "Centroid": {
                "x": 94438.8196875,
                "y": 440767.39225000003
            },
            "Distances": [
                10.32874897132894,
                8.123370224987452,
                8.30712229432796,
                8.020686554936377,
                8.136920136812813,
                4.197939174472063,
                3.9738572964314285,
                4.146903340126425,
                4.080817848467681,
                6.408843913866396,
                5.974538125432663,
                4.060677937560586,
                3.3671777221431545,
                3.4503344493609442,
                4.930429830400924,
                4.876894792021603
            ],
            "UnitPairs": [
                [
                    -0.3870991550963949,
                    -0.9220380925556477
                ],
                [
                    -0.03462232942860048,
                    -0.9994004674328192
                ],
                [
                    0.7223620632266105,
                    -0.6915150393237984
                ],
                [
                    0.7326991224185079,
                    -0.6805527136138304
                ],
                [
                    0.7513592240317596,
                    -0.6598934129557533
                ],
                [
                    0.49208669162497765,
                    0.8705462009138768
                ],
                [
                    0.4506326892030651,
                    0.8927094596908972
                ],
                [
                    0.4460557308172285,
                    0.8950051871386602
                ],
                [
                    0.427304051481616,
                    0.90410798447276
                ],
                [
                    0.13914366022642646,
                    0.9902722059205705
                ],
                [
                    -0.63088558828547,
                    0.7758758757002929
                ],
                [
                    -0.7511676736994912,
                    0.6601114496726251
                ],
                [
                    -0.8224246619911028,
                    0.568874041725249
                ],
                [
                    -0.8408605144155519,
                    0.5412518778690875
                ],
                [
                    -0.9711627920295187,
                    0.23841734705643705
                ],
                [
                    -0.9791578870644517,
                    0.20310054701915084
                ]
            ]
        },
        {
            "Type": "F",
            "Centroid": {
                "x": 94438.91898295455,
                "y": 440767.2376136364
            },
            "Distances": [
                10.225726604477003,
                7.6799351884303775,
                7.972950448963566,
                8.128575596363016,
                7.842827965608472,
                8.243480164681744,
                7.96043128390171,
                4.286777731116983,
                4.308422380287329,
                4.179303187597177,
                4.070237355980609,
                4.243948809492686,
                4.181102143452323,
                6.549256310812899,
                6.157195003871156,
                4.237644955712116,
                3.537515736895651,
                3.618329517584739,
                3.5133128173300587,
                5.065309794684159,
                4.9403424934263604,
                5.007247814888626
            ],
            "UnitPairs": [
                [
                    -0.4007094667249462,
                    -0.9162051753166478
                ],
                [
                    -0.0685611846487292,
                    -0.9976469134716766
                ],
                [
                    -0.04772956473100272,
                    -0.9988602948613929
                ],
                [
                    0.7260133679627874,
                    -0.6876805868565218
                ],
                [
                    0.736654504061494,
                    -0.6762692819032329
                ],
                [
                    0.7450074995944902,
                    -0.6670560887571341
                ],
                [
                    0.7555438054739765,
                    -0.6550981285348798
                ],
                [
                    0.458725567034607,
                    0.8885779955348762
                ],
                [
                    0.4529394690704404,
                    0.8915412706982148
                ],
                [
                    0.42649562987900275,
                    0.9044896227675101
                ],
                [
                    0.4155665622212158,
                    0.909562769886521
                ],
                [
                    0.4124589206972223,
                    0.9109762009719478
                ],
                [
                    0.3933064749525651,
                    0.9194074269660798
                ],
                [
                    0.12099916507100074,
                    0.992652608948428
                ],
                [
                    -0.6282967247449861,
                    0.7779737949794474
                ],
                [
                    -0.7432301401998531,
                    0.669035842611221
                ],
                [
                    -0.8108926342376451,
                    0.585194955326114
                ],
                [
                    -0.8292626307150468,
                    0.5588590961052347
                ],
                [
                    -0.8429495489082426,
                    0.5379926189041913
                ],
                [
                    -0.964905534440945,
                    0.26259723838082205
                ],
                [
                    -0.9712981358936993,
                    0.23786536361863383
                ],
                [
                    -0.9734979443294854,
                    0.22869576381355675
                ]
            ]
        },
        {
            "Type": "R",
            "Centroid": {
                "x": 94439.63054861111,
                "y": 440765.8238611112
            },
            "Distances": [
                9.295770138617677,
                6.6614450903733,
                6.38718989006399,
                6.524498160589437,
                5.371528131616763,
                5.208886767577003,
                5.05817174062213,
                4.94038733546146,
                6.235300431327838
            ],