{
    "Pand ID": "0599100000131471",
    "Archetype ID": "D.1965",
    "Construction Year": 1961,
    "Number of Floors": 2,
    "Wall Area": 358.56,
    "Roof Area (Flat)": 171.38,
    "Roof Area (Sloped)": 0.0,
    "Floor Area": 171.38,
    "Shared Wall Area": 0.0,
    "Absolute Height (70%)": 1.1181918382644653,
    "Surfaces": [
        {
            "Type": "G",
            "Centroid": {
                "x": 94671.880725,
                "y": 441761.334
            },
            "Distances": [
                8.94278626936026,
                8.967803134492257,
                10.62527280868396,
                9.576646399370132,
                10.279527569893991,
                7.997740572239806,
                9.923657806541806,
                9.774182925479858,
                2.4984980008572584,
                5.6476651689125825
            ],
            "UnitPairs": [
                [
                    -0.8252573390108321,
                    -0.5647568719446984
                ],
                [
                    -0.4024508506570636,
                    -0.9154415944261033
                ],
                [
                    -0.05271394062749182,
                    -0.998609653700344
                ],
                [
                    0.038625212269451065,
                    -0.999253768057514
                ],
                [
                    0.9797045566083281,
                    0.20044695498031234
                ],
                [
                    0.7039363116554838,
                    0.7102630985296038
                ],
                [
                    0.05339764936869558,
                    0.9985733278242003
                ],
                [
                    0.042141629959949224,
                    0.9991116469265677
                ],
                [
                    -0.6044031251901668,
                    0.7966786442853602
                ],
                [
                    -0.6999529684866134,
                    0.7141889399219075
                ]
            ]
        },
        {
            "Type": "F",
            "Centroid": {
                "x": 94671.49898863636,
                "y": 441761.7195
            },
            "Distances": [
                8.86155683763314,
                9.180953166249674,
                10.997446503004031,
                9.983335225379822,
                10.58599225157671,
                8.011042177457547,
                9.567531387989392,
                9.413514682507222,
                1.96194533461055,
                5.105148599507529,
                5.425245628775058
            ],
            "UnitPairs": [
                [
                    -0.7897442587786339,
                    -0.6134362279211967
                ],
                [
                    -0.35152816683916266,
                    -0.9361773058126851
                ],
                [
                    -0.01621864096411948,
                    -0.9998684691924619
                ],
                [
                    0.07528910395875091,
                    -0.9971617475741277
                ],
                [
                    0.9874026085823712,
                    0.1582279639151331
                ],
                [
                    0.7504187633101873,
                    0.6609626915885713
                ],
                [
                    0.09528438702449382,
                    0.9954500919631112
                ],
                [
                    0.08430818779246675,
                    0.9964397269635279
                ],
                [
                    -0.5751249112095969,
                    0.8180656064804053
                ],
                [
                    -0.6995611521885554,
                    0.7145727355200595
                ],
                [
                    -0.7036296414152159,
                    0.710566905872976
                ]
            ]
        },
        {
            "Type": "R",
            "Centroid": {
                "x": 94671.880725,
                "y": 441761.334
            },
            "Distances": [
                8.94278626936026,
                8.967803134492257,
                10.62527280868396,
                9.576646399370132,
                10.279527569893991,
                7.997740572239806,
                9.923657806541806,
                9.774182925479858,
                2.4984980008572584,
                5.6476651689125825
            ],
            "UnitPairs": [
                [
                    -0.8252573390108321,
                    -0.5647568719446984
                ],
                [
                    -0.4024508506570636,
                    -0.9154415944261033
                ],
                [
                    -0.05271394062749182,
                    -0.998609653700344
                ],
                [
                    0.038625212269451065,
                    -0.999253768057514
                ],
                [
                    0.9797045566083281,
                    0.20044695498031234
                ],
                [
                    0.7039363116554838,
                    0.7102630985296038
                ],
                [
                    0.05339764936869558,
                    0.9985733278242003
                ],
                [
                    0.042141629959949224,
                    0.9991116469265677
                ],
                [
                    -0.6044031251901668,
                    0.7966786442853602
                ],
                [
                    -0.6999529684866134,
                    0.7141889399219075
                ]
            ]
        }
    ],
    "Annual Heating [kWh/m2]": 350.48282045399475,
    "Annual Cooling [kWh/m2]": 1.4761571692032727
}