{
    "Pand ID": "0599100015001932",
    "Archetype ID": "D.1975-1991",
    "Construction Year": 1990,
    "Number of Floors": 2,
    "Wall Area": 187.12,
    "Roof Area (Flat)": 22.15,
    "Roof Area (Sloped)": 117.67,
    "Floor Area": 83.51,
    "Shared Wall Area": 0.0,
    "Absolute Height (70%)": 7.470837116241455,
    "Surfaces": [
        {
            "Type": "G",
            "Centroid": {
                "x": 76657.838125,
                "y": 435918.65575000003
            },
            "Distances": [
                9.19399513609565,
                6.269650832604188,
                5.474960416519133,
                2.383410804394775,
                6.752351965237521,
                4.063294422320914,
                1.23029937921599,
                7.174465245743112
            ],
            "UnitPairs": [
                [
                    -0.9253866109412218,
                    -0.37902456423129066
                ],
                [
                    0.0689033586614043,
                    -0.997623339324606
                ],
                [
                    0.9868564499003754,
                    -0.16159934186136973
                ],
                [
                    0.9998276401229752,
                    0.01856583006823245
                ],
                [
                    0.9436711878775539,
                    0.33088470676319653
                ],
                [
                    0.15332386365358802,
                    0.988175992844562
                ],
                [
                    -0.2007641425946487,
                    0.9796396067167944
                ],
                [
                    -0.9001367737937682,
                    0.43560737879901257
                ]
            ]
        },
        {
            "Type": "F",
            "Centroid": {
                "x": 76658.12034722221,
                "y": 435917.79261111113
            },
            "Distances": [
                9.172832252571583,
                5.393691106862155,
                2.521621475817018,
                2.580790658481948,
                2.427319275911379,
                2.486637998177067,
                2.312970668161817,
                2.371602899247163,
                5.120823380031086,
                2.2883666374295957,
                6.8322186229512525,
                2.7181715015202452,
                2.456545469777631,
                4.890276847498455,
                2.485641003956517,
                2.1350196149521206,
                7.831847900326228,
                7.8435811605936925
            ],
            "UnitPairs": [
                [
                    -0.9582887793193832,
                    -0.2858017064864494
                ],
                [
                    0.027769068494390172,
                    -0.9996143650603235
                ],
                [
                    0.4004478021259901,
                    -0.9163195718593289
                ],
                [
                    0.42458995043978603,
                    -0.9053857597651622
                ],
                [
                    0.4333083777744866,
                    -0.9012457210719188
                ],
                [
                    0.4563502120600249,
                    -0.889800249467694
                ],
                [
                    0.4772121812764475,
                    -0.878788105314003
                ],
                [
                    0.49872505137993633,
                    -0.8667602454693454
                ],
                [
                    0.9999910947413707,
                    -0.004220241456961226
                ],
                [
                    0.9180249980154689,
                    0.3965225126253217
                ],
                [
                    0.8913323934525708,
                    0.45335037706183917
                ],
                [
                    0.8412926765318199,
                    0.5405799038198947
                ],
                [
                    0.6646641789719193,
                    0.7471422416056962
                ],
                [
                    0.06968476190667529,
                    0.9975690622498323
                ],
                [
                    -0.1654391046667288,
                    0.9862200072230695
                ],
                [
                    -0.24787698366488084,
                    0.968791515739687
                ],
                [
                    -0.8606170993099371,
                    0.5092525978091323
                ],
                [
                    -0.9981693389693939,
                    0.060481160218726224
                ]
            ]
        },
        {
            "Type": "R",
            "Centroid": {
                "x": 76650.29112499999,
                "y": 435918.267
            },
            "Distances": [
                0.0
            ],
            "UnitPairs": [
                [
                    0.0,
                    0.0
                ]
            ]
        }
    ],
    "Annual Heating [kWh/m2]": 328.47671882044773,
    "Annual Cooling [kWh/m2]": 1.1600879155299932
}