{
    "Pand ID": "0599100000232904",
    "Archetype ID": "D.1965",
    "Construction Year": 1964,
    "Number of Floors": 3,
    "Wall Area": 362.96,
    "Roof Area (Flat)": 95.38,
    "Roof Area (Sloped)": 103.15,
    "Floor Area": 169.92,
    "Shared Wall Area": 0.0,
    "Absolute Height (70%)": 8.294413566589355,
    "Surfaces": [
        {
            "Type": "G",
            "Centroid": {
                "x": 68584.27922916667,
                "y": 444871.3518333333
            },
            "Distances": [
                7.436844479027025,
                8.233513333037322,
                7.808583000262446,
                10.801663227115831,
                9.151668926423227,
                5.550536923480315,
                7.984389048160033,
                3.395748587895668,
                5.342971564514103,
                13.224324928186098,
                4.125270593833396,
                11.282033333530645
            ],
            "UnitPairs": [
                [
                    -0.6223965930341235,
                    -0.7827020384408844
                ],
                [
                    -0.19538034391857165,
                    -0.9807275468805089
                ],
                [
                    -0.16631271853365168,
                    -0.9860730599980644
                ],
                [
                    0.2269403592566206,
                    -0.9739086575960171
                ],
                [
                    0.9823709102257395,
                    -0.18694222300553753
                ],
                [
                    0.9855503005826151,
                    0.16938301278911366
                ],
                [
                    0.9094413222514137,
                    0.4158322755409931
                ],
                [
                    0.5481363785201919,
                    0.8363889708399848
                ],
                [
                    -0.2374458952947551,
                    0.971400765290862
                ],
                [
                    -0.3716383780157124,
                    0.9283775718886419
                ],
                [
                    -0.7974426384493049,
                    0.6033947616469763
                ],
                [
                    -0.8000035454463357,
                    0.5999952727091211
                ]
            ]
        },
        {
            "Type": "F",
            "Centroid": {
                "x": 68585.93499107144,
                "y": 444870.40507142857
            },
            "Distances": [
                1.4299139995017187,
                6.242774821730419,
                7.953025509838262,
                3.8127613038441,
                7.840018889566378,
                7.37106653769022,
                6.2411451138284875,
                2.732890498099807,
                1.533081552296678,
                2.2963469536719785,
                9.60607258324329,
                8.685241482981194,
                7.316824353317746,
                7.17755653131411,
                7.23203254695162,
                4.339506626359757,
                4.255755469638232,
                4.376211592571412,
                4.82927997178873,
                7.044793146329196,
                4.040029125069494,
                4.832567364398866,
                3.7925041354249243,
                3.9449323065032114,
                6.798100820116962,
                14.766273005568422,
                13.176815626161606,
                6.021865898805832
            ],
            "UnitPairs": [
                [
                    -0.8667853953956903,
                    -0.4986813394631251
                ],
                [
                    -0.8344732463050952,
                    -0.5510484563094574
                ],
                [
                    -0.7901934381656458,
                    -0.6128575122163028
                ],
                [
                    -0.6899011928117789,
                    -0.7239035461695741
                ],
                [
                    -0.4163801921164327,
                    -0.9091905936672918
                ],
                [
                    -0.4008142588768749,
                    -0.9161593365135682
                ],
                [
                    -0.3008147603028572,
                    -0.9536825886970647
                ],
                [
                    -0.05284828336122067,
                    -0.9986025530438885
                ],
                [
                    0.0036341371152882385,
                    -0.9999933965019105
                ],
                [
                    0.015490441682569066,
                    -0.9998800159101485
                ],
                [
                    0.08281963535767436,
                    -0.9965645528510544
                ],
                [
                    0.1795656956245986,
                    -0.9837459839586915
                ],
                [
                    0.9931318667330874,
                    -0.11700040717558746
                ],
                [
                    0.9945684715163954,
                    -0.10408436705644616
                ],
                [
                    0.9957880280284109,
                    -0.09168534907655038
                ],
                [
                    0.9122169337219608,
                    0.4097075369466661
                ],
                [
                    0.8963323799447668,
                    0.4433827518775967
                ],
                [
                    0.8901698069586232,
                    0.45562892223743606
                ],
                [
                    0.8667071391623367,
                    0.4988173362314485
                ],
                [
                    0.7957041906165986,
                    0.6056854307602122
                ],
                [
                    0.6152360172708249,
                    0.7883429729836711
                ],
                [
                    0.11951647747841108,
                    0.9928322172508064
                ],
                [
                    0.0542046682683503,
                    0.9985298462929979
                ],
                [
                    -0.0013760873462109768,
                    0.9999990531913595
                ],
                [
                    -0.4301831715680979,
                    0.9027416235554957
                ],
                [
                    -0.4449618782581922,
                    0.8955495111365657
                ],
                [
                    -0.8106229057518414,
                    0.5855685311476713
                ],
                [
                    -0.8212452177674151,
                    0.5705754045646824
                ]
            ]
        },
        {
            "Type": "R",
            "Centroid": {
                "x": 68584.0575625,
                "y": 444864.453
            },
            "Distances": [
                0.0
            ],
            "UnitPairs": [
                [
                    0.0,
                    0.0
                ]
            ]
        }
    ],
    "Annual Heating [kWh/m2]": 263.62573728464014,
    "Annual Cooling [kWh/m2]": 1.1226339867001176
}