{
    "Pand ID": "0599100000194237",
    "Archetype ID": "D.1965",
    "Construction Year": 1932,
    "Number of Floors": 3,
    "Wall Area": 213.12,
    "Roof Area (Flat)": 4.58,
    "Roof Area (Sloped)": 142.37,
    "Floor Area": 68.87,
    "Shared Wall Area": 0.0,
    "Absolute Height (70%)": 7.281253337860107,
    "Surfaces": [
        {
            "Type": "G",
            "Centroid": {
                "x": 96632.9399861111,
                "y": 433062.9315
            },
            "Distances": [
                2.8694107478855573,
                3.854312279932799,
                4.016406663266012,
                4.049883638379242,
                4.183064365360271,
                5.029170048177415,
                4.294268174124823,
                3.2894558375013325,
                5.923467550175374,
                5.966542739511287,
                5.809120590955366,
                4.2062978887656195,
                5.65147701795093,
                6.701149730209216,
                6.878237002503752,
                5.875189797039192,
                6.128562395878991,
                3.296209748599677
            ],
            "UnitPairs": [
                [
                    -0.9437864945265757,
                    -0.3305556726925708
                ],
                [
                    -0.9257452048401701,
                    -0.37814787546068745
                ],
                [
                    -0.6478704297806513,
                    -0.7617505538008057
                ],
                [
                    -0.6314036005560696,
                    -0.7754543785451412
                ],
                [
                    -0.5725733342625398,
                    -0.819853509409747
                ],
                [
                    -0.3177683585549802,
                    -0.9481683765562283
                ],
                [
                    0.5732964940868417,
                    -0.8193479907022022
                ],
                [
                    0.5930734398847423,
                    -0.8051483682547453
                ],
                [
                    0.9636060028259389,
                    -0.26732652565321036
                ],
                [
                    0.9683813794944666,
                    -0.24947445530232967
                ],
                [
                    0.968457927635057,
                    -0.24917713057343469
                ],
                [
                    0.8979128413573101,
                    0.4401732946529607
                ],
                [
                    0.2912316344337891,
                    0.9566525676048875
                ],
                [
                    0.1353333271771462,
                    0.9908001264408295
                ],
                [
                    0.11512963112610893,
                    0.9933504759332258
                ],
                [
                    -0.800333482582116,
                    0.5995550989341863
                ],
                [
                    -0.8516044667525718,
                    0.5241849217662291
                ],
                [
                    -0.9999700754806173,
                    0.007736158173689417
                ]
            ]
        },
        {
            "Type": "F",
            "Centroid": {
                "x": 96633.21472115385,
                "y": 433063.1701153846
            },
            "Distances": [
                3.5772000813065965,
                3.2103915826524076,
                4.200508773971182,
                4.37650647016716,
                4.408829030653747,
                4.53686554356105,
                5.345910323876641,
                1.5098675051809023,
                1.3574390050268517,
                1.4940372377532392,
                3.338401857189889,
                4.347362184136103,
                5.730555399847573,
                5.801511861849269,
                5.610510901459577,
                5.7678097928135275,
                3.855707243109968,
                2.590793930586134,
                5.346690029125762,
                4.041591989063293,
                6.432024746884124,
                6.614133535227348,
                1.9335172908403278,
                5.962624909078294,
                5.620342191073775,
                6.24710615148972
            ],
            "UnitPairs": [
                [
                    -0.9982237707418009,
                    -0.059576031472569305
                ],
                [
                    -0.9291222198483217,
                    -0.36977276885153004
                ],
                [
                    -0.9148525477840884,
                    -0.4037880828020587
                ],
                [
                    -0.6573384898358721,
                    -0.753595454989144
                ],
                [
                    -0.6423125356345335,
                    -0.7664428266783742
                ],
                [
                    -0.5884781306007422,
                    -0.8085131352084862
                ],
                [
                    -0.35033250473563426,
                    -0.9366253979717062
                ],
                [
                    0.37099536497517827,
                    -0.9286347178341623
                ],
                [
                    0.37729418724699226,
                    -0.926093459792062
                ],
                [
                    0.4806800178719326,
                    -0.8768960716177481
                ],
                [
                    0.5020827083873561,
                    -0.8648196077439602
                ],
                [
                    0.5030990640998336,
                    -0.8642287496385848
                ],
                [
                    0.9481024904297382,
                    -0.3179648842890178
                ],
                [
                    0.9525368520728325,
                    -0.30442329977053156
                ],
                [
                    0.9537730057264633,
                    -0.3005279580130738
                ],
                [
                    0.9541150009843898,
                    -0.29944041961057594
                ],
                [
                    0.908303879243543,
                    0.4183109644165822
                ],
                [
                    0.8750807308054461,
                    0.48397697731711004
                ],
                [
                    0.25644910003777827,
                    0.9665577370699661
                ],
                [
                    0.15319553478382664,
                    0.9881958956210541
                ],
                [
                    0.09828224719674819,
                    0.99515858027048
                ],
                [
                    0.07818920549293874,
                    0.9969385377967805
                ],
                [
                    -0.22955375468049927,
                    0.9732959846378105
                ],
                [
                    -0.8346736931700097,
                    0.5507447920134483
                ],
                [
                    -0.8565041042353805,
                    0.5161402129537559
                ],
                [
                    -0.8794225711283745,
                    0.47604195339272254
                ]
            ]
        },
        {
            "Type": "R",
            "Centroid": {
                "x": 96634.164875,
                "y": 433062.7
            },
            "Distances": [
                0.0
            ],
            "UnitPairs": [
                [
                    0.0,
                    0.0
                ]
            ]
        }
    ],
    "Annual Heating [kWh/m2]": 306.033613560138,
    "Annual Cooling [kWh/m2]": 1.6096631414155014
}