{
    "Pand ID": "0599100110000640",
    "Archetype ID": "D.2015-2018",
    "Construction Year": 2020,
    "Number of Floors": 3,
    "Wall Area": 245.52,
    "Roof Area (Flat)": 40.39,
    "Roof Area (Sloped)": 201.79,
    "Floor Area": 155.94,
    "Shared Wall Area": 0.0,
    "Absolute Height (70%)": 1.6912089586257935,
    "Surfaces": [
        {
            "Type": "G",
            "Centroid": {
                "x": 99635.44762499999,
                "y": 443485.75141666667
            },
            "Distances": [
                8.312108773128594,
                5.280919325567667,
                5.363529101559651,
                6.980201340725024,
                5.084064655712724,
                8.704766544261902,
                5.616601708983617,
                2.7963579450876845,
                2.422516410084033,
                9.781692274721738,
                9.86088056870066,
                11.779243690643916
            ],
            "UnitPairs": [
                [
                    -0.33715872547898024,
                    -0.9414478179025059
                ],
                [
                    0.15461323108037558,
                    -0.9879750749765333
                ],
                [
                    0.16229985584517645,
                    -0.9867414842767253
                ],
                [
                    0.7675280036343951,
                    -0.6410154160681318
                ],
                [
                    0.8248321537957745,
                    -0.5653776773667526
                ],
                [
                    0.9658501416724733,
                    -0.2591013389221741
                ],
                [
                    0.6538651288245183,
                    0.7566111242291486
                ],
                [
                    0.4539833687026867,
                    0.8910101575971849
                ],
                [
                    0.3812151678974134,
                    0.9244863415783636
                ],
                [
                    -0.40407118614982757,
                    0.9147275422351027
                ],
                [
                    -0.7677306247898935,
                    0.640772727072337
                ],
                [
                    -0.9495940735886802,
                    0.3134822090729488
                ]
            ]
        },
        {
            "Type": "F",
            "Centroid": {
                "x": 99636.18735576923,
                "y": 443484.47500000003
            },
            "Distances": [
                7.44558928645035,
                7.494916968267305,
                3.941747647265722,
                4.018128493682072,
                5.617027387225567,
                3.805538844811109,
                4.185057592571677,
                7.730014616811751,
                6.256022007714538,
                3.8050597153958594,
                3.520799217535277,
                11.24932022797743,
                12.919059172377105
            ],
            "UnitPairs": [
                [
                    -0.4757488807073211,
                    -0.8795811517453811
                ],
                [
                    -0.46381177856426625,
                    -0.8859337639265432
                ],
                [
                    0.01947593748412058,
                    -0.999810325941433
                ],
                [
                    0.032544810591713935,
                    -0.9994702773487311
                ],
                [
                    0.8221019611316482,
                    -0.5693402897244298
                ],
                [
                    0.9075637831087336,
                    -0.41991425266280663
                ],
                [
                    0.9660008593268686,
                    -0.25853885545455524
                ],
                [
                    0.9919475720110931,
                    -0.12664917836803172
                ],
                [
                    0.46879138646564616,
                    0.8833089131077628
                ],
                [
                    0.13922757338640787,
                    0.990260411613497
                ],
                [
                    0.05219531686006862,
                    0.9986368954218932
                ],
                [
                    -0.4171123831619775,
                    0.9088549168117734
                ],
                [
                    -0.9230726951645786,
                    0.3846255314479278
                ]
            ]
        },
        {
            "Type": "R",
            "Centroid": {
                "x": 99627.877125,
                "y": 443492.07
            },
            "Distances": [
                0.0
            ],
            "UnitPairs": [
                [
                    0.0,
                    0.0
                ]
            ]
        }
    ],
    "Annual Heating [kWh/m2]": 93.15402195536872,
    "Annual Cooling [kWh/m2]": 0.19982540349446748
}