{
    "Pand ID": "0599100000351125",
    "Archetype ID": "D.1992-2005",
    "Construction Year": 1998,
    "Number of Floors": 3,
    "Wall Area": 431.92,
    "Roof Area (Flat)": 128.24,
    "Roof Area (Sloped)": 0.0,
    "Floor Area": 125.62,
    "Shared Wall Area": 0.0,
    "Absolute Height (70%)": 4.8421430587768555,
    "Surfaces": [
        {
            "Type": "G",
            "Centroid": {
                "x": 96218.69776785714,
                "y": 437810.5747857143
            },
            "Distances": [
                9.301731102081032,
                6.588319799557157,
                7.889673571623656,
                8.639308937897392,
                3.8809092172130586,
                3.4223006978514263,
                3.4839711427420905,
                3.6902271990456676,
                7.535567420664291,
                6.8899623621350905,
                4.701233705254011,
                4.7769581543922515,
                4.571800527784919,
                7.90509097680196
            ],
            "UnitPairs": [
                [
                    -0.8253993555488702,
                    -0.5645492926747051
                ],
                [
                    -0.24871938627696885,
                    -0.9685755865651414
                ],
                [
                    -0.23938162206545954,
                    -0.970925557917449
                ],
                [
                    0.2191560871893659,
                    -0.9756898121062078
                ],
                [
                    0.7388364381557943,
                    -0.6738847955350077
                ],
                [
                    0.8892722795425624,
                    -0.45737819453617884
                ],
                [
                    0.9693987132707047,
                    -0.245491618409065
                ],
                [
                    0.9878408418322104,
                    0.15546855376001198
                ],
                [
                    0.6172537359424624,
                    0.7867641485636423
                ],
                [
                    -0.05960015970424151,
                    0.9982223304270591
                ],
                [
                    -0.10606638350813459,
                    0.9943590509918967
                ],
                [
                    -0.17325729688039143,
                    0.9848765958624969
                ],
                [
                    -0.18978143334903444,
                    0.9818263632414775
                ],
                [
                    -0.7170876178118787,
                    0.6969830330652856
                ]
            ]
        },
        {
            "Type": "F",
            "Centroid": {
                "x": 96218.63080921052,
                "y": 437810.49492105265
            },
            "Distances": [
                9.201418904502301,
                2.3926667819924994,
                6.494466763368269,
                7.7962373423441464,
                8.576460220232219,
                8.601802036636226,
                3.877959394659096,
                3.4468159240113407,
                3.530522491995892,
                3.769410293569219,
                7.6397332974135965,
                1.5124049384889493,
                6.966062276875401,
                6.967460279787861,
                4.77413575675561,
                4.8446709043604725,
                4.638211810926678,
                7.913422698360883,
                1.863059061437135
            ],
            "UnitPairs": [
                [
                    -0.8271207179577403,
                    -0.5620243036782949
                ],
                [
                    -0.6129914209367047,
                    -0.7900895631876172
                ],
                [
                    -0.24200358055299784,
                    -0.9702753562775511
                ],
                [
                    -0.23366197442750278,
                    -0.9723178912817768
                ],
                [
                    0.22856933270091342,
                    -0.9735276370749107
                ],
                [
                    0.234754971212108,
                    -0.9720545784528779
                ],
                [
                    0.7566649082292252,
                    -0.6538028882273756
                ],
                [
                    0.9023736277344948,
                    -0.4309545636946977
                ],
                [
                    0.9755824519684593,
                    -0.21963351158511502
                ],
                [
                    0.984853199933015,
                    0.17339023785006133
                ],
                [
                    0.6176021604148676,
                    0.7864906683813154
                ],
                [
                    0.3691576080347638,
                    0.9293668061804509
                ],
                [
                    -0.04933694199887692,
                    0.9987821915483873
                ],
                [
                    -0.050475237230502554,
                    0.9987253127995327
                ],
                [
                    -0.09042143594414763,
                    0.9959035916803385
                ],
                [
                    -0.15701463020561185,
                    0.987596276775786
                ],
                [
                    -0.17262778052480218,
                    0.9849871315865404
                ],
                [
                    -0.7078712238734169,
                    0.706341511177101
                ],
                [
                    -0.9106980265074174,
                    0.4130727593481506
                ]
            ]
        },
        {
            "Type": "R",
            "Centroid": {
                "x": 96216.934125,
                "y": 437811.2645
            },
            "Distances": [
                0.0
            ],
            "UnitPairs": [
                [
                    0.0,
                    0.0
                ]
            ]
        }
    ],
    "Annual Heating [kWh/m2]": 111.65108025844582,
    "Annual Cooling [kWh/m2]": 0.31184160295170005
}