{
    "Pand ID": "0599100110009441",
    "Archetype ID": "D.2015-2018",
    "Construction Year": 2021,
    "Number of Floors": 2,
    "Wall Area": 186.48,
    "Roof Area (Flat)": 0.0,
    "Roof Area (Sloped)": 174.76,
    "Floor Area": 112.75,
    "Shared Wall Area": 0.0,
    "Absolute Height (70%)": 2.5669474601745605,
    "Surfaces": [
        {
            "Type": "G",
            "Centroid": {
                "x": 99749.111,
                "y": 444778.09137499996
            },
            "Distances": [
                7.308661439055678,
                5.21066032581971,
                5.956886080901695,
                5.55576160675026,
                5.6443929727797455,
                8.804619570522238,
                8.25455933296898,
                9.731014144553768
            ],
            "UnitPairs": [
                [
                    -0.366842139611985,
                    -0.9302832066660673
                ],
                [
                    0.21818251985513204,
                    -0.9759079813331096
                ],
                [
                    0.8212134550776368,
                    -0.5706211187814995
                ],
                [
                    0.8461261178455575,
                    -0.5329827320838881
                ],
                [
                    0.8601234930695507,
                    -0.5100858522541423
                ],
                [
                    -0.04703496802771334,
                    0.9988932434362704
                ],
                [
                    -0.5243314422265192,
                    0.8515142621780672
                ],
                [
                    -0.8386715792172925,
                    0.5446374777897429
                ]
            ]
        },
        {
            "Type": "F",
            "Centroid": {
                "x": 99749.600875,
                "y": 444778.311375
            },
            "Distances": [
                7.7021657191676045,
                5.69874282323849,
                5.780680519256453,
                5.277506728144124,
                5.353298120385208,
                8.622395100287635,
                8.3410972159215,
                10.032194725759075
            ],
            "UnitPairs": [
                [
                    -0.41170238548759697,
                    -0.9113183558909708
                ],
                [
                    0.7724510714979568,
                    -0.6350742808063153
                ],
                [
                    0.7898724008005682,
                    -0.6132712209565574
                ],
                [
                    0.7979146625316617,
                    -0.6027704300287005
                ],
                [
                    0.8153851890638113,
                    -0.578918814217825
                ],
                [
                    -0.10484325868630603,
                    0.9944887586634835
                ],
                [
                    -0.5776218494136113,
                    0.8163044769447239
                ],
                [
                    -0.8623237722634468,
                    0.5063572965696642
                ]
            ]
        },
        {
            "Type": "R",
            "Centroid": {
                "x": 99750.247875,
                "y": 444773.00625
            },
            "Distances": [
                0.0
            ],
            "UnitPairs": [
                [
                    0.0,
                    0.0
                ]
            ]
        }
    ],
    "Annual Heating [kWh/m2]": 140.1622199085129,
    "Annual Cooling [kWh/m2]": 0.30833202104535085
}