{
    "Pand ID": "0599100100016294",
    "Archetype ID": "D.2015-2018",
    "Construction Year": 2018,
    "Number of Floors": 3,
    "Wall Area": 281.9,
    "Roof Area (Flat)": 0.0,
    "Roof Area (Sloped)": 117.01,
    "Floor Area": 84.28,
    "Shared Wall Area": 6.1,
    "Absolute Height (70%)": 8.02186393737793,
    "Surfaces": [
        {
            "Type": "G",
            "Centroid": {
                "x": 98082.34195,
                "y": 433711.50615
            },
            "Distances": [
                7.181757173523668,
                4.033370414384636,
                6.7944367021487,
                7.642874648955607,
                7.049883750858128,
                6.071010632530502,
                2.7708442215843636,
                6.305042846821223,
                6.222475046168731,
                6.47540387157776
            ],
            "UnitPairs": [
                [
                    -0.6751411782450044,
                    -0.7376885450093061
                ],
                [
                    0.1592464698262139,
                    -0.9872388575455734
                ],
                [
                    0.9216805269533492,
                    -0.3879497470485019
                ],
                [
                    0.9495510960642524,
                    -0.31361236576891693
                ],
                [
                    0.804311134819457,
                    0.594208379615634
                ],
                [
                    0.7612076933676272,
                    0.648508170771916
                ],
                [
                    -0.3416648228095255,
                    0.939821870810919
                ],
                [
                    -0.9766309523360583,
                    0.21492320242161778
                ],
                [
                    -0.9826797142031853,
                    0.1853121131862297
                ],
                [
                    -0.9861469842873294,
                    0.16587382367632805
                ]
            ]
        },
        {
            "Type": "F",
            "Centroid": {
                "x": 98083.80597222222,
                "y": 433711.5955277778
            },
            "Distances": [
                8.298989318576675,
                3.2680128074954866,
                5.518207009396646,
                5.1975167295665905,
                5.247200495800778,
                5.113252404701488,
                6.304256070199309,
                2.872854356613828,
                2.856706250008608,
                5.873712202978816,
                4.977285330916619,
                2.298067095722787,
                1.442394898525513,
                3.4835914639483323,
                7.72610525275833,
                7.991141758152916,
                7.6530082639282835,
                7.911246224264081
            ],
            "UnitPairs": [
                [
                    -0.7606615673180986,
                    -0.6491486578628766
                ],
                [
                    0.4006342248033378,
                    -0.9162380792764665
                ],
                [
                    0.8695356606945807,
                    -0.49387015984005267
                ],
                [
                    0.9006758460510372,
                    -0.4344916804039499
                ],
                [
                    0.9047258212397494,
                    -0.4259943525236703
                ],
                [
                    0.909260370855146,
                    -0.416227795794998
                ],
                [
                    0.9189470911818339,
                    -0.39438083575200017
                ],
                [
                    0.9977107858532211,
                    -0.06762534873956594
                ],
                [
                    0.7226076456976346,
                    0.6912584107114514
                ],
                [
                    0.7161191478946403,
                    0.6979780555423318
                ],
                [
                    0.634337307962818,
                    0.773056388452023
                ],
                [
                    0.4226498780573994,
                    0.9062930434346638
                ],
                [
                    0.29830788934248875,
                    0.9544696973482341
                ],
                [
                    -0.6920220832928833,
                    0.7218763302913994
                ],
                [
                    -0.9864895665913962,
                    0.1638240977582948
                ],
                [
                    -0.9886850291658764,
                    0.1500063768753518
                ],
                [
                    -0.9902932233785149,
                    0.13899399890135838
                ],
                [
                    -0.9922232224483081,
                    0.12447118877192156
                ]
            ]
        },
        {
            "Type": "R",
            "Centroid": {
                "x": 98082.98425,
                "y": 433707.52425
            },
            "Distances": [
                0.0
            ],
            "UnitPairs": [
                [
                    0.0,
                    0.0
                ]
            ]
        }
    ],
    "Annual Heating [kWh/m2]": 100.87978991845199,
    "Annual Cooling [kWh/m2]": 0.1269526107125566
}