{
    "Pand ID": "0599100100015460",
    "Archetype ID": "D.2015-2018",
    "Construction Year": 2017,
    "Number of Floors": 2,
    "Wall Area": 256.23,
    "Roof Area (Flat)": 10.19,
    "Roof Area (Sloped)": 74.72,
    "Floor Area": 84.09,
    "Shared Wall Area": 0.0,
    "Absolute Height (70%)": 5.698583126068115,
    "Surfaces": [
        {
            "Type": "G",
            "Centroid": {
                "x": 95712.95483333334,
                "y": 436332.66366666666
            },
            "Distances": [
                5.925689871357649,
                5.645565644943088,
                5.848293308135168,
                8.704534170081835,
                7.5297282455275445,
                3.6112364620385047,
                3.6373052000139827,
                4.76628184418809,
                4.71992185153639,
                3.6819442261584556,
                3.54673193960736,
                4.34617682006053
            ],
            "UnitPairs": [
                [
                    -0.8836664501536726,
                    -0.4681170845769324
                ],
                [
                    -0.8543578512197683,
                    -0.5196851566661689
                ],
                [
                    -0.8404731217055277,
                    -0.541853238147162
                ],
                [
                    0.5996491672824725,
                    -0.8002630043788338
                ],
                [
                    0.9930858621776374,
                    -0.11739024807409927
                ],
                [
                    0.9871041966219926,
                    0.16007905862807492
                ],
                [
                    0.9849782929007946,
                    0.17267820509327828
                ],
                [
                    0.8798612427393596,
                    0.47523067401541946
                ],
                [
                    -0.3409660973099897,
                    0.9400755929632439
                ],
                [
                    -0.5823915848848366,
                    0.8129083846629509
                ],
                [
                    -0.6294057096349103,
                    0.7770768640739313
                ],
                [
                    -0.708055254247957,
                    0.7061570341870573
                ]
            ]
        },
        {
            "Type": "F",
            "Centroid": {
                "x": 95712.54511538461,
                "y": 436332.43174999993
            },
            "Distances": [
                5.455087540149345,
                5.649619088023134,
                5.175017368362411,
                5.378339799003374,
                8.777056861344708,
                7.9142870854680405,
                4.056085929961382,
                4.083960689984894,
                5.236999037404333,
                4.820647059415834,
                3.661900535612612,
                3.500010120073507,
                4.244145713853518
            ],
            "UnitPairs": [
                [
                    -0.884791554504203,
                    -0.4659870224352132
                ],
                [
                    -0.8702560841711781,
                    -0.4925995817731147
                ],
                [
                    -0.8528696756821575,
                    -0.5221238514967608
                ],
                [
                    -0.8377334926744271,
                    -0.5460792939230579
                ],
                [
                    0.6413749739041658,
                    -0.7672275691406237
                ],
                [
                    0.9966007715192101,
                    -0.08238265719989314
                ],
                [
                    0.9798571046149765,
                    0.1996999112056759
                ],
                [
                    0.9775766513101923,
                    0.21057989175880604
                ],
                [
                    0.8790119269687592,
                    0.47679978213781604
                ],
                [
                    -0.24884945315679954,
                    0.9685421775346501
                ],
                [
                    -0.47369265432843516,
                    0.8806902231972839
                ],
                [
                    -0.5207457470340554,
                    0.8537118172697058
                ],
                [
                    -0.6285400088639997,
                    0.777777254268369
                ]
            ]
        },
        {
            "Type": "R",
            "Centroid": {
                "x": 95710.8105,
                "y": 436335.65674999997
            },
            "Distances": [
                0.0
            ],
            "UnitPairs": [
                [
                    0.0,
                    0.0
                ]
            ]
        }
    ],
    "Annual Heating [kWh/m2]": 144.45453618615647,
    "Annual Cooling [kWh/m2]": 0.2534230477811214
}