{
    "Pand ID": "0599100000393282",
    "Archetype ID": "D.1992-2005",
    "Construction Year": 2003,
    "Number of Floors": 3,
    "Wall Area": 373.37,
    "Roof Area (Flat)": 107.72,
    "Roof Area (Sloped)": 0.37,
    "Floor Area": 108.38,
    "Shared Wall Area": 0.0,
    "Absolute Height (70%)": 7.905675411224365,
    "Surfaces": [
        {
            "Type": "G",
            "Centroid": {
                "x": 97448.73346590908,
                "y": 437258.81225
            },
            "Distances": [
                3.7806353974119347,
                7.250856620821528,
                7.189322051038462,
                7.39376432047017,
                7.850087139611445,
                4.477895701957769,
                8.122181346561849,
                8.019260105811377,
                8.322111139989383,
                8.074342050777645,
                3.554690832867029
            ],
            "UnitPairs": [
                [
                    -0.9950948752296707,
                    -0.09892517016233171
                ],
                [
                    -0.6893104043360109,
                    -0.7244661251391435
                ],
                [
                    -0.6782407123316412,
                    -0.734839803042723
                ],
                [
                    -0.6678723712374488,
                    -0.7442758196647713
                ],
                [
                    0.3257172876476687,
                    -0.9454672117675187
                ],
                [
                    0.863554970526372,
                    -0.5042547103192956
                ],
                [
                    0.7219623449302816,
                    0.6919323467672033
                ],
                [
                    0.7052906398204187,
                    0.7089182698885002
                ],
                [
                    0.6900783940889458,
                    0.7237346267877623
                ],
                [
                    -0.20609616221523566,
                    0.9785317429292477
                ],
                [
                    -0.9700114781281746,
                    0.24305911276805456
                ]
            ]
        },
        {
            "Type": "F",
            "Centroid": {
                "x": 97448.34764166667,
                "y": 437258.86885
            },
            "Distances": [
                3.4036146909441247,
                3.166658001392907,
                7.033125618443441,
                7.238065181044187,
                6.976662733556165,
                7.1855607968234105,
                8.036736740217238,
                4.841808955825244,
                8.367232893709168,
                8.257204625715833,
                8.668785372282949,
                8.553321064405024,
                7.947866193527079,
                3.166918359813593,
                2.8796972695726595
            ],
            "UnitPairs": [
                [
                    -0.9919650058045737,
                    -0.1265125577131852
                ],
                [
                    -0.987876387437666,
                    -0.15524253007184124
                ],
                [
                    -0.6557918792987695,
                    -0.754941726920554
                ],
                [
                    -0.6450987314803981,
                    -0.7640992256522585
                ],
                [
                    -0.6436124029707146,
                    -0.7653516020380844
                ],
                [
                    -0.6335297682928432,
                    -0.7737183161117592
                ],
                [
                    0.366160225033093,
                    -0.93055181994541
                ],
                [
                    0.8783356328475898,
                    -0.4780444708081287
                ],
                [
                    0.7469295300754897,
                    0.6649032088215608
                ],
                [
                    0.7316923350204465,
                    0.6816350393519444
                ],
                [
                    0.7312135508170118,
                    0.6821486224435093
                ],
                [
                    0.7165325944370479,
                    0.6975536116380685
                ],
                [
                    -0.160831427648069,
                    0.9869818903509243
                ],
                [
                    -0.9669547234052102,
                    0.2549481572483977
                ],
                [
                    -0.9672081493037978,
                    0.25398503089812646
                ]
            ]
        },
        {
            "Type": "R",
            "Centroid": {
                "x": 97447.069375,
                "y": 437266.71325
            },
            "Distances": [
                0.0
            ],
            "UnitPairs": [
                [
                    0.0,
                    0.0
                ]
            ]
        }
    ],
    "Annual Heating [kWh/m2]": 114.34766836245669,
    "Annual Cooling [kWh/m2]": 0.3326221423157609
}