{
    "Pand ID": "0599100000021391",
    "Archetype ID": "D.1965",
    "Construction Year": 1900,
    "Number of Floors": 2,
    "Wall Area": 310.3,
    "Roof Area (Flat)": 13.11,
    "Roof Area (Sloped)": 138.43,
    "Floor Area": 113.44,
    "Shared Wall Area": 0.0,
    "Absolute Height (70%)": 6.758238315582275,
    "Surfaces": [
        {
            "Type": "G",
            "Centroid": {
                "x": 93113.51915441177,
                "y": 440501.27810294117
            },
            "Distances": [
                9.795684577715985,
                9.110699501401475,
                7.53314939953923,
                6.846071101220065,
                5.6751798877020825,
                4.582718290972907,
                4.58818915888874,
                4.971872832629178,
                5.201971656082406,
                5.473354267194154,
                3.2599706050612123,
                4.036863939184086,
                3.299894212916717,
                4.943948159583073,
                4.360759721174232,
                6.807937853449935,
                8.298969382770748
            ],
            "UnitPairs": [
                [
                    -0.9983507874493008,
                    -0.057408232853491774
                ],
                [
                    -0.9933956674093872,
                    -0.11473904292897863
                ],
                [
                    0.09033015969128376,
                    -0.9959118747410071
                ],
                [
                    0.1750596174821328,
                    -0.984557834932519
                ],
                [
                    0.39390303610919525,
                    -0.9191519994777567
                ],
                [
                    0.6263685450359758,
                    -0.7795270654631017
                ],
                [
                    0.6267114298590839,
                    -0.7792514252049736
                ],
                [
                    0.6419051121525964,
                    -0.7667840810765197
                ],
                [
                    0.9991347381053266,
                    -0.04159056517048666
                ],
                [
                    0.9994731422778232,
                    0.03245670755474006
                ],
                [
                    0.37683486664777366,
                    0.9262804560599099
                ],
                [
                    0.37169213796548684,
                    0.9283560494630524
                ],
                [
                    0.3277288659750113,
                    0.9447718192276551
                ],
                [
                    -0.050471688560329284,
                    0.9987254921417943
                ],
                [
                    -0.15559889908126057,
                    0.9878203189875675
                ],
                [
                    -0.4704110819901309,
                    0.8824474000986542
                ],
                [
                    -0.5506140824242576,
                    0.8347599249102061
                ]
            ]
        },
        {
            "Type": "F",
            "Centroid": {
                "x": 93113.152145,
                "y": 440501.00643
            },
            "Distances": [
                8.12309535662825,
                9.417007359707394,
                8.717918348591928,
                7.306158197941784,
                6.655414981310303,
                5.125427846837443,
                4.5585948770565,
                2.9977667509412926,
                5.5877332123998364,
                2.260600648721894,
                4.623393257453347,
                4.629036410840078,
                5.019879956044246,
                5.564754978685809,
                5.854746895706373,
                4.597991850018987,
                3.6576418321850217,
                4.431976400265,
                3.6858627717993553,
                5.210644529464606,
                4.589903743265434,
                6.889850022490669,
                6.5967295694343075,
                8.336149159659815,
                6.3389705041420505
            ],
            "UnitPairs": [
                [
                    -0.9999291702733321,
                    -0.011901866932787252
                ],
                [
                    -0.9995234834658243,
                    -0.030867555788302855
                ],
                [
                    -0.9960542933272506,
                    -0.08874595621408153
                ],
                [
                    0.14336946609005108,
                    -0.9896692357515483
                ],
                [
                    0.2352189915130651,
                    -0.9719423985152498
                ],
                [
                    0.3848420188402041,
                    -0.92298245949476
                ],
                [
                    0.38684727368170907,
                    -0.9221437994396692
                ],
                [
                    0.3967887093375155,
                    -0.9179099738766697
                ],
                [
                    0.46574879312887907,
                    -0.8849169801167749
                ],
                [
                    0.585455020883347,
                    -0.8107048899090716
                ],
                [
                    0.7002389413396786,
                    -0.7139085550905564
                ],
                [
                    0.7004654343196991,
                    -0.7136863283847571
                ],
                [
                    0.7088775092564388,
                    -0.7053316077352465
                ],
                [
                    0.9999505856617319,
                    0.009941138504178267
                ],
                [
                    0.9970507869918211,
                    0.07674456436119771
                ],
                [
                    0.9964088996784749,
                    0.08467174641833713
                ],
                [
                    0.436204547412034,
                    0.8998475386514444
                ],
                [
                    0.42136505959037474,
                    0.9068911106391989
                ],
                [
                    0.39298261755395436,
                    0.9195459000509123
                ],
                [
                    0.022546155151533118,
                    0.9997458031359187
                ],
                [
                    -0.06787070436063257,
                    0.9976941252155351
                ],
                [
                    -0.4115503226829647,
                    0.9113870373773963
                ],
                [
                    -0.5019942026040797,
                    0.8648709849173426
                ],
                [
                    -0.5041320542017671,
                    0.8636265812990627
                ],
                [
                    -0.8890276419986147,
                    0.4578535265370171
                ]
            ]
        },
        {
            "Type": "R",
            "Centroid": {
                "x": 93107.516625,
                "y": 440503.90874999994
            },
            "Distances": [
                0.0
            ],
            "UnitPairs": [
                [
                    0.0,
                    0.0
                ]
            ]
        }
    ],
    "Annual Heating [kWh/m2]": 416.5434057824476,
    "Annual Cooling [kWh/m2]": 1.9795696042157223
}