{
    "Pand ID": "0599100000365178",
    "Archetype ID": "D.1992-2005",
    "Construction Year": 2000,
    "Number of Floors": 3,
    "Wall Area": 356.63,
    "Roof Area (Flat)": 131.5,
    "Roof Area (Sloped)": 0.0,
    "Floor Area": 110.1,
    "Shared Wall Area": 0.0,
    "Absolute Height (70%)": 1.5173832178115845,
    "Surfaces": [
        {
            "Type": "G",
            "Centroid": {
                "x": 96854.08517307692,
                "y": 438212.17751923075
            },
            "Distances": [
                4.98253083683485,
                5.2132866646262475,
                4.804773900226825,
                4.622680091893844,
                4.405582141031486,
                4.102559023308316,
                4.105229432523671,
                4.994067727091389,
                3.53019113687704,
                3.4384783756357136,
                6.518600274585201,
                3.6540291567595635,
                3.756041707594527,
                8.960876596955853,
                8.734635825350797,
                8.775369240616339,
                7.008465364875871,
                5.608661036026915,
                3.9297205813873304,
                3.9110358161623173,
                10.307316714270014,
                9.43648195941478,
                9.417934842283236,
                9.92430258746642,
                3.9939127144678714,
                3.8838489238167027
            ],
            "UnitPairs": [
                [
                    -0.9999783724560091,
                    -0.006576824479280707
                ],
                [
                    -0.9994507135532282,
                    -0.03314017468184149
                ],
                [
                    -0.9968050893517776,
                    -0.07987248488932146
                ],
                [
                    -0.774750362500244,
                    -0.6322672503030191
                ],
                [
                    -0.7654886389519949,
                    -0.6434494103155447
                ],
                [
                    -0.7447602970634397,
                    -0.6673320761944362
                ],
                [
                    -0.7442758382059755,
                    -0.6678723505751624
                ],
                [
                    -0.5345187976606598,
                    -0.8451565860521958
                ],
                [
                    0.015460047619253495,
                    -0.9998804863220455
                ],
                [
                    0.2086902532719823,
                    -0.9779817882707611
                ],
                [
                    0.23326739775868433,
                    -0.9724126290535781
                ],
                [
                    0.7223743461899041,
                    -0.6915022082153524
                ],
                [
                    0.7501452705852338,
                    -0.661273069932994
                ],
                [
                    0.846633344515695,
                    -0.5321766435631767
                ],
                [
                    0.8607773779477399,
                    -0.5089816358312091
                ],
                [
                    0.8635051945176067,
                    -0.5043399439278137
                ],
                [
                    0.9766156450422879,
                    -0.2149927483861626
                ],
                [
                    0.628773409628914,
                    0.7775885797410028
                ],
                [
                    0.28286411210678447,
                    0.9591599939958091
                ],
                [
                    0.2750107576692954,
                    0.9614411490913837
                ],
                [
                    0.20738442238032004,
                    0.9782595265848327
                ],
                [
                    -0.03639312599726096,
                    0.9993375507705831
                ],
                [
                    -0.04538394925004609,
                    0.9989696177314249
                ],
                [
                    -0.5835597036549361,
                    0.8120702385078294
                ],
                [
                    -0.9933674971309862,
                    0.11498267540686431
                ],
                [
                    -0.9996328778692215,
                    0.027094454836701618
                ]
            ]
        },
        {
            "Type": "F",
            "Centroid": {
                "x": 96854.15202272727,
                "y": 438212.1369924242
            },
            "Distances": [
                5.278929389252774,
                4.868387840290618,
                4.649431716270987,
                4.431296381168624,
                4.125979117525906,
                4.128595114289647,
                4.9961600417726,
                3.1939507804049994,
                3.4892640075901338,
                3.3853715761374255,
                6.463836369956261,
                2.0678364362269503,
                3.5777544650048028,
                3.8748753426294176,
                3.67912137234447,
                8.882712124016617,
                8.934243486626368,
                8.656465800964037,
                8.697205027158724,
                6.934511794640253,
                5.5986768577758905,
                3.9504060374545995,
                3.9323388537344552,
                10.333362419457913,
                9.479639907171025,
                9.461676661910005,
                5.312389354017227,
                9.996270911370244,
                6.272084464295474,
                4.207055622646982,
                4.065109355558289,
                3.9519615819607212,
                5.049278686548212
            ],