{
    "Pand ID": "0599100000433576",
    "Archetype ID": "D.2006-2014",
    "Construction Year": 2007,
    "Number of Floors": 3,
    "Wall Area": 476.26,
    "Roof Area (Flat)": 234.32,
    "Roof Area (Sloped)": 0.0,
    "Floor Area": 190.88,
    "Shared Wall Area": 0.0,
    "Absolute Height (70%)": 1.3239856958389282,
    "Surfaces": [
        {
            "Type": "G",
            "Centroid": {
                "x": 93479.89902083334,
                "y": 442590.4235
            },
            "Distances": [
                7.365189680373011,
                10.348621326579533,
                10.193381236275155,
                9.206835016865956,
                9.224096777494328,
                5.692660833128224,
                5.338096792046714,
                13.500474646997645,
                8.399287352376478,
                12.748299717782672,
                4.581989381751376,
                10.175150942096844,
                10.762807317840888,
                10.244049070642019,
                10.537096818463457,
                6.286939930859357,
                6.12593291079249,
                6.703512016925843
            ],
            "UnitPairs": [
                [
                    -0.9881392943259861,
                    -0.15356019995084047
                ],
                [
                    -0.9234885528944733,
                    -0.3836259801849606
                ],
                [
                    -0.491184742067245,
                    -0.8710554225537741
                ],
                [
                    -0.48549076041310796,
                    -0.8742417981047934
                ],
                [
                    -0.4760177000800204,
                    -0.8794356993041206
                ],
                [
                    -0.3676371023457844,
                    -0.9299693333539528
                ],
                [
                    -0.3482202376137791,
                    -0.9374127512020537
                ],
                [
                    0.056380733756850515,
                    -0.9984093413330222
                ],
                [
                    0.5457804304516868,
                    -0.8379282318528068
                ],
                [
                    0.9763001296008073,
                    0.2164210177904336
                ],
                [
                    0.8686547119713023,
                    0.4954179966150343
                ],
                [
                    0.7841816511679834,
                    0.6205313352051248
                ],
                [
                    0.2676965759558738,
                    0.9635032658073874
                ],
                [
                    0.2449389542521098,
                    0.9695385029434792
                ],
                [
                    0.18460176461973168,
                    0.9828134047209984
                ],
                [
                    -0.09747720513832012,
                    0.9952377577636521
                ],
                [
                    -0.12485173188675887,
                    0.9921754104214017
                ],
                [
                    -0.15735532817414422,
                    0.9875420500896189
                ]
            ]
        },
        {
            "Type": "F",
            "Centroid": {
                "x": 93479.91670923913,
                "y": 442590.6824565217
            },
            "Distances": [
                7.426750068396589,
                10.466878225887278,
                10.428234179407218,
                9.442456932725275,
                9.460865553043863,
                9.159803743640827,
                5.940507397828839,
                5.587490061501161,
                5.7019766454493945,
                13.758059794813272,
                8.608036837014575,
                12.67743228237706,
                4.822602676816102,
                4.443594247834024,
                10.002434084859619,
                10.508696777881712,
                9.988755380784625,
                10.8072901589006,
                10.27937057646967,
                6.0310930377739345,
                5.871422934326022,
                6.450827622331921,
                6.293915496270553
            ],
            "UnitPairs": [
                [
                    -0.9823303156751094,
                    -0.18715541911908312
                ],
                [
                    -0.9147447340547925,
                    -0.4040322654430297
                ],
                [
                    -0.48181903596317777,
                    -0.8762707438820002
                ],
                [
                    -0.47524937324002564,
                    -0.8798511426570763
                ],
                [
                    -0.4659744623162259,
                    -0.8847981693409543
                ],
                [
                    -0.4120745208914218,
                    -0.9111501463711155
                ],
                [
                    -0.35527634220055015,
                    -0.9347613174883723
                ],
                [
                    -0.3358434142100367,
                    -0.9419178314119261
                ],
                [
                    -0.2566691921277392,
                    -0.9664993149570742
                ],
                [
                    0.05403947009711596,
                    -0.9985388002835057
                ],
                [
                    0.5304900928448909,
                    -0.8476911356109716
                ],
                [
                    0.9803624254535112,
                    0.19720424630039993
                ],
                [
                    0.9290581375092434,
                    0.36993374694376796
                ],
                [
                    0.8917281911607771,
                    0.45257135690311706
                ],
                [
                    0.7959540841084546,
                    0.6053569987958108
                ],
                [
                    0.2724865243898201,
                    0.9621595990405938
                ],
                [
                    0.2494282987123573,
                    0.9683932691843016
                ],
                [
                    0.21267850007624214,
                    0.9771222316605634
                ],
                [
                    0.18750936611645586,
                    0.982262814942419
                ],
                [
                    -0.1045451852874645,
                    0.9945201376710326
                ],
                [
                    -0.1332763365669043,
                    0.9910789161874574
                ],
                [
                    -0.1662611066240702,
                    0.9860817635592597
                ],
                [
                    -0.1942386642859452,
                    0.980954301329278
                ]
            ]
        },
        {
            "Type": "R",
            "Centroid": {
                "x": 93480.6601875,
                "y": 442576.9445
            },
            "Distances": [
                0.0
            ],
            "UnitPairs": [
                [
                    0.0,
                    0.0
                ]
            ]
        }
    ],
    "Annual Heating [kWh/m2]": 107.04548401287305,
    "Annual Cooling [kWh/m2]": 0.32288006080165044
}