{
    "Pand ID": "0599100000607896",
    "Archetype ID": "D.1965",
    "Construction Year": 1954,
    "Number of Floors": 2,
    "Wall Area": 210.2,
    "Roof Area (Flat)": 2.39,
    "Roof Area (Sloped)": 138.43,
    "Floor Area": 138.12,
    "Shared Wall Area": 0.0,
    "Absolute Height (70%)": 0.766185462474823,
    "Surfaces": [
        {
            "Type": "G",
            "Centroid": {
                "x": 96106.575175,
                "y": 442399.52064999996
            },
            "Distances": [
                11.838025550097148,
                6.520578296821753,
                13.111521880565581,
                3.156268259353567,
                8.68822244332378,
                11.230331416505106,
                9.762885839990862,
                2.4105210484465402,
                6.402780882159464,
                6.252124720841403,
                6.190115582518646,
                7.184538045338151,
                8.58777621537186,
                7.5544353214134485,
                9.241864472354475,
                9.508173942719946,
                8.527386318496697,
                7.770180771755346,
                1.9815103393658506,
                6.419659572361977
            ],
            "UnitPairs": [
                [
                    -0.9169223325349706,
                    -0.3990657039869862
                ],
                [
                    -0.841267407627228,
                    -0.5406192272423943
                ],
                [
                    -0.7669247011599258,
                    -0.6417370978451833
                ],
                [
                    -0.6512595987090092,
                    -0.758855015855717
                ],
                [
                    -0.5622036074543518,
                    -0.826998853545344
                ],
                [
                    -0.37448137940238446,
                    -0.9272344344775422
                ],
                [
                    -0.0619232888627346,
                    -0.9980809116982562
                ],
                [
                    0.7817604418812999,
                    -0.6235788735272826
                ],
                [
                    0.9971370436535164,
                    -0.07561558155516203
                ],
                [
                    0.9998920813522735,
                    0.01469100571842225
                ],
                [
                    0.997630806351196,
                    0.06879516130559178
                ],
                [
                    0.9959512991422017,
                    0.08989443662964103
                ],
                [
                    0.6852123125268161,
                    0.7283433851979797
                ],
                [
                    0.6134740457517912,
                    0.7897148822131499
                ],
                [
                    0.44249188161462527,
                    0.8967725100074981
                ],
                [
                    0.3896068816480302,
                    0.920981258100564
                ],
                [
                    0.2118409947102746,
                    0.9773041455760645
                ],
                [
                    -0.3030238380762593,
                    0.9529829765308155
                ],
                [
                    -0.5422883639096788,
                    0.8401924365097343
                ],
                [
                    -0.9962444157530285,
                    0.08658558818248534
                ]
            ]
        },
        {
            "Type": "F",
            "Centroid": {
                "x": 96107.28810648147,
                "y": 442400.3922777777
            },
            "Distances": [
                7.115491871774581,
                12.849877694429773,
                7.599528110550009,
                14.219207514980113,
                4.282093735834286,
                9.81037548186359,
                12.310063751921913,
                10.697219044237189,
                2.6480228724480304,
                2.238508362390218,
                3.4715380922067958,
                5.831316805716614,
                5.593142297737257,
                5.480677548662267,
                6.446473490711612,
                1.9547278260420133,
                2.5037218414099307,
                7.464829889679521,
                6.428795185814915,
                8.148694948028488,
                8.58333594738966,
                8.433617998280008,
                4.3317687030055785,
                7.011571426871439,
                7.541919069071621,
                7.217508936262491,
                1.9555795919535566
            ],