{
    "Pand ID": "0599100015001857",
    "Archetype ID": "D.1965",
    "Construction Year": 1961,
    "Number of Floors": 1,
    "Wall Area": 180.52,
    "Roof Area (Flat)": 42.44,
    "Roof Area (Sloped)": 86.3,
    "Floor Area": 116.85,
    "Shared Wall Area": 6.64,
    "Absolute Height (70%)": 5.018434047698975,
    "Surfaces": [
        {
            "Type": "G",
            "Centroid": {
                "x": 76597.92877083334,
                "y": 435830.9269166666
            },
            "Distances": [
                4.55500607539559,
                9.346849086509728,
                4.529443749538012,
                1.5174769675661095,
                9.89649792499285,
                3.5301205617350586,
                5.058081933644932,
                7.175379863187664,
                6.444517787592145,
                7.6603298132435995,
                10.402774606547277,
                7.227475171005138
            ],
            "UnitPairs": [
                [
                    -0.5206542634819333,
                    -0.8537676135331472
                ],
                [
                    -0.4588266370462533,
                    -0.8885258111821095
                ],
                [
                    -0.3694898150589826,
                    -0.9292347801108602
                ],
                [
                    -0.28638545600629345,
                    -0.9581144872028955
                ],
                [
                    -0.08231026162123029,
                    -0.9966067533545239
                ],
                [
                    0.7085924185650465,
                    -0.7056180158925494
                ],
                [
                    0.9099134270734488,
                    0.4147982102558443
                ],
                [
                    0.7835705947095979,
                    0.6213027628350346
                ],
                [
                    0.5139898400226424,
                    0.8577962720561909
                ],
                [
                    0.49885798129106707,
                    0.8666837453778635
                ],
                [
                    -0.31035790502448074,
                    0.9506197824518567
                ],
                [
                    -0.9752483635798648,
                    0.22111225505339085
                ]
            ]
        },
        {
            "Type": "F",
            "Centroid": {
                "x": 76597.74314204547,
                "y": 435830.1241363637
            },
            "Distances": [
                5.98282283807319,
                6.899066802710335,
                3.717704426483761,
                3.7169575807889337,
                3.1902350188149295,
                0.6971061108709429,
                8.58663743178128,
                8.687420530595176,
                8.71365712928371,
                0.8689945196736388,
                0.9332403094619331,
                3.173329112651204,
                3.1529389785567896,
                5.598248753974398,
                7.836458269018792,
                7.264622434169993,
                7.232990832562998,
                8.452085402796472,
                9.07699357628539,
                11.116452688838237,
                7.270783403002233,
                3.38998372519478
            ],
            "UnitPairs": [
                [
                    -0.5139638309013291,
                    -0.8578118561346829
                ],
                [
                    -0.49890146651518713,
                    -0.866658714090498
                ],
                [
                    -0.4346646102218198,
                    -0.9005924031551196
                ],
                [
                    -0.4003151806603891,
                    -0.916377518347564
                ],
                [
                    -0.39838900205178396,
                    -0.9172165518808433
                ],
                [
                    -0.35712575399474245,
                    -0.9340563129885087
                ],
                [
                    -0.2962690070086776,
                    -0.9551045364179213
                ],
                [
                    -0.22526301547920763,
                    -0.9742979902766988
                ],
                [
                    -0.053588813346566205,
                    -0.9985630871828314
                ],
                [
                    0.8078824879188706,
                    -0.5893436058141428
                ],
                [
                    0.8154871224694741,
                    -0.5787752180997878
                ],
                [
                    0.8467591476187776,
                    -0.5319764524148802
                ],
                [
                    0.8810971203173564,
                    -0.4729353703926805
                ],
                [
                    0.8552755808034236,
                    0.5181734081187169
                ],
                [
                    0.74115694299088,
                    0.6713318001230192
                ],
                [
                    0.5232268419987148,
                    0.8521934474120603
                ],
                [
                    0.48362365382735767,
                    0.8752760487175896
                ],
                [
                    0.4740895605727127,
                    0.8804766257862682
                ],
                [
                    0.05376730196324653,
                    0.9985534924277181
                ],
                [
                    -0.2737343135107207,
                    0.9618053470462796
                ],
                [
                    -0.9439085398454713,
                    0.3302070084156153
                ],
                [
                    -0.9746225390143599,
                    0.22385465473204372
                ]
            ]
        },
        {
            "Type": "R",
            "Centroid": {
                "x": 76594.4391875,
                "y": 435830.88300000003
            },
            "Distances": [
                0.0
            ],
            "UnitPairs": [
                [
                    0.0,
                    0.0
                ]
            ]
        }
    ],
    "Annual Heating [kWh/m2]": 692.0821913794883,
    "Annual Cooling [kWh/m2]": 2.9141127742297
}