{
    "Pand ID": "0599100000202157",
    "Archetype ID": "D.1965",
    "Construction Year": 1860,
    "Number of Floors": 1,
    "Wall Area": 328.65,
    "Roof Area (Flat)": 36.17,
    "Roof Area (Sloped)": 231.15,
    "Floor Area": 211.59,
    "Shared Wall Area": 0.0,
    "Absolute Height (70%)": 6.088291645050049,
    "Surfaces": [
        {
            "Type": "G",
            "Centroid": {
                "x": 69847.56558928572,
                "y": 444723.21225
            },
            "Distances": [
                6.094063370054575,
                5.62567100768776,
                6.4669220875841775,
                5.605051267835165,
                6.811354947092478,
                8.105737950093738,
                9.1098062823145,
                9.790540788393216,
                10.051438912663627,
                9.983870638652586,
                9.472795258038067,
                8.611684566451391,
                7.6069977464870995,
                8.207179130919755,
                4.521779746121588,
                6.019171454693339,
                7.091711495117367,
                5.638602404227654,
                10.655195610667707,
                10.63374012961655,
                17.633847240497904,
                18.946952619725106,
                12.415620086995759,
                6.199488619572933,
                12.587658122219455,
                8.345828380627228,
                3.4340886711783414,
                4.139697366602255
            ],
            "UnitPairs": [
                [
                    -0.92298257240915,
                    -0.3848417480328611
                ],
                [
                    -0.8805552757965677,
                    -0.47394346315444713
                ],
                [
                    -0.8342012185485758,
                    -0.5514601771407174
                ],
                [
                    -0.5267952324817599,
                    -0.8499922252788484
                ],
                [
                    -0.5177698582900361,
                    -0.8555199435701754
                ],
                [
                    -0.46963204450422946,
                    -0.8828622445063428
                ],
                [
                    -0.38823155796188985,
                    -0.9215618576104828
                ],
                [
                    -0.2819777114854374,
                    -0.9594209556943373
                ],
                [
                    -0.157958905139481,
                    -0.9874456867530165
                ],
                [
                    -0.030420494887547948,
                    -0.9995371896486877
                ],
                [
                    0.08775505979429474,
                    -0.9961420829783769
                ],
                [
                    0.19093659336856625,
                    -0.9816023723039828
                ],
                [
                    0.2881932908801647,
                    -0.9575722568514925
                ],
                [
                    0.36020728524746354,
                    -0.932872291181731
                ],
                [
                    0.7754216063451576,
                    -0.6314438473950756
                ],
                [
                    0.8068030211194303,
                    -0.5908205185270399
                ],
                [
                    0.9017972204156746,
                    0.43215943036171645
                ],
                [
                    0.5845926841398312,
                    0.8113269338868195
                ],
                [
                    0.5346017025324203,
                    0.845104147220588
                ],
                [
                    0.5167782593231528,
                    0.856119285316557
                ],
                [
                    0.4976954600199242,
                    0.8673518484880032
                ],
                [
                    0.08161131477549365,
                    0.9966642329795001
                ],
                [
                    -0.09131354517768152,
                    0.9958221911903167
                ],
                [
                    -0.10722082521650526,
                    0.9942352310393611
                ],
                [
                    -0.1219221455507911,
                    0.9925396669273685
                ],
                [
                    -0.4198162394342022,
                    0.9076091257294213
                ],
                [
                    -0.7669325221061077,
                    0.6417277511031955
                ],
                [
                    -0.7908100510277654,
                    0.6120616498306874
                ]
            ]
        },
        {
            "Type": "F",
            "Centroid": {
                "x": 69848.10392672414,
                "y": 444723.7331206897
            },
            "Distances": [
                3.4878981641636635,
                6.796900349584792,
                6.349832315195757,
                7.204558160876365,
                6.33403053709603,
                1.8864657203339918,
                6.728110454889256,
                7.538121902089073,
                8.821431662142963,
                9.803226749795918,
                6.556120300696253,
                6.381347626880299,
                6.5330319900813185,
                2.0337687497969696,
                1.8345819076673267,
                10.448613847204692,
                2.0414616172501066,
                10.660278298296541,
                6.6548629160612105,
                10.54053201975012,
                10.533830528544165,
                9.961429170615121,
                9.04201104520883,
                7.9784368067708265,
                7.688123201585159,
                8.349452743810794,
                8.351124885015098,
                8.237234304240094,
                4.070536449020773,
                4.495209436652999,
                5.938652240294367,
                3.8006481411793662,
                6.385543442146015,
                3.8197672906831164,
                4.990678540311289,
                4.903082311663269,
                5.389379122600253,
                9.92877830190175,
                5.874208537999349,
                9.61749451654318,
                9.911465757628312,
                16.91541609510991,
                5.468746709145235,
                5.966639331604738,
                4.805017293343525,
                17.20976478275067,
                10.274731177765913,
                18.39052191462894,
                11.960332241487286,
                12.263232293838332,
                12.151023925180576,
                5.769698463656826,
                6.410857499522251,
                6.022118027281078,
                8.129907469657669,
                3.5908209247779244,
                4.310849274259099,
                3.2287674519274576
            ],