{
    "Pand ID": "0599100000411757",
    "Archetype ID": "D.1992-2005",
    "Construction Year": 2005,
    "Number of Floors": 2,
    "Wall Area": 272.97,
    "Roof Area (Flat)": 16.52,
    "Roof Area (Sloped)": 166.91,
    "Floor Area": 135.61,
    "Shared Wall Area": 0.0,
    "Absolute Height (70%)": 2.617131233215332,
    "Surfaces": [
        {
            "Type": "G",
            "Centroid": {
                "x": 100505.98009722221,
                "y": 444798.1338888889
            },
            "Distances": [
                4.371137127872282,
                6.760346593791537,
                6.810038049430236,
                6.62195124496549,
                5.7331907406109135,
                6.438159757916003,
                6.610389605406958,
                7.388247891206086,
                7.518293498098569,
                6.725169077732788,
                8.071396062737806,
                8.336722514910194,
                8.301563260522311,
                7.990403084772248,
                7.391209862755115,
                6.574833226580793,
                8.057052049933104,
                7.749080777880275,
                7.749093761485873,
                7.546323476581123,
                7.696975673179515,
                6.2595805381514875,
                5.4469967221372775,
                5.633685636126481,
                6.469514013374773,
                7.296627517199535,
                7.3219700379093675,
                7.870578043291129,
                8.188176860020546,
                8.199573373868768,
                7.925001206607864,
                7.363500221602099,
                7.236746515154493,
                6.574881639162524,
                6.692607012541957,
                6.111573025555629
            ],
            "UnitPairs": [
                [
                    -0.8876917169843068,
                    -0.46043828641572926
                ],
                [
                    -0.27708967228652304,
                    -0.9608440630571369
                ],
                [
                    -0.249517287551735,
                    -0.9683703440382841
                ],
                [
                    -0.2464865961469318,
                    -0.9691462004877794
                ],
                [
                    0.03519467377053974,
                    -0.9993804755638291
                ],
                [
                    0.10636234631263479,
                    -0.9943274366559897
                ],
                [
                    0.20812355396629476,
                    -0.9781025438492831
                ],
                [
                    0.23087717181379488,
                    -0.9729829040303142
                ],
                [
                    0.24736700931484523,
                    -0.9689218558287501
                ],
                [
                    0.2573582549033191,
                    -0.9663160604238751
                ],
                [
                    0.3727704296002798,
                    -0.9279235996652003
                ],
                [
                    0.4983706450998387,
                    -0.8669640708257584
                ],
                [
                    0.6155199469568815,
                    -0.7881213072225606
                ],
                [
                    0.7193351470260659,
                    -0.6946631890729406
                ],
                [
                    0.8044390415359971,
                    -0.5940352080917816
                ],
                [
                    0.8682771989863365,
                    -0.49607933409933713
                ],
                [
                    0.9561534082247523,
                    -0.2928662833789345
                ],
                [
                    0.9687313880138815,
                    -0.24811186565075544
                ],
                [
                    0.45679893504149716,
                    0.8895699707976624
                ],
                [
                    0.4348843232027263,
                    0.9004863271768798
                ],
                [
                    0.41286057182801184,
                    0.9107942403363379
                ],
                [
                    0.19901937041653306,
                    0.9799955562139079
                ],
                [
                    -0.062460515321864356,
                    0.9980474357593067
                ],
                [
                    -0.08275616573905953,
                    0.9965698254674228
                ],
                [
                    -0.1569240317163372,
                    0.9876106764661315
                ],
                [
                    -0.2778300272877376,
                    0.9606302493349327
                ],
                [
                    -0.2845166275520887,
                    0.9586711055656084
                ],
                [
                    -0.4049540204905636,
                    0.9143370501563022
                ],
                [
                    -0.5314030579218443,
                    0.8471191120682576
                ],
                [
                    -0.6481096003310467,
                    0.7615470740267675
                ],
                [
                    -0.7500594722000791,
                    0.6613703865179775
                ],
                [
                    -0.8306134362943628,
                    0.5568494585139421
                ],
                [
                    -0.8404636267807322,
                    0.5418679655216555
                ],
                [
                    -0.8958674156413222,
                    0.44432147550184714
                ],
                [
                    -0.904912272732013,
                    0.4255981422174947
                ],
                [
                    -0.9377654816950192,
                    0.3472692058638495
                ]
            ]
        },
        {
            "Type": "F",
            "Centroid": {
                "x": 100505.66656352459,
                "y": 444798.54787295085
            },