{
    "Pand ID": "0599100000235053",
    "Archetype ID": "D.1965",
    "Construction Year": 1928,
    "Number of Floors": 2,
    "Wall Area": 164.72,
    "Roof Area (Flat)": 16.69,
    "Roof Area (Sloped)": 73.59,
    "Floor Area": 72.25,
    "Shared Wall Area": 27.02,
    "Absolute Height (70%)": 6.327513217926025,
    "Surfaces": [
        {
            "Type": "G",
            "Centroid": {
                "x": 86091.92198333333,
                "y": 433478.8943666667
            },
            "Distances": [
                6.754851157203,
                8.873853530983704,
                8.954420525958179,
                6.513916529698069,
                4.3673432071462495,
                4.419713748880169,
                2.886042784757025,
                3.127191512450648,
                3.0825345559744735,
                3.513035964637895,
                3.018139518887341,
                3.6769556549987645,
                4.06922159081502,
                3.528189945098778,
                4.1278345196870685
            ],
            "UnitPairs": [
                [
                    -0.34267717814394666,
                    -0.9394532194735945
                ],
                [
                    -0.23335221007384532,
                    -0.9723922799228981
                ],
                [
                    0.4701886240958635,
                    -0.8825659509469187
                ],
                [
                    0.6035181213549737,
                    -0.7973492818057613
                ],
                [
                    0.8344356039403497,
                    -0.5511054553138665
                ],
                [
                    0.6942229386340564,
                    0.719760037425179
                ],
                [
                    0.05830359396037851,
                    0.9982988985926526
                ],
                [
                    0.04421432653722063,
                    0.9990220684894103
                ],
                [
                    -0.016133909427515546,
                    0.9998698400124811
                ],
                [
                    -0.179256158967315,
                    0.98380243416668
                ],
                [
                    -0.1917516833488292,
                    0.9814434736310036
                ],
                [
                    -0.4005306213922781,
                    0.9162833739226723
                ],
                [
                    -0.5951342976229288,
                    0.8036262612638185
                ],
                [
                    -0.669389508522609,
                    0.7429116272342626
                ],
                [
                    -0.7899379972180106,
                    0.6131867256808471
                ]
            ]
        },
        {
            "Type": "F",
            "Centroid": {
                "x": 86092.48086904762,
                "y": 433477.4699761905
            },
            "Distances": [
                5.69900116902263,
                7.669378952367937,
                4.5876331111457995,
                4.210566276888281,
                7.436614593348875,
                4.326091460484923,
                4.849921549749552,
                4.4197755481435905,
                5.057855675948491,
                2.46632702432896,
                3.238029506691963,
                5.244791923808491,
                4.323206971060388,
                4.567930519289432,
                4.977726215468693,
                5.0231790626741954,
                4.531640787722913,
                5.206279522566901,
                5.560813223326114,
                4.989617070929696,
                5.49869605236018
            ],
            "UnitPairs": [
                [
                    -0.5042320509143021,
                    -0.8635682016093209
                ],
                [
                    -0.3428724886258661,
                    -0.9393819545549644
                ],
                [
                    -0.21288080889671696,
                    -0.9770781755844716
                ],
                [
                    0.05376496592136206,
                    -0.9985536182095955
                ],
                [
                    0.4910004285626352,
                    -0.8711593305195718
                ],
                [
                    0.49314282230625006,
                    -0.8699483644491933
                ],
                [
                    0.5118394033628586,
                    -0.8590811516761108
                ],
                [
                    0.5478515653121807,
                    -0.8365755568895098
                ],
                [
                    0.6667610087050343,
                    -0.7452715996672925
                ],
                [
                    0.7936420973690087,
                    -0.6083849285474788
                ],
                [
                    0.9528575777357147,
                    -0.3034179239129198
                ],
                [
                    0.4784519555468206,
                    0.8781137319467356
                ],
                [
                    -0.09035400114466995,
                    0.9959097120106566
                ],
                [
                    -0.09208087685101238,
                    0.9957515313160952
                ],
                [
                    -0.09434408950624085,
                    0.9955396490221966
                ],
                [
                    -0.23662685179867504,
                    0.9716006036473257
                ],
                [
                    -0.2510391050184055,
                    0.9679769458781331
                ],
                [
                    -0.39022473511246025,
                    0.920719640339235
                ],
                [
                    -0.5360041648414748,
                    0.8442153370275816
                ],
                [
                    -0.5853393168439044,
                    0.810788433659923
                ],
                [
                    -0.6946408768995485,
                    0.719356693261574
                ]
            ]
        },
        {
            "Type": "R",
            "Centroid": {
                "x": 86091.87225,
                "y": 433481.9765
            },
            "Distances": [
                0.0
            ],
            "UnitPairs": [
                [
                    0.0,
                    0.0
                ]
            ]
        }
    ],
    "Annual Heating [kWh/m2]": 410.3420886853919,
    "Annual Cooling [kWh/m2]": 2.1144816412215923
}