{
    "Pand ID": "0599100000115340",
    "Archetype ID": "D.1965",
    "Construction Year": 1961,
    "Number of Floors": 1,
    "Wall Area": 150.46,
    "Roof Area (Flat)": 104.41,
    "Roof Area (Sloped)": 0.0,
    "Floor Area": 94.69,
    "Shared Wall Area": 0.0,
    "Absolute Height (70%)": 6.002859592437744,
    "Surfaces": [
        {
            "Type": "G",
            "Centroid": {
                "x": 68528.48947916666,
                "y": 445058.63550000003
            },
            "Distances": [
                2.7352358419602796,
                4.324750680025786,
                5.971717210694088,
                4.190917017152836,
                5.296376727971518,
                6.627646775280683,
                5.662474616090291,
                9.5034717925116,
                8.075130305070067,
                3.231672700686805,
                3.2298664747070234,
                3.2080191880752778,
                3.167085954685639,
                3.1033225384691443,
                3.0644203548174573
            ],
            "UnitPairs": [
                [
                    -0.957382404284744,
                    -0.2888233577222644
                ],
                [
                    -0.9477232261243846,
                    -0.3190935390514647
                ],
                [
                    -0.4266221217053911,
                    -0.9044299670353645
                ],
                [
                    0.5159570863586207,
                    -0.8566144319565967
                ],
                [
                    0.6065152647429132,
                    -0.7950718418066597
                ],
                [
                    0.9960297458761082,
                    -0.08902103869297179
                ],
                [
                    0.9999750492922387,
                    -0.007064049333411631
                ],
                [
                    0.9366401592685604,
                    0.35029303739207546
                ],
                [
                    0.12771723729330509,
                    0.991810620682278
                ],
                [
                    -0.9155217562810308,
                    0.40226845983260573
                ],
                [
                    -0.9411121761433057,
                    0.33809447187851466
                ],
                [
                    -0.9621721335485943,
                    0.272442260713249
                ],
                [
                    -0.9787125171249653,
                    0.20523598325565293
                ],
                [
                    -0.990443831913041,
                    0.1379166988635239
                ],
                [
                    -0.9945328361560425,
                    0.10442431616926354
                ]
            ]
        },
        {
            "Type": "F",
            "Centroid": {
                "x": 68529.0680756579,
                "y": 445058.7288157895
            },
            "Distances": [
                3.317037606788852,
                3.055339435112494,
                4.903819946095016,
                6.321473509157714,
                4.009368727148173,
                5.046157366660194,
                6.061376043227836,
                5.684559697857765,
                5.085484576666429,
                3.896083500469701,
                8.92959130380512,
                2.7751431941097584,
                7.928620760784237,
                3.7374212275435714,
                3.753558102943265,
                3.747482068425458,
                3.7201501540867157,
                3.667565908791705,
                3.633341467788228
            ],
            "UnitPairs": [
                [
                    -0.9638911392966066,
                    -0.26629658575635134
                ],
                [
                    -0.9570992748924082,
                    -0.28976020775880607
                ],
                [
                    -0.9537999374585306,
                    -0.3004424725369284
                ],
                [
                    -0.4945465884429719,
                    -0.8691511214164185
                ],
                [
                    0.3950090275762137,
                    -0.9186772382797421
                ],
                [
                    0.5219291929952898,
                    -0.8529888144045533
                ],
                [
                    0.9936253416965876,
                    -0.11273278289095648
                ],
                [
                    0.9965128599574097,
                    -0.08343931890604124
                ],
                [
                    0.9996563288050923,
                    -0.026214962901466386
                ],
                [
                    0.9629508304065107,
                    0.2696770257537921
                ],
                [
                    0.9320400630833076,
                    0.3623552411759269
                ],
                [
                    0.7879726158813803,
                    0.615710286271924
                ],
                [
                    0.05710158875937382,
                    0.9983683731775338
                ],
                [
                    -0.9464448726906755,
                    0.32286545643275466
                ],
                [
                    -0.963955547953904,
                    0.26606334127212766
                ],
                [
                    -0.9780602257640352,
                    0.20832233384446466
                ],
                [
                    -0.988740509265859,
                    0.14964025306276985
                ],
                [
                    -0.9958275457692853,
                    0.0912551318399242
                ],
                [
                    -0.9980518456730775,
                    0.062390010006117144
                ]
            ]
        },
        {
            "Type": "R",
            "Centroid": {
                "x": 68525.44181250001,
                "y": 445058.95550000004
            },
            "Distances": [
                0.0
            ],
            "UnitPairs": [
                [
                    0.0,
                    0.0
                ]
            ]
        }
    ],
    "Annual Heating [kWh/m2]": 660.8518577265727,
    "Annual Cooling [kWh/m2]": 2.449883728800189
}