{
    "Pand ID": "0599100000101237",
    "Archetype ID": "D.1965",
    "Construction Year": 1937,
    "Number of Floors": 3,
    "Wall Area": 191.78,
    "Roof Area (Flat)": 7.6,
    "Roof Area (Sloped)": 71.45,
    "Floor Area": 58.38,
    "Shared Wall Area": 0.0,
    "Absolute Height (70%)": 5.935952186584473,
    "Surfaces": [
        {
            "Type": "G",
            "Centroid": {
                "x": 96402.94429605264,
                "y": 434155.6896710527
            },
            "Distances": [
                6.151316935329912,
                5.9937370327460595,
                6.3184126784883485,
                4.041704758484304,
                3.7912495214451876,
                3.591015944366732,
                3.6433022451508728,
                2.773536358790962,
                2.5393854492581354,
                5.973917337443085,
                2.966974089757299,
                3.0371983344811895,
                2.9631581812667753,
                6.680403386551604,
                4.122206190948704,
                6.477757322818605,
                6.128612810890264,
                6.24565451347475,
                5.7051426926942925
            ],
            "UnitPairs": [
                [
                    -0.9889623826236823,
                    -0.14816681732186018
                ],
                [
                    -0.9872673793154705,
                    -0.15906955000741999
                ],
                [
                    -0.9688226084818292,
                    -0.24775543040358264
                ],
                [
                    0.49646846251240717,
                    -0.8680547596382192
                ],
                [
                    0.5511583807799532,
                    -0.8344006467495217
                ],
                [
                    0.5779921279988629,
                    -0.8160423395702862
                ],
                [
                    0.5878125950760527,
                    -0.8089971279738616
                ],
                [
                    0.9805456267925485,
                    -0.19629129827378547
                ],
                [
                    0.9811739876284881,
                    -0.1931258812308992
                ],
                [
                    0.9919084266914915,
                    -0.1269553979096995
                ],
                [
                    0.9998668197362998,
                    -0.016320011961326427
                ],
                [
                    0.9958450566208507,
                    0.09106384136316012
                ],
                [
                    0.9950798327305967,
                    0.09907636697440794
                ],
                [
                    0.9708364258993789,
                    0.23974285004337426
                ],
                [
                    0.8230007889517048,
                    0.5680402286677162
                ],
                [
                    -0.7463109239360963,
                    0.6655974795727897
                ],
                [
                    -0.788338438356618,
                    0.6152418277469833
                ],
                [
                    -0.7934190150823471,
                    0.6086758303939447
                ],
                [
                    -0.968323028923217,
                    0.24970084432569828
                ]
            ]
        },
        {
            "Type": "F",
            "Centroid": {
                "x": 96403.10139673913,
                "y": 434155.76703260874
            },
            "Distances": [
                6.318370250618408,
                6.161357573256498,
                6.59162510592064,
                6.4898821197464205,
                4.0346507599074055,
                3.773214033935662,
                3.567536272951723,
                3.617659989266105,
                2.402533213357456,
                2.636836826565692,
                5.82871117959754,
                2.8122925457602443,
                2.6902197368453944,
                2.8743902215174475,
                2.799839431328531,
                6.50944511875854,
                3.878671328675872,
                3.5325127117424278,
                3.9490505151846174,
                6.54552413400672,
                6.206867474087615,
                6.325161951328823,
                5.8390653337327905
            ],
            "UnitPairs": [
                [
                    -0.9876790203176775,
                    -0.1564932996147532
                ],
                [
                    -0.9859063797059507,
                    -0.16729796907047495
                ],
                [
                    -0.9694910794288526,
                    -0.2451265936365906
                ],
                [
                    -0.9674323236214549,
                    -0.2531298070405631
                ],
                [
                    0.4583986002591108,
                    -0.8887467149196602
                ],
                [
                    0.5121570744448214,
                    -0.858891804068546
                ],
                [
                    0.5377599873083239,
                    -0.8430979753564537
                ],
                [
                    0.5485530057437084,
                    -0.8361157813900794
                ],
                [
                    0.971673668400256,
                    -0.23632664288562394
                ],
                [
                    0.9718000882907105,
                    -0.2358062518216323
                ],
                [
                    0.9896661685797624,
                    -0.14339063696299434
                ],
                [
                    0.9989992915577991,
                    -0.04472600437123439
                ],
                [
                    0.9993526640396824,
                    -0.03597572621629398
                ],
                [
                    0.9975953297525849,
                    0.06930770560212958
                ],
                [
                    0.997013696441445,
                    0.07722492543321767
                ],
                [
                    0.9721993419425191,
                    0.23415473415357813
                ],
                [
                    0.9182212049122732,
                    0.39606794726341255
                ],
                [
                    0.8847748092977922,
                    0.4660188159635353
                ],
                [
                    0.8193053617404176,
                    0.5733574140302047
                ],
                [
                    -0.762585491540915,
                    0.6468874462310279
                ],
                [
                    -0.803710045357583,
                    0.595021144995127
                ],
                [
                    -0.8082831362206554,
                    0.5887939976777118
                ],
                [
                    -0.9730190389040722,
                    0.23072483596309193
                ]
            ]
        },
        {
            "Type": "R",
            "Centroid": {
                "x": 96405.663875,
                "y": 434155.14525
            },
            "Distances": [
                0.0
            ],
            "UnitPairs": [
                [
                    0.0,
                    0.0
                ]
            ]
        }
    ],
    "Annual Heating [kWh/m2]": 309.2650208574838,
    "Annual Cooling [kWh/m2]": 1.4205601653886823
}