{
    "Pand ID": "0599100000752487",
    "Archetype ID": "D.2006-2014",
    "Construction Year": 2008,
    "Number of Floors": 3,
    "Wall Area": 403.35,
    "Roof Area (Flat)": 0.0,
    "Roof Area (Sloped)": 208.69,
    "Floor Area": 137.36,
    "Shared Wall Area": 22.78,
    "Absolute Height (70%)": 4.621917724609375,
    "Surfaces": [
        {
            "Type": "G",
            "Centroid": {
                "x": 100534.39616250001,
                "y": 445347.89905
            },
            "Distances": [
                7.809717278019297,
                8.065498723736154,
                8.17035075519018,
                8.189784591973252,
                1.7910400784211744,
                1.8268693884508613,
                6.7272049368665785,
                7.634135849111561,
                7.585287796961428,
                9.73771497129829,
                10.392852445924454,
                9.092950465203804,
                9.012590896203807,
                9.137344530113474,
                5.942119669153006,
                4.656062248557071,
                3.9709581793961872,
                3.8809541046744935,
                7.858837844263424,
                8.850186713424575
            ],
            "UnitPairs": [
                [
                    -0.9527681649810242,
                    -0.30369857391613125
                ],
                [
                    -0.9514414747128948,
                    -0.30782969349325645
                ],
                [
                    -0.8082700728367682,
                    -0.5888119303788311
                ],
                [
                    -0.8014679661341881,
                    -0.5980377072231547
                ],
                [
                    0.13017575810226878,
                    -0.9914909338982881
                ],
                [
                    0.13638084998214117,
                    -0.9906564812073602
                ],
                [
                    0.34756634024665534,
                    -0.9376553946560252
                ],
                [
                    0.8070527066553216,
                    -0.5904794058054179
                ],
                [
                    0.8090859785773038,
                    -0.5876902919647445
                ],
                [
                    0.9495194742549551,
                    -0.3137080936325898
                ],
                [
                    0.9661591995316156,
                    -0.2579465083315299
                ],
                [
                    0.5915736614400244,
                    0.8062509554043601
                ],
                [
                    0.5871951873709212,
                    0.8094453730354066
                ],
                [
                    0.56801513644254,
                    0.8230181071958034
                ],
                [
                    0.24084839748910317,
                    0.9705627488354017
                ],
                [
                    -0.526593045605755,
                    0.8501175003019614
                ],
                [
                    -0.5439115453804121,
                    0.8391425569007283
                ],
                [
                    -0.546476444401162,
                    0.8374744746645497
                ],
                [
                    -0.9968204148293723,
                    0.0796809925854222
                ],
                [
                    -0.9999619540878874,
                    0.00872297980816815
                ]
            ]
        },
        {
            "Type": "F",
            "Centroid": {
                "x": 100534.3767925,
                "y": 445348.40116999997
            },
            "Distances": [
                8.86866504478871,
                8.840697598978474,
                7.958503725987506,
                8.21588774731711,
                8.460643935105567,
                8.484654057574627,
                2.2918738788687527,
                2.3274615091493134,
                7.206449261350774,
                7.956011932917961,
                7.905918347465373,
                9.924794242523152,
                10.552016034721685,
                1.3762720940412831,
                1.5656496533007818,
                8.705191085643404,
                8.623118959939534,
                8.82177601833509,
                8.740282919732442,
                2.10902987105432,
                5.46123389695682,
                4.226280624493626,
                3.5483809599578144,
                3.4595031257474287,
                7.815465022415251
            ],
            "UnitPairs": [
                [
                    -0.9991898391967533,
                    -0.04024506486472918
                ],
                [
                    -0.9988442542147313,
                    -0.048064080374197425
                ],
                [
                    -0.9325220236758888,
                    -0.36111310604771074
                ],
                [
                    -0.9316680358123178,
                    -0.36331070868557935
                ],
                [
                    -0.7782480920476507,
                    -0.6279569310264768
                ],
                [
                    -0.7713313890687494,
                    -0.636433726508325
                ],
                [
                    0.11018058294452944,
                    -0.9939115851734518
                ],
                [
                    0.11537032898580679,
                    -0.9933225494217408
                ],
                [
                    0.3271403037066734,
                    -0.9449757783619142
                ],
                [
                    0.7768364416897253,
                    -0.6297024240566698
                ],
                [
                    0.7787229426645755,
                    -0.627367977002193
                ],
                [
                    0.9335730065115473,
                    -0.3583872786707008
                ],
                [
                    0.9534215989540988,
                    -0.30164093662467223
                ],
                [
                    0.9878279200013534,
                    0.15555063634006602
                ],
                [
                    0.6658705527158025,
                    0.7460672938991171
                ],
                [
                    0.6201495115834619,
                    0.7844836411823981
                ],
                [
                    0.615962742098153,
                    0.787775285438001
                ],
                [
                    0.6000515076561159,
                    0.7999613666669299
                ],
                [
                    0.5960356258311431,
                    0.8029579893992448
                ],
                [
                    0.3691365450494696,
                    0.9293751724190511
                ],
                [
                    0.26560298045856173,
                    0.9640824947957144
                ],
                [
                    -0.5755604551886617,
                    0.8177592325513792
                ],
                [
                    -0.6032272250758384,
                    0.797569379381696
                ],
                [
                    -0.6074513950738258,
                    0.7943568484144029
                ],
                [
                    -0.9998739649622812,
                    0.015876214618314295
                ]
            ]
        },
        {
            "Type": "R",
            "Centroid": {
                "x": 100540.55731250001,
                "y": 445343.39125
            },
            "Distances": [
                0.0
            ],