{
    "Pand ID": "0599100000428125",
    "Archetype ID": "D.2006-2014",
    "Construction Year": 2006,
    "Number of Floors": 2,
    "Wall Area": 269.74,
    "Roof Area (Flat)": 0.0,
    "Roof Area (Sloped)": 82.2,
    "Floor Area": 81.57,
    "Shared Wall Area": 0.0,
    "Absolute Height (70%)": 2.5212481021881104,
    "Surfaces": [
        {
            "Type": "G",
            "Centroid": {
                "x": 100514.77820833331,
                "y": 444863.9969166667
            },
            "Distances": [
                8.783824236764191,
                8.779263630215267,
                3.0931206284742467,
                7.467670445922885,
                7.4639851211597135,
                2.923443099413391
            ],
            "UnitPairs": [
                [
                    0.11289691596202427,
                    -0.9936067060795551
                ],
                [
                    0.6643685521197285,
                    -0.7474051290661147
                ],
                [
                    0.5769793296273923,
                    0.8167587484580284
                ],
                [
                    -0.05508188079551912,
                    0.9984818408003363
                ],
                [
                    -0.7066377072976538,
                    0.7075755441118039
                ],
                [
                    -0.9999624531469681,
                    0.008665581128679958
                ]
            ]
        },
        {
            "Type": "F",
            "Centroid": {
                "x": 100514.89773214285,
                "y": 444864.3045357143
            },
            "Distances": [
                3.0559229074649394,
                9.077280490465036,
                8.934600580365888,
                2.7740572842385998,
                1.9801401722891376,
                7.168397676231416,
                7.336997251832235
            ],
            "UnitPairs": [
                [
                    -0.995724445610448,
                    -0.09237331007258473
                ],
                [
                    0.09607975186626334,
                    -0.9953736390327591
                ],
                [
                    0.6394402084072504,
                    -0.7688408286973919
                ],
                [
                    0.6002553972464051,
                    0.7998083883509604
                ],
                [
                    0.36216772286199633,
                    0.9321129440775706
                ],
                [
                    -0.07405520268797834,
                    0.9972541436137744
                ],
                [
                    -0.7351586701919401,
                    0.6778950727373804
                ]
            ]
        },
        {
            "Type": "R",
            "Centroid": {
                "x": 100515.614875,
                "y": 444866.15025
            },
            "Distances": [
                0.0
            ],
            "UnitPairs": [
                [
                    0.0,
                    0.0
                ]
            ]
        }
    ],
    "Annual Heating [kWh/m2]": 168.5973365215065,
    "Annual Cooling [kWh/m2]": 0.5479608611800134
}