{
    "Pand ID": "0599100100016824",
    "Archetype ID": "D.2015-2018",
    "Construction Year": 2018,
    "Number of Floors": 2,
    "Wall Area": 248.26,
    "Roof Area (Flat)": 100.38,
    "Roof Area (Sloped)": 0.0,
    "Floor Area": 94.86,
    "Shared Wall Area": 0.0,
    "Absolute Height (70%)": 5.138794422149658,
    "Surfaces": [
        {
            "Type": "G",
            "Centroid": {
                "x": 95728.424,
                "y": 436277.7480833333
            },
            "Distances": [
                2.4213731698521688,
                2.2614282421636602,
                5.986739571277698,
                2.304101566289988,
                8.711798438181702,
                6.756481384154947,
                8.139345880418755,
                5.160730894098731,
                7.715550727453137,
                1.2658234583763845,
                7.084852693938993,
                5.572538023898014
            ],
            "UnitPairs": [
                [
                    -0.69485365615828,
                    -0.7191511638893946
                ],
                [
                    -0.518035451293333,
                    -0.8553591474949648
                ],
                [
                    -0.21756416568371045,
                    -0.9760460203342621
                ],
                [
                    -0.09656692363054334,
                    -0.9953264938001665
                ],
                [
                    0.4464634974746473,
                    -0.8948018470156985
                ],
                [
                    0.7667452488141728,
                    -0.6419514961590885
                ],
                [
                    0.9509977968403585,
                    0.30919765588500925
                ],
                [
                    0.16422092478656547,
                    0.9864235844008624
                ],
                [
                    -0.4768940196201592,
                    0.8789608034779066
                ],
                [
                    -0.5194247236060154,
                    0.8545162119625435
                ],
                [
                    -0.570724639548107,
                    0.8211415138772873
                ],
                [
                    -0.8790429027111727,
                    0.476742671881924
                ]
            ]
        },
        {
            "Type": "F",
            "Centroid": {
                "x": 95727.870125,
                "y": 436277.2645625
            },
            "Distances": [
                1.6899368851456351,
                2.0503590967717433,
                1.5768061234224002,
                5.366132865085471,
                5.41184159283283,
                2.165155029268982,
                1.839899637447144,
                8.556061209800832,
                6.909046781281192,
                8.820305078373297,
                5.747644576322351,
                1.5686140540946438,
                7.909012647011552,
                7.202947074003855,
                5.360647715125312,
                5.664789398165391
            ],
            "UnitPairs": [
                [
                    -0.6678503853712222,
                    -0.7442955479911928
                ],
                [
                    -0.6143436054566054,
                    -0.7890386140326586
                ],
                [
                    -0.39169368435633656,
                    -0.9200956785222711
                ],
                [
                    -0.1786435453800551,
                    -0.9839138598952879
                ],
                [
                    -0.13833091511479934,
                    -0.9903860650895195
                ],
                [
                    0.09762580376072123,
                    -0.9952231922740111
                ],
                [
                    0.18010493249981263,
                    -0.983647402929138
                ],
                [
                    0.5193248261142341,
                    -0.8545769274801541
                ],
                [
                    0.8299806299671104,
                    -0.5577922138927708
                ],
                [
                    0.9403728018812904,
                    0.3401455474968494
                ],
                [
                    0.2438172683422876,
                    0.9698211895283093
                ],
                [
                    -0.06606150170137627,
                    0.9978155530923333
                ],
                [
                    -0.39519787608148665,
                    0.9185960149819299
                ],
                [
                    -0.4844718368952591,
                    0.8748068582580577
                ],
                [
                    -0.8104664269840651,
                    0.5857850892022458
                ],
                [
                    -0.8190286829548783,
                    0.5737525742837214
                ]
            ]
        },
        {
            "Type": "R",
            "Centroid": {
                "x": 95736.1645,
                "y": 436280.26475
            },
            "Distances": [
                0.0
            ],
            "UnitPairs": [
                [
                    0.0,
                    0.0
                ]
            ]
        }
    ],
    "Annual Heating [kWh/m2]": 143.39719710011823,
    "Annual Cooling [kWh/m2]": 0.272155081060051
}