{
    "Pand ID": "0599100000068746",
    "Archetype ID": "D.1975-1991",
    "Construction Year": 1975,
    "Number of Floors": 2,
    "Wall Area": 390.34,
    "Roof Area (Flat)": 131.85,
    "Roof Area (Sloped)": 227.99,
    "Floor Area": 291.7,
    "Shared Wall Area": 51.49,
    "Absolute Height (70%)": 6.437830448150635,
    "Surfaces": [
        {
            "Type": "G",
            "Centroid": {
                "x": 95134.52331465518,
                "y": 440996.7234310345
            },
            "Distances": [
                9.224115999019103,
                11.407034118352467,
                11.242255686858302,
                9.120937394998972,
                9.080810967409533,
                12.288218091326192,
                5.838006305089462,
                10.302551223962732,
                4.41773274247494,
                4.455911884448328,
                7.700034742271761,
                7.677391320031908,
                7.800636054823654,
                8.145804951520356,
                4.951470554570379,
                6.263514436894324,
                9.434000599315885,
                9.286847412309692,
                9.367716387042769,
                13.621345606642011,
                14.284630290958196,
                10.77898541052318,
                10.627072615573498,
                12.358179755105994,
                9.9053252186552,
                8.949409415935694,
                8.826623203121091,
                9.710771777487654,
                12.083688341253083
            ],
            "UnitPairs": [
                [
                    -0.9391349432396985,
                    -0.3435484804014834
                ],
                [
                    -0.9128305874374923,
                    -0.40833848537521267
                ],
                [
                    -0.8929426562410667,
                    -0.45017042624449266
                ],
                [
                    -0.4410390600182642,
                    -0.8974879094105981
                ],
                [
                    -0.43946401587827344,
                    -0.8982601954601687
                ],
                [
                    -0.31979328703008414,
                    -0.9474873368918945
                ],
                [
                    -0.21697298512045246,
                    -0.976177608700343
                ],
                [
                    -0.21574167474199124,
                    -0.9764504748216988
                ],
                [
                    0.03560884145826699,
                    -0.999365804102782
                ],
                [
                    0.042260787402840845,
                    -0.9991066138546435
                ],
                [
                    0.32990894585028074,
                    -0.944012758095968
                ],
                [
                    0.3371340911170182,
                    -0.9414566397910751
                ],
                [
                    0.3538570861959,
                    -0.9352995041958203
                ],
                [
                    0.9248085842553336,
                    -0.3804327568541456
                ],
                [
                    0.9991598031939911,
                    -0.040983992989276755
                ],
                [
                    0.9892705456760225,
                    0.14609513153375364
                ],
                [
                    0.9374930870238118,
                    0.34800389621750416
                ],
                [
                    0.9199365474128769,
                    0.3920672757755684
                ],
                [
                    0.9188269573077946,
                    0.3946606422288648
                ],
                [
                    0.8749730525168385,
                    0.4841716197479626
                ],
                [
                    0.4247439535537528,
                    0.9053135224437595
                ],
                [
                    0.29745938255938587,
                    0.9547344739389004
                ],
                [
                    0.2894786227693601,
                    0.9571844790632339
                ],
                [
                    0.09518475763762906,
                    0.9954596234471119
                ],
                [
                    -0.17522793213247495,
                    0.9845278928504649
                ],
                [
                    -0.3837895324194749,
                    0.9234205947482658
                ],
                [
                    -0.841396475669733,
                    0.5404183293806311
                ],
                [
                    -0.9417057536419775,
                    0.3364376220900318
                ],
                [
                    -0.9982622287590772,
                    0.058928114113383424
                ]
            ]
        },
        {
            "Type": "F",
            "Centroid": {
                "x": 95133.6793392857,
                "y": 440995.70892857143
            },
            "Distances": [
                8.110108233003837,
                7.709466035393278,
                10.238889824430835,
                9.650755691044836,
                10.045713263848253,
                1.1657486164384978,
                7.211218688946642,
                7.687644677904797,
                7.849056420632197,
                7.693392664762519,
                7.84433631772876,
                7.804876468878104,
                11.067299876274232,
                9.149897875009026,
                4.683889620821432,
                4.703462385114293,
                3.544783145860723,
                3.589084699451152,
                7.111347731005004,
                7.274440792069306,
                7.0983998082205675,
                7.242045319414449,
                3.33456987710931,
                2.5355054964747428,
                0.5909417251195875,
                0.48884789591631406,
                8.63271442876442,
                0.9742242963693595,
                3.377011651437654,
                5.847874691564074,
                3.3657615325420545,
                10.59867917550721,
                10.478333761056007,
                10.560573231594274,
                14.85871845011557,
                2.2582381835913785,
                4.140392887793854,
                4.2557167409908265,
                15.565112426086754,
                12.009194797891235,
                11.85360790678564,
                13.468950552261616,
                10.803435319090969,
                8.809292730257397,
                9.633467094715725,
                8.763184009204673,
                7.787058245698689,
                9.33989890471502,
                11.350797290146298
            ],