{
    "Pand ID": "0599100000081236",
    "Archetype ID": "D.1965",
    "Construction Year": 1958,
    "Number of Floors": 1,
    "Wall Area": 199.56,
    "Roof Area (Flat)": 164.33,
    "Roof Area (Sloped)": 0.0,
    "Floor Area": 158.81,
    "Shared Wall Area": 0.0,
    "Absolute Height (70%)": 1.9736336469650269,
    "Surfaces": [
        {
            "Type": "G",
            "Centroid": {
                "x": 91170.27882142857,
                "y": 432187.31060714286
            },
            "Distances": [
                12.636325478433418,
                7.7496294950903915,
                2.7654266573114796,
                6.376282909333838,
                6.484105293275459,
                8.189936692406052,
                6.304743873564192,
                8.747738999128217,
                8.30752975299833,
                4.766905722601199,
                3.639825175919047,
                10.2578860895044,
                10.20933894026045,
                10.383922443424032
            ],
            "UnitPairs": [
                [
                    -0.9005047747458143,
                    -0.4348461229676428
                ],
                [
                    0.03508923511747457,
                    -0.9993841831742538
                ],
                [
                    0.4440286160493985,
                    -0.8960126048941811
                ],
                [
                    0.8603646747548255,
                    -0.5096789444680084
                ],
                [
                    0.9126823676925526,
                    -0.40866966574865343
                ],
                [
                    0.990353024212562,
                    -0.13856726681663592
                ],
                [
                    0.9919401480610324,
                    -0.12670731101502025
                ],
                [
                    0.9850463728154731,
                    0.172289417559756
                ],
                [
                    0.9545471165553521,
                    0.29806006487931735
                ],
                [
                    -0.4065680215525102,
                    0.9136205141364097
                ],
                [
                    -0.6096642891667663,
                    0.7926597343846737
                ],
                [
                    -0.91052594531379,
                    0.4134519354295355
                ],
                [
                    -0.9185777339201938,
                    0.3952403657852291
                ],
                [
                    -0.9207572071791664,
                    0.3901360857798488
                ]
            ]
        },
        {
            "Type": "F",
            "Centroid": {
                "x": 91170.57598529411,
                "y": 432187.5038676471
            },
            "Distances": [
                12.988038843895426,
                7.938157758505342,
                2.828637909365313,
                6.227225570407991,
                6.520217725423047,
                6.298913702716799,
                7.925832155902135,
                6.0388196849174935,
                8.422871932929972,
                8.736362031172495,
                7.966846860124874,
                4.724144529901749,
                3.684789092652541,
                10.452830030998872,
                10.63148172444865,
                10.410102689710792,
                10.586220258568613
            ],
            "UnitPairs": [
                [
                    -0.898999104826595,
                    -0.43795046468862303
                ],
                [
                    -0.0031789862188077367,
                    -0.9999949470105439
                ],
                [
                    0.32905049557842553,
                    -0.944312327230558
                ],
                [
                    0.8332385983490644,
                    -0.5529135901940615
                ],
                [
                    0.8438007651850131,
                    -0.5366565649213529
                ],
                [
                    0.8923387382599957,
                    -0.4513663436728076
                ],
                [
                    0.9858604815484927,
                    -0.1675682276595837
                ],
                [
                    0.9864120832692133,
                    -0.16428999354948756
                ],
                [
                    0.9877586614320097,
                    0.1559898290467828
                ],
                [
                    0.9700564921238277,
                    0.24287939823791946
                ],
                [
                    0.958065950041264,
                    0.28654778898384486
                ],
                [
                    -0.47315133564623363,
                    0.8809811652789095
                ],
                [
                    -0.6828709135969016,
                    0.7305390580683095
                ],
                [
                    -0.9219737875322355,
                    0.3872522887000982
                ],
                [
                    -0.923317703828675,
                    0.3840370005566432
                ],
                [
                    -0.9294082472091332,
                    0.3690532617653539
                ],
                [
                    -0.9312327774529683,
                    0.3644249088594664
                ]
            ]
        },
        {
            "Type": "R",
            "Centroid": {
                "x": 91170.55075,
                "y": 432179.56575
            },
            "Distances": [
                0.0
            ],
            "UnitPairs": [
                [
                    0.0,
                    0.0
                ]
            ]
        }
    ],
    "Annual Heating [kWh/m2]": 622.7791642523797,
    "Annual Cooling [kWh/m2]": 2.1441308061863777
}