{
    "Pand ID": "0599100015001689",
    "Archetype ID": "D.1975-1991",
    "Construction Year": 1986,
    "Number of Floors": 2,
    "Wall Area": 210.21,
    "Roof Area (Flat)": 27.02,
    "Roof Area (Sloped)": 126.4,
    "Floor Area": 126.86,
    "Shared Wall Area": 0.0,
    "Absolute Height (70%)": 5.742162227630615,
    "Surfaces": [
        {
            "Type": "G",
            "Centroid": {
                "x": 75368.9179375,
                "y": 436844.430125
            },
            "Distances": [
                11.158014340876175,
                8.29224420956741,
                1.7830049863103408,
                5.191238944731975,
                8.093884684207287,
                2.8621026853245635,
                6.382285192743146,
                8.089937069075768
            ],
            "UnitPairs": [
                [
                    -0.999920295775655,
                    -0.012625454285955724
                ],
                [
                    -0.5773014975221401,
                    -0.8165310655196742
                ],
                [
                    0.25960387298483595,
                    -0.9657151904838575
                ],
                [
                    0.5628473339615958,
                    -0.8265608741359126
                ],
                [
                    0.9960452013517902,
                    0.08884794237387761
                ],
                [
                    0.9129214732244553,
                    0.408135251755702
                ],
                [
                    0.8183393318031793,
                    0.5747353634708117
                ],
                [
                    -0.41262681915721305,
                    0.9109001636360597
                ]
            ]
        },
        {
            "Type": "F",
            "Centroid": {
                "x": 75369.50905059522,
                "y": 436843.3978214286
            },
            "Distances": [
                9.117229738107513,
                7.858054006205675,
                7.7223260406564265,
                7.751186148981096,
                0.7013941575037866,
                0.8458262809507286,
                3.6993340201535463,
                4.00633733127775,
                3.9988218744158655,
                3.6739523031827286,
                7.148212950337312,
                7.055528291960967,
                7.548312028424261,
                2.4804525417323258,
                6.5990338003157625,
                2.9882113542376074,
                3.0060889956546704,
                2.7084350432009767,
                5.559775449597346,
                9.274853855986931,
                11.782009304024504
            ],
            "UnitPairs": [
                [
                    -0.973019036490371,
                    -0.2307248461422171
                ],
                [
                    -0.7393991044913596,
                    -0.6732673794840914
                ],
                [
                    -0.738409394423996,
                    -0.6743527016527683
                ],
                [
                    -0.683280983507187,
                    -0.7301555297177795
                ],
                [
                    -0.18283313862908257,
                    -0.983143958644429
                ],
                [
                    0.02454629897410398,
                    -0.9996986942107476
                ],
                [
                    0.5719304862029511,
                    -0.8203020900568619
                ],
                [
                    0.5817687608513703,
                    -0.8133542333432963
                ],
                [
                    0.5941154618484575,
                    -0.8043797722423122
                ],
                [
                    0.6148043628147188,
                    -0.7886796532585252
                ],
                [
                    0.9828696981453937,
                    0.18430180809634694
                ],
                [
                    0.9759385293122858,
                    0.218045836932909
                ],
                [
                    0.9666746521995089,
                    0.256008040488885
                ],
                [
                    0.8682939377142176,
                    0.4960500355092602
                ],
                [
                    0.7018848584402108,
                    0.7122904221540293
                ],
                [
                    0.6765792861034194,
                    0.7363697913519995
                ],
                [
                    0.6279793803508541,
                    0.7782299774836211
                ],
                [
                    0.5825363649513204,
                    0.8128046404329283
                ],
                [
                    -0.1973529516033432,
                    0.9803325009880314
                ],
                [
                    -0.42364420574545114,
                    0.9058286741643288
                ],
                [
                    -0.9971336630344447,
                    0.07566014831805866
                ]
            ]
        },
        {
            "Type": "R",
            "Centroid": {
                "x": 75360.63781249999,
                "y": 436841.29425000004
            },
            "Distances": [
                0.0
            ],
            "UnitPairs": [
                [
                    0.0,
                    0.0
                ]
            ]
        }
    ],
    "Annual Heating [kWh/m2]": 303.2188794929819,
    "Annual Cooling [kWh/m2]": 1.2037679372839334
}