{
    "Pand ID": "0599100000059528",
    "Archetype ID": "D.1965",
    "Construction Year": 1932,
    "Number of Floors": 3,
    "Wall Area": 232.39,
    "Roof Area (Flat)": 11.64,
    "Roof Area (Sloped)": 86.88,
    "Floor Area": 70.08,
    "Shared Wall Area": 0.0,
    "Absolute Height (70%)": 5.916082382202148,
    "Surfaces": [
        {
            "Type": "G",
            "Centroid": {
                "x": 95092.77428571429,
                "y": 437060.14414285717
            },
            "Distances": [
                4.096407959833234,
                3.5683690394884113,
                6.425203312123449,
                2.641245842785386,
                2.6250142643130685,
                5.381390940925426,
                5.666767826728045,
                5.216372456218071,
                8.782765601000014,
                4.553410546197063,
                7.418008504531832,
                4.837520959209428,
                3.0245897765414527,
                3.202452703207686
            ],
            "UnitPairs": [
                [
                    -0.9978951692211945,
                    -0.06484775435590463
                ],
                [
                    -0.9886269259821098,
                    -0.15038883343906925
                ],
                [
                    -0.8615736258237227,
                    -0.5076326302405748
                ],
                [
                    -0.6325748581258864,
                    -0.7744992245748311
                ],
                [
                    -0.6037246105001939,
                    -0.7971929469559983
                ],
                [
                    -0.5349519754049339,
                    -0.844882467571886
                ],
                [
                    0.5675570949885486,
                    -0.8233340415215198
                ],
                [
                    0.9658463478210332,
                    -0.2591154808203705
                ],
                [
                    0.8990578417373266,
                    0.43782987245118393
                ],
                [
                    0.8293155750865465,
                    0.5587805266102879
                ],
                [
                    0.7043958338043975,
                    0.7098073747989715
                ],
                [
                    -0.1332884590505022,
                    0.9910772859287729
                ],
                [
                    -0.6677883162678376,
                    0.7443512374250254
                ],
                [
                    -0.9997917255955764,
                    0.0204084646806137
                ]
            ]
        },
        {
            "Type": "F",
            "Centroid": {
                "x": 95092.35707142857,
                "y": 437060.1582142858
            },
            "Distances": [
                3.681213752804521,
                3.1589461592029555,
                6.077012222421818,
                2.4111956091379203,
                2.4086236988729364,
                5.182610220175364,
                1.2306739650678709,
                5.924654334227304,
                9.15378855099814,
                4.897671791729298,
                7.707982994013873,
                4.785699558579103,
                2.7520324400023677,
                2.7850436738527975
            ],
            "UnitPairs": [
                [
                    -0.9971090175807229,
                    -0.07598425533757337
                ],
                [
                    -0.9846864339564209,
                    -0.1743348123072013
                ],
                [
                    -0.8422842082959744,
                    -0.5390336839708848
                ],
                [
                    -0.5198961974762693,
                    -0.8542294444993781
                ],
                [
                    -0.4847463010153595,
                    -0.8746548025660903
                ],
                [
                    -0.4749675016998884,
                    -0.8800033365442239
                ],
                [
                    -0.31330103627678324,
                    -0.9496538636092068
                ],
                [
                    0.6132726681512778,
                    -0.7898712771702822
                ],
                [
                    0.9081953909156741,
                    0.41854645132831547
                ],
                [
                    0.856208572105481,
                    0.5166303137187105
                ],
                [
                    0.7320240036612783,
                    0.681278840170244
                ],
                [
                    -0.04755238513798968,
                    0.9988687454654332
                ],
                [
                    -0.5823228699160544,
                    0.8129576097022094
                ],
                [
                    -0.9998304352307751,
                    0.01841468941467421
                ]
            ]
        },
        {
            "Type": "R",
            "Centroid": {
                "x": 95097.8125,
                "y": 437058.79250000004
            },
            "Distances": [
                0.0
            ],
            "UnitPairs": [
                [
                    0.0,
                    0.0
                ]
            ]
        }
    ],
    "Annual Heating [kWh/m2]": 312.8967113813768,
    "Annual Cooling [kWh/m2]": 1.527270827371847
}