{
    "Pand ID": "0599100000208775",
    "Archetype ID": "D.1965",
    "Construction Year": 1926,
    "Number of Floors": 2,
    "Wall Area": 214.23,
    "Roof Area (Flat)": 13.03,
    "Roof Area (Sloped)": 74.02,
    "Floor Area": 82.67,
    "Shared Wall Area": 0.0,
    "Absolute Height (70%)": 5.966562271118164,
    "Surfaces": [
        {
            "Type": "G",
            "Centroid": {
                "x": 85765.7328125,
                "y": 433701.8345
            },
            "Distances": [
                6.522582861981844,
                5.330099465859834,
                5.239077179314161,
                5.6828036052796715,
                7.082400745224478,
                6.131409131783233,
                4.0718372623870245,
                3.3902225135458095,
                3.5297204480492725,
                4.985992786438938,
                6.1037339753235536,
                4.967581397592134,
                4.907854960847928,
                5.38145971755724,
                5.04505943390361,
                5.163864705012144
            ],
            "UnitPairs": [
                [
                    -0.9983104297466904,
                    -0.05810581605122031
                ],
                [
                    -0.006109173047412149,
                    -0.9999813388282187
                ],
                [
                    0.005427959737334392,
                    -0.9999852685180367
                ],
                [
                    0.10055556019291721,
                    -0.9949314445298675
                ],
                [
                    0.2890880611875689,
                    -0.9573025085514049
                ],
                [
                    0.9567845455922643,
                    -0.2907977532853445
                ],
                [
                    0.9952356243283019,
                    -0.09749898495807605
                ],
                [
                    0.9994734818885809,
                    0.03244624788040523
                ],
                [
                    0.9968034442897129,
                    0.07989301253655053
                ],
                [
                    0.9341043397933438,
                    0.35700011537707
                ],
                [
                    -0.1640901297562922,
                    0.9864453503953289
                ],
                [
                    -0.44077033162751833,
                    0.8976199166445492
                ],
                [
                    -0.4630459779539748,
                    0.8863342610441318
                ],
                [
                    -0.5001547240454427,
                    0.8659360553845918
                ],
                [
                    -0.9140749599536672,
                    0.4055452719311393
                ],
                [
                    -0.933324704524128,
                    0.3590334189528173
                ]
            ]
        },
        {
            "Type": "F",
            "Centroid": {
                "x": 85766.05245,
                "y": 433701.03635
            },
            "Distances": [
                4.545515291166275,
                4.450387192380886,
                4.862374159032564,
                3.6709246604190264,
                3.9932474456935028,
                6.226381152986113,
                3.2857748039940113,
                3.045899844440157,
                5.633553031833131,
                3.754293164162484,
                3.200354646366427,
                3.376247245460091,
                5.046123884976272,
                6.945961140292741,
                5.825264866313527,
                5.7639352236757055,
                6.2336768333531545,
                5.692620017414719,
                5.7831891083341045,
                6.844047060221971
            ],
            "UnitPairs": [
                [
                    -0.0774829645119362,
                    -0.9969936761135659
                ],
                [
                    -0.06543250899730164,
                    -0.9978569971525568
                ],
                [
                    0.05178540189681392,
                    -0.9986582359097558
                ],
                [
                    0.21651220701232857,
                    -0.9762799107912907
                ],
                [
                    0.2228261614401258,
                    -0.9748581957279012
                ],
                [
                    0.2774966642003049,
                    -0.9607266007338942
                ],
                [
                    0.47136523115384626,
                    -0.8819381037574469
                ],
                [
                    0.6174858321202266,
                    -0.7865820028012281
                ],
                [
                    0.9846006540905031,
                    -0.1748186259085492
                ],
                [
                    0.9942750437366743,
                    0.10685100562200849
                ],
                [
                    0.9588937286928041,
                    0.2837654261421058
                ],
                [
                    0.947442461241428,
                    0.31992621436322677
                ],
                [
                    0.8596301039910504,
                    0.5109169054869255
                ],
                [
                    -0.1902112570629918,
                    0.9817431831627437
                ],
                [
                    -0.43074436228825874,
                    0.9024739854183507
                ],
                [
                    -0.449727469065149,
                    0.8931658320649394
                ],
                [
                    -0.4830535942900006,
                    0.8755907862943233
                ],
                [
                    -0.8662443628629618,
                    0.4996205598333012
                ],
                [
                    -0.8886446394427978,
                    0.4585964509125424
                ],
                [
                    -0.9981228854640548,
                    0.06124300378744712
                ]
            ]
        },
        {
            "Type": "R",
            "Centroid": {
                "x": 85761.12125,
                "y": 433703.8805
            },
            "Distances": [
                0.0
            ],
            "UnitPairs": [
                [
                    0.0,
                    0.0
                ]
            ]
        }
    ],
    "Annual Heating [kWh/m2]": 395.9385730913863,
    "Annual Cooling [kWh/m2]": 1.864665082115868
}