{
    "Pand ID": "0599100000378282",
    "Archetype ID": "D.1992-2005",
    "Construction Year": 2001,
    "Number of Floors": 3,
    "Wall Area": 325.14,
    "Roof Area (Flat)": 37.18,
    "Roof Area (Sloped)": 151.95,
    "Floor Area": 136.05,
    "Shared Wall Area": 0.0,
    "Absolute Height (70%)": 3.0141868591308594,
    "Surfaces": [
        {
            "Type": "G",
            "Centroid": {
                "x": 100335.64563970588,
                "y": 444075.7040735294
            },
            "Distances": [
                8.866050153361622,
                6.765399568508258,
                6.586386389733167,
                7.1185746651184285,
                6.922570767252543,
                7.984034810240491,
                7.503744670930501,
                7.944010875629507,
                7.912055721079919,
                7.473367952749547,
                7.908181089558896,
                6.790478357349052,
                6.939702114641239,
                6.529189196015854,
                6.797749062865064,
                4.398599064886667,
                7.184387195919449
            ],
            "UnitPairs": [
                [
                    -0.7661545545517549,
                    -0.6426563611601477
                ],
                [
                    -0.45433601884991415,
                    -0.8908303890054551
                ],
                [
                    -0.3871264992674348,
                    -0.9220266121782715
                ],
                [
                    -0.36450621478944134,
                    -0.931200955422552
                ],
                [
                    0.06951684718039981,
                    -0.997580777660685
                ],
                [
                    0.43790331295119994,
                    -0.8990220734255435
                ],
                [
                    0.4728619442321802,
                    -0.8811365284091691
                ],
                [
                    0.541443782171835,
                    -0.8407369569297275
                ],
                [
                    0.6858186399848057,
                    0.7277724871478666
                ],
                [
                    0.6261213583616546,
                    0.7797256213587933
                ],
                [
                    0.5959948616167249,
                    0.8029882470662076
                ],
                [
                    0.2503852018436708,
                    0.9681462961235271
                ],
                [
                    -0.1973809081800735,
                    0.9803268725715976
                ],
                [
                    -0.21591726990250296,
                    0.9764116614204532
                ],
                [
                    -0.3187473803225708,
                    0.9478397056135064
                ],
                [
                    -0.549439644356565,
                    0.8355334087930484
                ],
                [
                    -0.8312142070068034,
                    0.5559522839867204
                ]
            ]
        },
        {
            "Type": "F",
            "Centroid": {
                "x": 100335.6236644737,
                "y": 444076.25193421054
            },
            "Distances": [
                9.211523291788032,
                7.248440622641396,
                7.08683138216784,
                7.62391250827234,
                7.470651186095348,
                8.489051880418677,
                8.00046756114507,
                8.421111205384989,
                7.538593274918372,
                7.069126934597513,
                7.489264800289719,
                7.503705739685636,
                6.511227933076509,
                6.398868032052732,
                5.990289553396847,
                6.273346008607843,
                3.7573434465905997,
                3.9389237959523,
                6.87583357144122
            ],
            "UnitPairs": [
                [
                    -0.7350347232723164,
                    -0.6780294651296427
                ],
                [
                    -0.42102703637606564,
                    -0.9070480883836243
                ],
                [
                    -0.3566882485809135,
                    -0.9342234707629008
                ],
                [
                    -0.3374631425662802,
                    -0.9413387421164022
                ],
                [
                    0.06735832175454398,
                    -0.997728849182187
                ],
                [
                    0.41444092648599495,
                    -0.9100762157387864
                ],
                [
                    0.4462502346292181,
                    -0.8949082232795538
                ],
                [
                    0.5133776791282457,
                    -0.8581627809296416
                ],
                [
                    0.7227091749899986,
                    0.691152261361616
                ],
                [
                    0.6650341081428113,
                    0.7468129852959814
                ],
                [
                    0.6322664043224715,
                    0.7747510528970794
                ],
                [
                    0.6313161377386555,
                    0.7755255858002024
                ],
                [
                    -0.20545886082339573,
                    0.9786657532115612
                ],
                [
                    -0.2106293592787724,
                    0.977565994196716
                ],
                [
                    -0.2316731873014928,
                    0.972793675085096
                ],
                [
                    -0.34188923594348897,
                    0.939740256850784
                ],
                [
                    -0.5458083624363986,
                    0.8379100378289408
                ],
                [
                    -0.607980656074889,
                    0.7939518384881715
                ],
                [
                    -0.8653190063255884,
                    0.5012215251679601
                ]
            ]
        },
        {
            "Type": "R",
            "Centroid": {
                "x": 100337.345875,
                "y": 444082.27825
            },
            "Distances": [
                0.0
            ],
            "UnitPairs": [
                [
                    0.0,
                    0.0
                ]
            ]
        }
    ],
    "Annual Heating [kWh/m2]": 110.7042173518277,
    "Annual Cooling [kWh/m2]": 0.3021273756599904
}