{
    "Pand ID": "0599100000259685",
    "Archetype ID": "D.1965",
    "Construction Year": 1957,
    "Number of Floors": 2,
    "Wall Area": 298.35,
    "Roof Area (Flat)": 0.0,
    "Roof Area (Sloped)": 122.71,
    "Floor Area": 105.36,
    "Shared Wall Area": 0.0,
    "Absolute Height (70%)": 7.940775394439697,
    "Surfaces": [
        {
            "Type": "G",
            "Centroid": {
                "x": 69113.8082125,
                "y": 445274.00700000004
            },
            "Distances": [
                9.62748653649006,
                8.213043943058517,
                1.6901268621726402,
                4.00213003415288,
                3.9795151727524196,
                3.8545937282905705,
                8.262699607875923,
                7.9814400210118945,
                3.450722389563303,
                5.262812081905013
            ],
            "UnitPairs": [
                [
                    -0.9459789910351651,
                    -0.32422792680472656
                ],
                [
                    -0.5623250078791404,
                    -0.8269163110700651
                ],
                [
                    -0.23572195017290234,
                    -0.9718205401238872
                ],
                [
                    0.47514698017913704,
                    -0.879906442314549
                ],
                [
                    0.9153376333245898,
                    -0.40268724466977934
                ],
                [
                    0.9187998138475696,
                    -0.3947238301314877
                ],
                [
                    0.9199898774927371,
                    0.39194211984794197
                ],
                [
                    0.27333413447542493,
                    0.9619191498928433
                ],
                [
                    -0.4745093389559966,
                    0.8802504684710728
                ],
                [
                    -0.590444794842209,
                    0.8070780285968276
                ]
            ]
        },
        {
            "Type": "F",
            "Centroid": {
                "x": 69113.8880625,
                "y": 445274.3586666666
            },
            "Distances": [
                9.821835330362964,
                8.737773701394037,
                8.549759241615465,
                2.050712987437663,
                2.676928075841833,
                1.5201515023592675,
                1.6941963453990836,
                4.280209467977439,
                3.899557550563974,
                4.0634904852047296,
                3.936047055533367,
                2.2096097144322124,
                0.9160393497529246,
                8.056707128683977,
                7.017121104171111,
                7.55018154911819,
                1.0131892338803372,
                1.1290210023574565,
                3.6511461794965614,
                2.222038198867564,
                3.21730437225804,
                3.1878908791485006,
                2.0773525435999436,
                5.033495795561027
            ],
            "UnitPairs": [
                [
                    -0.9353903512922329,
                    -0.3536168699445672
                ],
                [
                    -0.7937090427168063,
                    -0.6082975879531095
                ],
                [
                    -0.5495183977968429,
                    -0.8354816158855867
                ],
                [
                    -0.23321157223355915,
                    -0.9724260190761821
                ],
                [
                    0.12430292879525898,
                    -0.992244315626409
                ],
                [
                    0.2688876729509857,
                    -0.9631715420084855
                ],
                [
                    0.28848486264969775,
                    -0.9574844562821816
                ],
                [
                    0.4256216929643959,
                    -0.9049011959756279
                ],
                [
                    0.8508016504390733,
                    -0.5254869661658117
                ],
                [
                    0.8767708483554678,
                    -0.4809083898977365
                ],
                [
                    0.8794991399138942,
                    -0.4759004758252721
                ],
                [
                    0.9276525110307752,
                    -0.37344453239845066
                ],
                [
                    0.9341847598940579,
                    0.3567896220207104
                ],
                [
                    0.9336010208464068,
                    0.3583142948230604
                ],
                [
                    0.6864282272590349,
                    0.7271975583168707
                ],
                [
                    0.2977080730273984,
                    0.9546569557984236
                ],
                [
                    0.15569648267415134,
                    0.9878049429330152
                ],
                [
                    -0.062222048888038034,
                    0.9980623310355794
                ],
                [
                    -0.28764939785156635,
                    0.9577357798034024
                ],
                [
                    -0.40784627395778333,
                    0.9130506102176116
                ],
                [
                    -0.5160375916921971,
                    0.8565659367267165
                ],
                [
                    -0.5386790405009717,
                    0.8425110630282266
                ],
                [
                    -0.5551537236931892,
                    0.8317477640905242
                ],
                [
                    -0.6332080385988345,
                    0.773981640514694
                ]
            ]
        },
        {
            "Type": "R",
            "Centroid": {
                "x": 69106.95281249999,
                "y": 445269.04349999997
            },
            "Distances": [
                0.0
            ],
            "UnitPairs": [
                [
                    0.0,
                    0.0
                ]
            ]
        }
    ],
    "Annual Heating [kWh/m2]": 405.56070522979974,
    "Annual Cooling [kWh/m2]": 1.764959176516743
}