{
    "Pand ID": "0599100100000712",
    "Archetype ID": "D.2006-2014",
    "Construction Year": 2010,
    "Number of Floors": 2,
    "Wall Area": 238.95,
    "Roof Area (Flat)": 11.69,
    "Roof Area (Sloped)": 193.99,
    "Floor Area": 120.07,
    "Shared Wall Area": 0.0,
    "Absolute Height (70%)": 2.1946892738342285,
    "Surfaces": [
        {
            "Type": "G",
            "Centroid": {
                "x": 98209.9232222222,
                "y": 438497.5005
            },
            "Distances": [
                5.604958424306561,
                3.050080954199137,
                2.6138023483212476,
                7.803973926755364,
                7.336310800432394,
                7.378842911759207,
                7.561355128750715,
                7.5074967972531566,
                9.344063388347292,
                7.310672483467294,
                5.696583775937956,
                5.534029930501241,
                4.757010843013992,
                4.900347702425179,
                6.897031998069534,
                6.311140286488064,
                5.059265454409971,
                8.527509871284895
            ],
            "UnitPairs": [
                [
                    -0.936531874963145,
                    -0.350582439916799
                ],
                [
                    -0.9043111522710386,
                    -0.4268739156685804
                ],
                [
                    -0.8907414991474356,
                    -0.45451026577688974
                ],
                [
                    -0.07499028414358887,
                    -0.9971842644587127
                ],
                [
                    0.2873075903025438,
                    -0.9578383728764188
                ],
                [
                    0.29432497801521373,
                    -0.9557053977645746
                ],
                [
                    0.4637763625800017,
                    -0.8859523043099232
                ],
                [
                    0.46537186390271446,
                    -0.8851152627131189
                ],
                [
                    0.7956685939287639,
                    -0.6057321921735909
                ],
                [
                    0.6010087016928185,
                    0.7992424791573035
                ],
                [
                    0.4191596001567519,
                    0.9079125671541461
                ],
                [
                    0.3470848191849193,
                    0.9378337423506214
                ],
                [
                    0.14605343580467608,
                    0.9892767023889977
                ],
                [
                    0.1342308378362895,
                    0.9909500906573286
                ],
                [
                    -0.5576633866990464,
                    0.8300671943495599
                ],
                [
                    -0.5842402568850692,
                    0.8115807552147034
                ],
                [
                    -0.660416468026613,
                    0.7508995197489833
                ],
                [
                    -0.8178497975941093,
                    0.5754317583999642
                ]
            ]
        },
        {
            "Type": "F",
            "Centroid": {
                "x": 98210.56460714285,
                "y": 438497.08946428576
            },
            "Distances": [
                3.069566758402056,
                3.514419736493777,
                6.092130785925404,
                3.381248440014091,
                5.692460528636411,
                7.4723275881490965,
                6.77652502700558,
                6.81502083209863,
                2.6389895411935886,
                6.910063030446919,
                6.855541971829744,
                2.873964809638385,
                8.584975980442278,
                3.605766177534852,
                2.78820161163529,
                4.507539962430433,
                4.681219828651792,
                2.748286819301699,
                7.2933815798685195,
                5.8498013469205326,
                5.745297830000098,
                5.117314266126266,
                5.267061224324634,
                7.601943972108087,
                7.025049751584659,
                7.4800177528925555,
                5.795305028182774,
                9.288647695578167
            ],
            "UnitPairs": [
                [
                    -0.9674352690763507,
                    -0.25311854959123153
                ],
                [
                    -0.9673309956559737,
                    -0.25351675456115835
                ],
                [
                    -0.9669206636960381,
                    -0.25507730223917047
                ],
                [
                    -0.3979616306591765,
                    -0.9174020604528252
                ],
                [
                    -0.21688462074548176,
                    -0.9761972450709379
                ],
                [
                    -0.16415328803379384,
                    -0.9864348422616135
                ],
                [
                    0.21639304087200728,
                    -0.976306330954668
                ],
                [
                    0.22456172839991356,
                    -0.9744598658426336
                ],
                [
                    0.3927233666402609,
                    -0.9196566518515152
                ],
                [
                    0.41466956878952876,
                    -0.909972059307266
                ],
                [
                    0.4160710953063129,
                    -0.9093320865616725
                ],
                [
                    0.6459344425208867,
                    -0.7633928844083048
                ],
                [
                    0.7913118071174605,
                    -0.6114128097419114
                ],
                [
                    0.9183603966810896,
                    -0.3957450970103758
                ],
                [
                    0.9222406465941841,
                    -0.38661633406976087
                ],
                [
                    0.9762293609871228,
                    -0.2167400164867437
                ],
                [
                    0.9295425159304105,
                    0.36871494555789636
                ],
                [
                    0.6168908009304538,
                    0.787048753081652
                ],
                [
                    0.5144928749517009,
                    0.8574946539914599
                ],
                [
                    0.2985388312471799,
                    0.9543974885955891
                ],
                [
                    0.22268521058518803,
                    0.9748904025512973
                ],
                [
                    0.01043376551875341,
                    0.9999455667870625
                ],
                [
                    0.0031123346480581597,
                    0.9999951566747902
                ],
                [
                    -0.5903236276568417,
                    0.8071666585223071
                ],
                [
                    -0.6161674715375275,
                    0.787615164289674
                ],
                [
                    -0.6814966636794707,
                    0.7318212195569014
                ],
                [
                    -0.6872126874231277,
                    0.7264562768981231
                ],
                [
                    -0.8198833019020914,
                    0.5725306727696989
                ]
            ]
        },
        {
            "Type": "R",
            "Centroid": {
                "x": 98210.58099999999,
                "y": 438502.3565
            },