{
    "Pand ID": "0599100000145309",
    "Archetype ID": "D.1965",
    "Construction Year": 1909,
    "Number of Floors": 2,
    "Wall Area": 187.89,
    "Roof Area (Flat)": 4.39,
    "Roof Area (Sloped)": 105.05,
    "Floor Area": 71.65,
    "Shared Wall Area": 0.0,
    "Absolute Height (70%)": 7.235013961791992,
    "Surfaces": [
        {
            "Type": "G",
            "Centroid": {
                "x": 97196.79306666668,
                "y": 434079.5569333333
            },
            "Distances": [
                5.367073095171135,
                5.562058660432478,
                6.480732438707233,
                6.480964507076362,
                7.287129847107147,
                4.096533690259979,
                4.390142876434098,
                6.148306439615546,
                4.025157405896061,
                4.580247949133126,
                5.089332858273608,
                6.165984939636597,
                5.788184131699954,
                5.713497575241891,
                5.638651689516597
            ],
            "UnitPairs": [
                [
                    -0.9998124809399692,
                    -0.01936499307161644
                ],
                [
                    -0.9219727765821377,
                    -0.38725469557052955
                ],
                [
                    -0.7534745050592431,
                    -0.65747712524903
                ],
                [
                    0.8512518973517135,
                    -0.5247572841372552
                ],
                [
                    0.8901904411507392,
                    -0.45558860662208456
                ],
                [
                    0.9954594888393511,
                    -0.09518616537973296
                ],
                [
                    0.9967633073672351,
                    -0.08039222030974742
                ],
                [
                    0.9997766691841877,
                    -0.021133190837434195
                ],
                [
                    0.9636724585339842,
                    0.2670868635164719
                ],
                [
                    0.7968855341139981,
                    0.6041303216358603
                ],
                [
                    0.6930050424179913,
                    0.7209327369340626
                ],
                [
                    -0.9184366686125757,
                    0.39556805450874566
                ],
                [
                    -0.9612801770076098,
                    0.2755728965123717
                ],
                [
                    -0.9698204285030316,
                    0.24382029541897496
                ],
                [
                    -0.9780825222681754,
                    0.2082176256552845
                ]
            ]
        },
        {
            "Type": "F",
            "Centroid": {
                "x": 97197.7410625,
                "y": 434079.344
            },
            "Distances": [
                6.378559124428705,
                7.0984219287810975,
                5.57122373262758,
                5.058318087970196,
                6.350848575501807,
                3.5951774474903315,
                3.1349382376500134,
                3.430795170793339,
                5.199599997007289,
                3.2014588282397565,
                4.022544748510036,
                4.660562479871663,
                7.123148979132591,
                6.758389009516323,
                6.684846155954095,
                6.610215267210337
            ],
            "UnitPairs": [
                [
                    -0.9525760256303694,
                    -0.3043006989710178
                ],
                [
                    -0.8214589888435329,
                    -0.5702675947729807
                ],
                [
                    0.8200958567208773,
                    -0.5722261666415215
                ],
                [
                    0.8589688162036898,
                    -0.5120279023545804
                ],
                [
                    0.8721570722628051,
                    -0.48922596139409036
                ],
                [
                    0.9904761453406389,
                    -0.1376844417904562
                ],
                [
                    0.9984048369452567,
                    -0.05646044247360579
                ],
                [
                    0.9991670529288733,
                    -0.04080686635151004
                ],
                [
                    0.9998725869278184,
                    0.015962766372786263
                ],
                [
                    0.9155006068320011,
                    0.40231659037409545
                ],
                [
                    0.6716985562423725,
                    0.7408245740672432
                ],
                [
                    0.5533532725159878,
                    0.8329466704392586
                ],
                [
                    -0.9281095368589591,
                    0.3723072489106925
                ],
                [
                    -0.9635524813426188,
                    0.26751937443572593
                ],
                [
                    -0.9707123168746936,
                    0.2402448706377816
                ],
                [
                    -0.9777385816856506,
                    0.2098267520678247
                ]
            ]
        },
        {
            "Type": "R",
            "Centroid": {
                "x": 97191.42700000001,
                "y": 434079.453
            },
            "Distances": [
                0.0
            ],
            "UnitPairs": [
                [
                    0.0,
                    0.0
                ]
            ]
        }
    ],
    "Annual Heating [kWh/m2]": 435.5149124884433,
    "Annual Cooling [kWh/m2]": 1.9809057547068178
}