{
    "Pand ID": "0599100110004820",
    "Archetype ID": "D.2015-2018",
    "Construction Year": 2021,
    "Number of Floors": 2,
    "Wall Area": 365.51,
    "Roof Area (Flat)": 161.51,
    "Roof Area (Sloped)": 0.0,
    "Floor Area": 161.5,
    "Shared Wall Area": 0.0,
    "Absolute Height (70%)": 1.9884428977966309,
    "Surfaces": [
        {
            "Type": "G",
            "Centroid": {
                "x": 96800.11951190476,
                "y": 438195.6999880952
            },
            "Distances": [
                8.72421600073028,
                6.951323691632934,
                7.023114477947015,
                6.96107641641945,
                10.284040528386516,
                8.738888763899176,
                8.92553343579153,
                4.1023086727671645,
                7.478797132018032,
                7.346449723641413,
                7.652054306741102,
                8.25713025897758,
                8.019624256088928,
                8.130427389867876,
                5.107649824764026,
                5.622945103550032,
                5.451878009258941,
                7.931635384682222,
                8.026043882207981,
                7.588171504382586,
                9.399074347488764
            ],
            "UnitPairs": [
                [
                    -0.9163874328754101,
                    -0.4002924841512963
                ],
                [
                    -0.8533283972813708,
                    -0.5213738067770638
                ],
                [
                    -0.8379134247686989,
                    -0.5458031628640401
                ],
                [
                    -0.8363306989465711,
                    -0.5482252839841846
                ],
                [
                    -0.42928281861319084,
                    -0.9031701177760004
                ],
                [
                    0.5584506482564157,
                    -0.8295377468578444
                ],
                [
                    0.5998787785357008,
                    -0.8000909017496172
                ],
                [
                    0.9453793959917935,
                    -0.32597208106552866
                ],
                [
                    0.9983207143394263,
                    -0.05792884705237717
                ],
                [
                    0.9999711931056737,
                    0.0075903200733167
                ],
                [
                    0.9998933343289504,
                    0.01460547721006308
                ],
                [
                    0.7678500757982614,
                    0.6406295818151111
                ],
                [
                    0.7585440291190132,
                    0.651621788991048
                ],
                [
                    0.7413187285515324,
                    0.6711531439982528
                ],
                [
                    0.4650354226946796,
                    0.885292073633996
                ],
                [
                    0.39289697028045134,
                    0.9195824980633559
                ],
                [
                    0.35258274157582753,
                    0.9357806422142281
                ],
                [
                    -0.9326906175052184,
                    0.3606774348607551
                ],
                [
                    -0.9355495702435281,
                    0.35319541562306545
                ],
                [
                    -0.9630464863022414,
                    0.26933522833247536
                ],
                [
                    -0.9864547892675072,
                    0.16403337688165154
                ]
            ]
        },
        {
            "Type": "F",
            "Centroid": {
                "x": 96799.99060185185,
                "y": 438195.68882407405
            },
            "Distances": [
                8.60171506528038,
                8.783155854689916,
                6.835743842439608,
                6.909274981362068,
                6.847419288778969,
                10.219228418622647,
                10.465797208641547,
                8.80234522568613,
                8.99460226561006,
                4.220865874570366,
                7.606866760780401,
                7.905726496330705,
                7.475447740193716,
                7.78111919908272,
                8.36359333271807,
                8.12503401644015,
                8.468535285350738,
                8.233855351730497,
                5.178626786871575,
                5.685005986340098,
                5.9227768004023,
                5.509012638371544,
                7.997581643143314,
                7.815635979776534,
                7.909583284289938,
                7.467170446140748,
                9.27379743774596
            ],