{
    "Pand ID": "0599100000426142",
    "Archetype ID": "D.2006-2014",
    "Construction Year": 2006,
    "Number of Floors": 2,
    "Wall Area": 328.89,
    "Roof Area (Flat)": 132.63,
    "Roof Area (Sloped)": 5.6,
    "Floor Area": 143.71,
    "Shared Wall Area": 0.0,
    "Absolute Height (70%)": 1.4799357652664185,
    "Surfaces": [
        {
            "Type": "G",
            "Centroid": {
                "x": 99820.0054632353,
                "y": 444446.24725
            },
            "Distances": [
                11.153863395267312,
                11.15511177965229,
                11.969862859502726,
                1.2332683950829781,
                1.7120392189675286,
                4.619190697400684,
                2.0509466950726867,
                1.7246575599097247,
                5.035805384981788,
                5.194579091161034,
                5.080551185254756,
                6.573373343321562,
                6.918990605073596,
                5.86519426428587,
                7.548092999833229,
                7.447047681444143,
                12.243118503845233
            ],
            "UnitPairs": [
                [
                    -0.999527055354766,
                    -0.03075167660194035
                ],
                [
                    -0.9995048418634204,
                    -0.03146539514417625
                ],
                [
                    -0.9546966719191459,
                    -0.29758068590973236
                ],
                [
                    -0.821060719093605,
                    -0.57084086710877
                ],
                [
                    -0.6224087763274191,
                    -0.7826923502568585
                ],
                [
                    -0.2876235951985028,
                    -0.9577435290750275
                ],
                [
                    0.6876881627864769,
                    -0.72600619195938
                ],
                [
                    0.8462037906139424,
                    -0.5328594042996664
                ],
                [
                    0.9343911062843434,
                    -0.3562488743795845
                ],
                [
                    0.9374025651078762,
                    -0.3482476574640149
                ],
                [
                    0.970251373318383,
                    -0.24209971617866835
                ],
                [
                    0.9785556713038309,
                    -0.20598251906195547
                ],
                [
                    0.9707213303309505,
                    0.24020844872841066
                ],
                [
                    0.9521273316914668,
                    0.30570172430996756
                ],
                [
                    0.7734949430056589,
                    0.6338024717091851
                ],
                [
                    0.764787874113163,
                    0.6442821645905379
                ],
                [
                    -0.8583261063756727,
                    0.5131045654776202
                ]
            ]
        },
        {
            "Type": "F",
            "Centroid": {
                "x": 99820.0054632353,
                "y": 444446.24725
            },
            "Distances": [
                11.153863395267312,
                11.15511177965229,
                11.969862859502726,
                1.2332683950829781,
                1.7120392189675286,
                4.619190697400684,
                2.0509466950726867,
                1.7246575599097247,
                5.035805384981788,
                5.194579091161034,
                5.080551185254756,
                6.573373343321562,
                6.918990605073596,
                5.86519426428587,
                7.548092999833229,
                7.447047681444143,
                12.243118503845233
            ],
            "UnitPairs": [
                [
                    -0.999527055354766,
                    -0.03075167660194035
                ],
                [
                    -0.9995048418634204,
                    -0.03146539514417625
                ],
                [
                    -0.9546966719191459,
                    -0.29758068590973236
                ],
                [
                    -0.821060719093605,
                    -0.57084086710877
                ],
                [
                    -0.6224087763274191,
                    -0.7826923502568585
                ],
                [
                    -0.2876235951985028,
                    -0.9577435290750275
                ],
                [
                    0.6876881627864769,
                    -0.72600619195938
                ],
                [
                    0.8462037906139424,
                    -0.5328594042996664
                ],
                [
                    0.9343911062843434,
                    -0.3562488743795845
                ],
                [
                    0.9374025651078762,
                    -0.3482476574640149
                ],
                [
                    0.970251373318383,
                    -0.24209971617866835
                ],
                [
                    0.9785556713038309,
                    -0.20598251906195547
                ],
                [
                    0.9707213303309505,
                    0.24020844872841066
                ],
                [
                    0.9521273316914668,
                    0.30570172430996756
                ],
                [
                    0.7734949430056589,
                    0.6338024717091851
                ],
                [
                    0.764787874113163,
                    0.6442821645905379
                ],
                [
                    -0.8583261063756727,
                    0.5131045654776202
                ]
            ]
        },
        {
            "Type": "R",
            "Centroid": {
                "x": 99825.70087500001,
                "y": 444451.04525
            },
            "Distances": [
                0.0
            ],
            "UnitPairs": [
                [
                    0.0,
                    0.0
                ]
            ]
        }
    ],
    "Annual Heating [kWh/m2]": 157.5768138699122,
    "Annual Cooling [kWh/m2]": 0.45547026105367633
}