{
    "Pand ID": "0599100000240336",
    "Archetype ID": "D.1965",
    "Construction Year": 1928,
    "Number of Floors": 2,
    "Wall Area": 171.54,
    "Roof Area (Flat)": 48.03,
    "Roof Area (Sloped)": 88.27,
    "Floor Area": 108.31,
    "Shared Wall Area": 27.09,
    "Absolute Height (70%)": 5.336924076080322,
    "Surfaces": [
        {
            "Type": "G",
            "Centroid": {
                "x": 86082.47987962962,
                "y": 433476.3588703704
            },
            "Distances": [
                3.2241994550910524,
                3.186644481596037,
                4.192691327860395,
                4.236874491833166,
                4.337873648788456,
                4.3104143798770815,
                4.56004065286565,
                8.903509550269904,
                8.802408436001823,
                9.672534976271892,
                10.339442757392128,
                6.566142884937322,
                5.337918325717887,
                4.579975345273098,
                4.723939024162116,
                6.218512140142135,
                6.827565694386468,
                6.58335869870461,
                5.842496138334398,
                5.016599284953111,
                5.57820938818138,
                5.568695556463852,
                5.866183500985309,
                5.344610436562945,
                5.214963198652429,
                5.349706846968732,
                5.402820756416325
            ],
            "UnitPairs": [
                [
                    -0.8711091446868556,
                    -0.4910894603256466
                ],
                [
                    -0.8625466836670354,
                    -0.5059774881306471
                ],
                [
                    -0.6081128874646716,
                    -0.7938505628261403
                ],
                [
                    -0.6003551992223929,
                    -0.799733477332693
                ],
                [
                    -0.5826886244927904,
                    -0.8126954945652769
                ],
                [
                    -0.5757287840397236,
                    -0.817640732368527
                ],
                [
                    -0.5678961717149338,
                    -0.8231001993387698
                ],
                [
                    -0.23537118905789695,
                    -0.9719055526960796
                ],
                [
                    -0.22069296644817288,
                    -0.9753433316326644
                ],
                [
                    -0.18998428376239593,
                    -0.981787131675339
                ],
                [
                    0.532076099211469,
                    -0.8466965363386737
                ],
                [
                    0.7667165425105342,
                    -0.6419857813384126
                ],
                [
                    0.9054785171742631,
                    -0.42439210046359
                ],
                [
                    0.9896058447244539,
                    0.14380637012038153
                ],
                [
                    0.9380668013919771,
                    0.3464544358587795
                ],
                [
                    0.662758273601219,
                    0.7488334065552443
                ],
                [
                    0.5873792431849716,
                    0.8093118216580368
                ],
                [
                    0.5540288076790539,
                    0.8324974956489214
                ],
                [
                    0.4108467192008578,
                    0.911704433093254
                ],
                [
                    -0.01966065536232351,
                    0.9998067106349727
                ],
                [
                    -0.03040933350189628,
                    0.9995375292784011
                ],
                [
                    -0.05703842603874729,
                    0.9983719837590708
                ],
                [
                    -0.4192895822657242,
                    0.9078525465093076
                ],
                [
                    -0.44898120416943144,
                    0.893541201233926
                ],
                [
                    -0.45132238521465223,
                    0.892360972143088
                ],
                [
                    -0.5975336071810671,
                    0.8018438677755054
                ],
                [
                    -0.6277516472474223,
                    0.7784136878152568
                ]
            ]
        },
        {
            "Type": "F",
            "Centroid": {
                "x": 86083.0825515873,
                "y": 433476.1724047619
            },
            "Distances": [
                3.686234044841494,
                3.642036067781672,
                2.3135923942364145,
                4.450682063481513,
                4.423232344105625,
                4.489031942691849,
                4.57679724659761,
                4.544724907072538,
                4.786815121212695,
                1.9996721727073694,
                3.9978353712227284,
                3.860257912068752,
                2.720667358911311,
                2.9333550602250837,
                2.734795193539185,
                8.886467673003954,
                8.776113112847902,
                9.686521730048563,
                9.624416788187334,
                4.4806160048033234,
                3.3434009542922194,
                3.391678439898509,
                5.492037109107139,
                9.869459871094037,
                5.194348440247816,
                2.973148943410814,
                3.8343245391045113,
                2.8734746879949444,
                5.989325872033676,
                4.4068293145827315,
                4.713878877113514,
                2.9808918935158224,
                2.8700788145217397,
                4.019541712219655,
                4.24059049928381,
                3.4592324300219777,
                5.986385387249151,
                3.5758141204629843,
                3.575098682870924,
                6.651348771556633,
                5.253145732246119,
                5.28546794089297,
                5.247972419199352,
                4.037691815280873,
                6.433207354193382,
                5.073488424991277,
                2.6064975262083423,
                4.961594140781011,
                5.798787691209055,
                1.7104549951851469,
                5.813621184352621,
                5.249154101669002,
                5.819326893837457,
                5.560359953699008,
                6.305623278146443,
                5.799672747062884,
                5.671528981600764,
                3.973217516530605,
                4.145992379926162,
                6.322348347258184,
                5.87112605315377,
                5.936745383686945,
                1.726486547416278
            ],