{
    "Pand ID": "0599100000428213",
    "Archetype ID": "D.2006-2014",
    "Construction Year": 2006,
    "Number of Floors": 3,
    "Wall Area": 556.28,
    "Roof Area (Flat)": 155.75,
    "Roof Area (Sloped)": 0.0,
    "Floor Area": 155.05,
    "Shared Wall Area": 0.0,
    "Absolute Height (70%)": 5.067566871643066,
    "Surfaces": [
        {
            "Type": "G",
            "Centroid": {
                "x": 93694.440625,
                "y": 441933.35525
            },
            "Distances": [
                7.562050846174973,
                7.671314945952667,
                12.233632739306005,
                10.403593609915552,
                11.425144638043978,
                11.248568486697165,
                11.25219218641214,
                11.181377553773855,
                6.465587057644447,
                3.8675611178064564,
                6.827698001506464,
                4.4475471891679375,
                3.939823346273845,
                3.7826154972147426,
                1.2696964204023493,
                14.272685241393674,
                3.857787189568195,
                8.489903474128914,
                13.567531278750062,
                13.78423973238963,
                8.476426723564522,
                13.453512589655904
            ],
            "UnitPairs": [
                [
                    -0.5015835091758396,
                    -0.8651092320180442
                ],
                [
                    -0.4944393531896029,
                    -0.8692121294698132
                ],
                [
                    0.8372819601729585,
                    -0.5467713591337134
                ],
                [
                    0.9810071772006127,
                    -0.19397143676553388
                ],
                [
                    0.9838825114369472,
                    -0.1788161169708299
                ],
                [
                    0.9977269563918941,
                    0.06738635239399178
                ],
                [
                    0.9974056445241618,
                    0.07198597274012143
                ],
                [
                    0.997372635560269,
                    0.07244187901733866
                ],
                [
                    0.9914026279214303,
                    0.13084658707999305
                ],
                [
                    0.9755501943149536,
                    0.21977674665909527
                ],
                [
                    0.9391159360859076,
                    0.34360043450131045
                ],
                [
                    0.8490072930973102,
                    0.5283811278495649
                ],
                [
                    -0.23655882969528402,
                    0.971617167454959
                ],
                [
                    -0.24639036155986752,
                    0.9691706711051453
                ],
                [
                    -0.744272398352494,
                    0.6678761839223094
                ],
                [
                    -0.962537866396337,
                    0.27114729530863335
                ],
                [
                    -0.9878720138598629,
                    0.15527035851204474
                ],
                [
                    -0.99765563010364,
                    0.06843422917304723
                ],
                [
                    -0.9988552612531401,
                    0.047834789295254615
                ],
                [
                    -0.9988944089274951,
                    0.04701020967183649
                ],
                [
                    -0.9995957348918196,
                    0.028431791819776484
                ],
                [
                    -0.9998132391345212,
                    0.019325807909023048
                ]
            ]
        },
        {
            "Type": "F",
            "Centroid": {
                "x": 93693.99833928572,
                "y": 441933.33871428575
            },
            "Distances": [
                7.335459792612803,
                7.447769019572564,
                7.160533764837631,
                12.597504135357017,
                10.834751863344017,
                11.857728390506866,
                11.690970719676477,
                11.610083247393868,
                11.694530862016457,
                11.623709498749292,
                6.906358473788491,
                4.303430933228599,
                7.250021217480896,
                4.836778437562042,
                3.875599945785254,
                3.7149548272182176,
                3.7596382914896562,
                1.000071824572666,
                1.2894660345649993,
                13.85211818552433,
                3.299683352341833,
                3.424488305478892,
                8.049922085525749,
                13.126596910094086,
                13.343272513472497,
                8.034842660748325,
                13.011653214286037,
                13.332624088416356
            ],