{
    "Pand ID": "0599100000295774",
    "Archetype ID": "D.1975-1991",
    "Construction Year": 1991,
    "Number of Floors": 3,
    "Wall Area": 232.26,
    "Roof Area (Flat)": 5.33,
    "Roof Area (Sloped)": 192.29,
    "Floor Area": 144.42,
    "Shared Wall Area": 0.0,
    "Absolute Height (70%)": 5.21559476852417,
    "Surfaces": [
        {
            "Type": "G",
            "Centroid": {
                "x": 86140.65891666667,
                "y": 434014.8835
            },
            "Distances": [
                7.602513034800513,
                8.848997030417923,
                5.394220157810132,
                9.710896771714362,
                8.498303896133839,
                9.528057800227046,
                8.689299537045759,
                8.706476618664247,
                7.771642025839213
            ],
            "UnitPairs": [
                [
                    -0.9858143790558115,
                    -0.16783923869824013
                ],
                [
                    -0.8266096871237288,
                    -0.5627756437100054
                ],
                [
                    -0.4732225589595541,
                    -0.8809429094395228
                ],
                [
                    0.9011869386588737,
                    -0.4334306191198859
                ],
                [
                    0.9997681228126253,
                    0.02153370863830192
                ],
                [
                    0.8635897793500458,
                    0.5041950941869023
                ],
                [
                    0.8357789143267698,
                    0.5490661220351934
                ],
                [
                    -0.8899887986898655,
                    0.4559823880442865
                ],
                [
                    -0.9814742677682126,
                    0.19159400227786594
                ]
            ]
        },
        {
            "Type": "F",
            "Centroid": {
                "x": 86138.2729423077,
                "y": 434014.70269230765
            },
            "Distances": [
                1.247289390625534,
                5.2247663378698475,
                3.6336743187278726,
                6.879262654503293,
                4.092177187163363,
                4.5742305843482365,
                4.989007128777237,
                3.6378412523891437,
                7.634284358715126,
                11.84339292180581,
                7.433356575429998,
                11.726544056823546,
                10.844825528676461,
                2.2739030612040017,
                2.7934931498040756,
                6.781421184834503,
                2.376408500805766,
                3.329952768361211,
                1.3954512562898274,
                1.711587425879801,
                3.626675864237418,
                3.769914340123048,
                1.5748243543711762,
                4.200485097572788,
                5.501235859149373,
                3.1439779886802435
            ],
            "UnitPairs": [
                [
                    -0.9931073871140814,
                    -0.1172080102187655
                ],
                [
                    -0.9777838811022143,
                    -0.20961555728688386
                ],
                [
                    -0.9708333764276426,
                    -0.23975519851319846
                ],
                [
                    -0.7164564801832582,
                    -0.6976317882690098
                ],
                [
                    -0.0698142564761869,
                    -0.9975600080158973
                ],
                [
                    -0.03644160577945018,
                    -0.9993357840927218
                ],
                [
                    0.6899785074352657,
                    -0.7238298551989986
                ],
                [
                    0.8343705735681071,
                    -0.5512039059763892
                ],
                [
                    0.9098832799394858,
                    -0.41486433552013513
                ],
                [
                    0.940381507718014,
                    -0.34012147821329203
                ],
                [
                    0.9632670812500943,
                    -0.26854521068141257
                ],
                [
                    0.9051522461238022,
                    0.42508753373515423
                ],
                [
                    0.8896692405784344,
                    0.4566055654157008
                ],
                [
                    -0.7268086031837767,
                    0.6868400500393432
                ],
                [
                    -0.7580803653835988,
                    0.6521611454386633
                ],
                [
                    -0.7907918062497206,
                    0.6120852221450085
                ],
                [
                    -0.8212781207611642,
                    0.5705280434466043
                ],
                [
                    -0.8434631068577978,
                    0.5371871064813368
                ],
                [
                    -0.8461007164333911,
                    0.5330230554590506
                ],
                [
                    -0.8656830993834989,
                    0.5005924204797543
                ],
                [
                    -0.8905378998828382,
                    0.45490905560591344
                ],
                [
                    -0.9071007983657472,
                    0.42091346094443693
                ],
                [
                    -0.9097473656193569,
                    0.41516229446885017
                ],
                [
                    -0.9102977915337864,
                    0.41395402006589005
                ],
                [
                    -0.9528208646023599,
                    0.303533194195316
                ],
                [
                    -0.9620589961451049,
                    0.27284150698944803
                ]
            ]
        },
        {
            "Type": "R",
            "Centroid": {
                "x": 86149.15525,
                "y": 434015.0665
            },
            "Distances": [
                0.0
            ],
            "UnitPairs": [
                [
                    0.0,
                    0.0
                ]
            ]
        }
    ],
    "Annual Heating [kWh/m2]": 197.97084124629222,
    "Annual Cooling [kWh/m2]": 0.8010278752765586
}