{
    "Pand ID": "0599100000179850",
    "Archetype ID": "D.1965",
    "Construction Year": 1890,
    "Number of Floors": 2,
    "Wall Area": 210.53,
    "Roof Area (Flat)": 12.69,
    "Roof Area (Sloped)": 122.25,
    "Floor Area": 93.5,
    "Shared Wall Area": 0.0,
    "Absolute Height (70%)": 4.056554317474365,
    "Surfaces": [
        {
            "Type": "G",
            "Centroid": {
                "x": 88429.6513422619,
                "y": 439181.2464642857
            },
            "Distances": [
                4.399801872724043,
                4.524876414519632,
                4.408045122814946,
                6.5631962992066315,
                7.831597045345384,
                5.8954427996909455,
                5.864748067874908,
                6.513568208318773,
                5.8070180770910085,
                4.323414583644367,
                6.737281979526307,
                5.305399172215011,
                5.447953477302697,
                5.266514628200025,
                5.213321831559227,
                6.778415245039708,
                9.244210128528486,
                8.565643216385771,
                5.488415899957465,
                5.492638657731538,
                1.3008531798499838
            ],
            "UnitPairs": [
                [
                    -0.9382024194073655,
                    -0.3460870124956526
                ],
                [
                    -0.9352531150497962,
                    -0.35397967567312727
                ],
                [
                    -0.8874466238231906,
                    -0.46091050092704566
                ],
                [
                    -0.8579515993724582,
                    -0.5137305257956167
                ],
                [
                    -0.341169846511087,
                    -0.9400016679940527
                ],
                [
                    -0.11295245913303226,
                    -0.9936003935062631
                ],
                [
                    -0.1075757653351914,
                    -0.9941968893094305
                ],
                [
                    0.12713388600816905,
                    -0.9918855654905266
                ],
                [
                    0.42674143686124,
                    -0.9043736761237604
                ],
                [
                    0.5246073894197996,
                    -0.8513442822772365
                ],
                [
                    0.9986364321016677,
                    -0.0522041806683251
                ],
                [
                    0.9460353641965402,
                    0.32406340381091975
                ],
                [
                    0.9433074749105113,
                    0.33192018284213315
                ],
                [
                    0.8827650858890831,
                    0.4698146476380231
                ],
                [
                    0.7855059346816884,
                    0.6188541238287478
                ],
                [
                    -0.006182088346265824,
                    0.999980890709257
                ],
                [
                    -0.03579589356970752,
                    0.9993591216392365
                ],
                [
                    -0.15782875001361116,
                    0.9874664985047041
                ],
                [
                    -0.5897703127644867,
                    0.807571035997255
                ],
                [
                    -0.6246368959795371,
                    0.7809153271520858
                ],
                [
                    -0.7232981988066528,
                    0.6905358177553513
                ]
            ]
        },
        {
            "Type": "F",
            "Centroid": {
                "x": 88429.51310416666,
                "y": 439181.14854166674
            },
            "Distances": [
                4.236445609785321,
                4.361134732442995,
                4.240296018117136,
                6.394302072011533,
                4.273909586666218,
                7.692992665742281,
                5.783911492657262,
                5.753922204739986,
                6.4357530954035225,
                5.7798588784838945,
                4.315881861032459,
                6.871022024023032,
                5.468119716842419,
                5.611049573927161,
                5.4345943872922735,
                5.38251541141764,
                0.23466835709202258,
                6.876883098762026,
                9.338196104521359,
                8.641856734548247,
                1.5909160844506165,
                5.488581114820648,
                5.485366964706309,
                1.279337649365556
            ],
            "UnitPairs": [
                [
                    -0.9417485869393937,
                    -0.33631770544777334
                ],
                [
                    -0.9386700750609099,
                    -0.34481660369701705
                ],
                [
                    -0.8899535906307399,
                    -0.4560511007808813
                ],
                [
                    -0.8589939300333995,
                    -0.5119857694953787
                ],
                [
                    -0.5149071645133243,
                    -0.857245945999658
                ],
                [
                    -0.32934733942202027,
                    -0.9442088381367951
                ],
                [
                    -0.09123007282031678,
                    -0.9958298417968803
                ],
                [
                    -0.08562275420617367,
                    -0.996327628826055
                ],
                [
                    0.1501507778529958,
                    -0.9886631094109563
                ],
                [
                    0.45266387784629264,
                    -0.8916812287432974
                ],
                [
                    0.5575531052120463,
                    -0.8301412740421987
                ],
                [
                    0.9993176137890701,
                    -0.036936523535911446
                ],
                [
                    0.9431639394161617,
                    0.33232782517415954
                ],
                [
                    0.9405251662484571,
                    0.3397240227792436
                ],
                [
                    0.8808998413083363,
                    0.47330272509562815
                ],
                [
                    0.7864972061867713,
                    0.617593834700771
                ],
                [
                    0.33380441363749974,
                    0.9426423571196687
                ],
                [
                    0.014008284271498367,
                    0.999901879172036
                ],
                [
                    -0.02063210758250206,
                    0.9997871354126858
                ],
                [
                    -0.14044049837240757,
                    0.9900891204416449
                ],
                [
                    -0.4907026048001434,
                    0.8713271220628648
                ],
                [
                    -0.5645660694146305,
                    0.8253878804935985
                ],
                [
                    -0.6002636993744136,
                    0.7998021575448165
                ],
                [
                    -0.627407992763774,
                    0.7786907027929203
                ]
            ]
        },
        {
            "Type": "R",
            "Centroid": {
                "x": 88427.3124375,
                "y": 439177.48475
            },
            "Distances": [
                0.0
            ],