{
    "Pand ID": "0599100000143484",
    "Archetype ID": "D.1975-1991",
    "Construction Year": 1981,
    "Number of Floors": 2,
    "Wall Area": 190.22,
    "Roof Area (Flat)": 73.34,
    "Roof Area (Sloped)": 34.78,
    "Floor Area": 93.44,
    "Shared Wall Area": 0.0,
    "Absolute Height (70%)": 4.160111904144287,
    "Surfaces": [
        {
            "Type": "G",
            "Centroid": {
                "x": 85602.10837500001,
                "y": 430740.9144772727
            },
            "Distances": [
                6.924009484945477,
                7.6171681019251976,
                8.656896256835482,
                7.185714526469316,
                5.887060207998504,
                5.024077923686503,
                6.142934491368605,
                2.1102017529243127,
                2.1230176597282218,
                4.200820664619171,
                2.0550557572283834
            ],
            "UnitPairs": [
                [
                    -0.31008045333846973,
                    -0.9507103199489365
                ],
                [
                    0.48561354436412474,
                    -0.8741736014832021
                ],
                [
                    0.6356781734143174,
                    -0.7719541824775853
                ],
                [
                    0.7865606098276782,
                    0.6175130825071733
                ],
                [
                    0.6522780240601683,
                    0.7579798013985349
                ],
                [
                    -0.42774018091423704,
                    0.903901730074379
                ],
                [
                    -0.6687357655823244,
                    0.7435001518702081
                ],
                [
                    -0.9657844313657507,
                    0.25934616274688505
                ],
                [
                    -0.9660776916331968,
                    0.25825160934382224
                ],
                [
                    -0.989806595418495,
                    0.14241805947999542
                ],
                [
                    -0.9941336106425062,
                    0.10815897646933546
                ]
            ]
        },
        {
            "Type": "F",
            "Centroid": {
                "x": 85602.428375,
                "y": 430741.2763333333
            },
            "Distances": [
                2.367119030999017,
                7.36975757223999,
                7.79142036731768,
                8.745835771371551,
                6.711128445132529,
                5.3135785343496975,
                5.404055591930528,
                4.854223385229955,
                6.106776018530456,
                2.3652787024610427,
                2.378317088537155,
                4.484236483541364
            ],
            "UnitPairs": [
                [
                    -0.9982598969686272,
                    -0.058967602157334924
                ],
                [
                    -0.3347464249430341,
                    -0.9423082462696893
                ],
                [
                    0.4336821581562399,
                    -0.9010659163995418
                ],
                [
                    0.5926248943475385,
                    -0.8054785748854956
                ],
                [
                    0.7945012591529357,
                    0.6072625043623223
                ],
                [
                    0.662453745107744,
                    0.7491028204410421
                ],
                [
                    0.6513626553472595,
                    0.7587665591069281
                ],
                [
                    -0.5086292500484835,
                    0.8609856479611709
                ],
                [
                    -0.725096186033927,
                    0.6886476029138943
                ],
                [
                    -0.9969226871886097,
                    0.07839104393131514
                ],
                [
                    -0.9969234175824425,
                    0.07838175473758442
                ],
                [
                    -0.9986092429421463,
                    0.05272172142972638
                ]
            ]
        },
        {
            "Type": "R",
            "Centroid": {
                "x": 85605.948375,
                "y": 430745.37675
            },
            "Distances": [
                0.0
            ],
            "UnitPairs": [
                [
                    0.0,
                    0.0
                ]
            ]
        }
    ],
    "Annual Heating [kWh/m2]": 304.90020614927437,
    "Annual Cooling [kWh/m2]": 1.2660472052252396
}