{
    "Pand ID": "0599100000426132",
    "Archetype ID": "D.2006-2014",
    "Construction Year": 2006,
    "Number of Floors": 3,
    "Wall Area": 344.12,
    "Roof Area (Flat)": 133.67,
    "Roof Area (Sloped)": 9.52,
    "Floor Area": 135.03,
    "Shared Wall Area": 32.43,
    "Absolute Height (70%)": 4.34097146987915,
    "Surfaces": [
        {
            "Type": "G",
            "Centroid": {
                "x": 99831.54101785715,
                "y": 444566.5543452381
            },
            "Distances": [
                12.79705867362309,
                2.359786386830417,
                2.7577299983519494,
                5.564473417186159,
                1.8088554605354996,
                2.320906900116684,
                2.973759946621765,
                3.768157005755389,
                3.7409653237377434,
                4.227601327221744,
                3.9286322145289136,
                5.2952252868903456,
                5.150255548988758,
                4.036256590901443,
                5.605069005193666,
                5.570373791060126,
                5.7312598449367265,
                4.739745907475846,
                6.478171845351658,
                10.223765128867475,
                12.375409535542893
            ],
            "UnitPairs": [
                [
                    -0.9424933623226174,
                    -0.33422486738393253
                ],
                [
                    -0.7081754799797975,
                    -0.7060364647490834
                ],
                [
                    -0.6230279462369925,
                    -0.782199576967231
                ],
                [
                    -0.36106612549202927,
                    -0.9325402152305144
                ],
                [
                    -0.07250046231499419,
                    -0.9973683787668988
                ],
                [
                    -0.07072358530942459,
                    -0.997495952112579
                ],
                [
                    0.543035474231339,
                    -0.8397097556455712
                ],
                [
                    0.7093274348100264,
                    -0.7048791316430271
                ],
                [
                    0.7174236889667176,
                    -0.696637101014141
                ],
                [
                    0.768487113942195,
                    -0.6398652637116626
                ],
                [
                    0.8435142212095635,
                    -0.5371068409704195
                ],
                [
                    0.9066388836630984,
                    -0.42190749534718003
                ],
                [
                    0.9874960755788056,
                    0.15764358761604538
                ],
                [
                    0.9733913229696185,
                    0.2291491487382311
                ],
                [
                    0.7478689627139203,
                    0.6638463787723818
                ],
                [
                    0.7433715039927088,
                    0.6688787685759043
                ],
                [
                    0.7301810171028017,
                    0.6832537466144756
                ],
                [
                    0.5118116435365551,
                    0.8590976903358606
                ],
                [
                    -0.6904946277936607,
                    0.7233375207937813
                ],
                [
                    -0.867991659166813,
                    0.49657877483521484
                ],
                [
                    -0.9043048494682852,
                    0.42688726758728934
                ]
            ]
        },
        {
            "Type": "F",
            "Centroid": {
                "x": 99831.12227500002,
                "y": 444566.48709
            },
            "Distances": [
                9.175366851849207,
                12.38015470767952,
                4.910297313381629,
                2.0309591590648086,
                2.4608680553355344,
                5.363079073258184,
                2.356881775949959,
                2.2622125951614644,
                1.7604905412079441,
                3.1685408922482066,
                4.0323793355434,
                4.008969357049703,
                4.517686313336313,
                4.255055584308063,
                5.65149712425831,
                5.574364848604697,
                4.45937296326245,
                5.967226201929797,
                5.9311057101610345,
                6.1052086700755686,
                6.087585444578961,
                5.0223893382719265,
                6.247454629312837,
                9.89728100365783,
                12.027834958364567
            ],
            "UnitPairs": [
                [
                    -0.9899767656905235,
                    -0.1412303203739562
                ],
                [
                    -0.9404082804223493,
                    -0.3400474468557001
                ],
                [
                    -0.9340371279587802,
                    -0.35717592807258597
                ],
                [
                    -0.616654448427619,
                    -0.7872339494930519
                ],
                [
                    -0.5280250589627395,
                    -0.8492287896129026
                ],
                [
                    -0.29654606584968823,
                    -0.955018549992131
                ],
                [
                    0.10505406020549014,
                    -0.9944665124750764
                ],
                [
                    0.11254468325842101,
                    -0.9936466647004163
                ],
                [
                    0.16336355876364586,
                    -0.9865659368071031
                ],
                [
                    0.6418096117902026,
                    -0.7668640180721152
                ],
                [
                    0.7666937415173939,
                    -0.6420130113308137
                ],
                [
                    0.7739146208558383,
                    -0.6332899490956445
                ],
                [
                    0.8118314875380535,
                    -0.583891801485302
                ],
                [
                    0.8772153326865246,
                    -0.48009713610859006
                ],
                [
                    0.9235782811562827,
                    -0.3834099093351738
                ],
                [
                    0.9874846999588658,
                    0.157714829192276
                ],
                [
                    0.9749352735934902,
                    0.22248867904499428
                ],
                [
                    0.7726537999337716,
                    0.6348276186870757
                ],
                [
                    0.7687605351868577,
                    0.6395367382247997
                ],
                [
                    0.7581395248075156,
                    0.6520923714663701
                ],
                [
                    0.7562275785528687,
                    0.6543086805446375
                ],
                [
                    0.5663838082614515,
                    0.8241416029659318
                ],
                [
                    -0.6489682983826838,
                    0.7608154491690373
                ],
                [
                    -0.8543154424817536,
                    0.5197548698542471
                ],
                [
                    -0.8956225320106102,
                    0.44481488301865924
                ]
            ]
        },
        {
            "Type": "R",
            "Centroid": {
                "x": 99833.966875,
                "y": 444570.62625
            },