{
    "Pand ID": "0599100000098564",
    "Archetype ID": "D.1992-2005",
    "Construction Year": 1992,
    "Number of Floors": 2,
    "Wall Area": 330.39,
    "Roof Area (Flat)": 33.01,
    "Roof Area (Sloped)": 265.05,
    "Floor Area": 202.94,
    "Shared Wall Area": 0.0,
    "Absolute Height (70%)": 3.524386167526245,
    "Surfaces": [
        {
            "Type": "G",
            "Centroid": {
                "x": 98154.60590909091,
                "y": 437978.43886363634
            },
            "Distances": [
                7.348479332753546,
                7.341548601473912,
                6.333448210219823,
                6.368763463147499,
                6.042134101802369,
                5.665158703884009,
                6.568855182846686,
                4.188229790353536,
                3.8921274101187637,
                7.07449301454333,
                6.911620764685672,
                8.095625376168977,
                10.191731428170073,
                9.92001302483272,
                10.009149008163531,
                11.126574942886622,
                9.134682820551843,
                8.296276829502384,
                8.287418627322458,
                9.268728992772825,
                9.539261237588729,
                11.704755170248095
            ],
            "UnitPairs": [
                [
                    -0.877856329017544,
                    -0.478924070812735
                ],
                [
                    -0.8601603603967036,
                    -0.5100236802367247
                ],
                [
                    -0.8598647861578071,
                    -0.5105218404003775
                ],
                [
                    -0.7985708874809005,
                    -0.6019007706158607
                ],
                [
                    -0.7952337717042145,
                    -0.6063029344651808
                ],
                [
                    -0.2638777074146889,
                    -0.9645561443117594
                ],
                [
                    0.5314610859742288,
                    -0.8470827079424378
                ],
                [
                    0.5391516278049377,
                    -0.8422087165514769
                ],
                [
                    0.5406017551250956,
                    -0.8412786353852487
                ],
                [
                    0.7008404558312205,
                    -0.713318060524397
                ],
                [
                    0.7047682555119654,
                    -0.7094375983993385
                ],
                [
                    0.8901215871836359,
                    -0.455723117725758
                ],
                [
                    0.9804115208009425,
                    -0.196960021021483
                ],
                [
                    0.9859957728474531,
                    -0.16677030888906416
                ],
                [
                    0.987805346990746,
                    -0.15569391913781305
                ],
                [
                    0.21076485092018607,
                    0.9775367909273757
                ],
                [
                    -0.06282747876346256,
                    0.9980244024632998
                ],
                [
                    -0.3208558665082812,
                    0.9471280340731237
                ],
                [
                    -0.3256634197313579,
                    0.9454857677664309
                ],
                [
                    -0.34588443500902255,
                    0.9382771219732948
                ],
                [
                    -0.749629233627841,
                    0.6618579999445017
                ],
                [
                    -0.9402083965744995,
                    0.34059972256419835
                ]
            ]
        },
        {
            "Type": "F",
            "Centroid": {
                "x": 98154.90675,
                "y": 437978.9747777778
            },
            "Distances": [
                7.876001899274757,
                7.879652652096922,
                6.872597073078474,
                3.3905601267287717,
                6.9359688481170085,
                6.610795482973849,
                3.458165148660238,
                6.263230114971961,
                0.35827212766816496,
                4.215439159370065,
                4.510105748445019,
                6.88411824630107,
                7.198520158559201,
                4.3619871587486365,
                7.2699245354285,
                7.104430153543741,
                8.095396831668083,
                0.3731189499068158,
                10.019410582342967,
                10.119150572375293,
                9.729977225371023,
                9.812348774533797,
                1.1430040709976552,
                10.540848833934355,
                4.722505929131109,
                6.374181322185159,
                8.625194572728399,
                3.693730164525153,
                7.898449459331161,
                7.892049453966495,
                7.411740069773953,
                8.882267883317994,
                5.939528724823844,
                6.070215040642202,
                3.7836814341639227,
                11.820637331268891
            ],