{
    "Pand ID": "0599100000421404",
    "Archetype ID": "D.2006-2014",
    "Construction Year": 2006,
    "Number of Floors": 4,
    "Wall Area": 396.94,
    "Roof Area (Flat)": 12.69,
    "Roof Area (Sloped)": 172.58,
    "Floor Area": 127.82,
    "Shared Wall Area": 0.0,
    "Absolute Height (70%)": 7.322486400604248,
    "Surfaces": [
        {
            "Type": "G",
            "Centroid": {
                "x": 97967.82184375,
                "y": 437592.31165625004
            },
            "Distances": [
                3.803216457666345,
                3.6088046218829164,
                4.251275770181834,
                3.808699751766258,
                3.751046777095656,
                5.7028387546490995,
                6.598806775583102,
                5.2930562520036615,
                5.261925834376399,
                6.219446346875363,
                8.326484382637855,
                7.847795306590228,
                9.143894102718008,
                8.153306606016914,
                8.343199726361169,
                5.1105480062252076,
                5.907612492490456,
                5.809555801541398,
                4.996991312150991,
                8.869896817236343,
                8.380186915339946,
                8.720650068133423,
                8.397338264222327,
                8.963918938470826,
                8.580015045071683,
                7.718710658880621,
                8.044770521010639,
                3.7958528173828525,
                3.882040062745963,
                4.297275821507163,
                3.6410004530134903,
                3.828636839501001
            ],
            "UnitPairs": [
                [
                    -0.9085484059237098,
                    -0.41777959990105534
                ],
                [
                    -0.9006877873905133,
                    -0.4344669258362271
                ],
                [
                    -0.7321111163458994,
                    -0.6811852268823517
                ],
                [
                    -0.6675260366260395,
                    -0.7445864559783043
                ],
                [
                    -0.6569916069959483,
                    -0.7538978898610085
                ],
                [
                    -0.5322623311982619,
                    -0.8465794769467258
                ],
                [
                    -0.4430204352733578,
                    -0.8965115135513901
                ],
                [
                    -0.4397093360036698,
                    -0.8981401337381667
                ],
                [
                    -0.4314781928633882,
                    -0.9021233668868937
                ],
                [
                    -0.34704154190325476,
                    -0.9378497577935452
                ],
                [
                    -0.2321995888240484,
                    -0.9726681607567623
                ],
                [
                    0.10915087824422456,
                    -0.9940251937343009
                ],
                [
                    0.6013404888807582,
                    -0.7989928763341076
                ],
                [
                    0.6561256688236877,
                    -0.7546516459338496
                ],
                [
                    0.6590509553102241,
                    -0.7520982903216048
                ],
                [
                    0.9706578910831707,
                    -0.2404646719956416
                ],
                [
                    0.9812075110488334,
                    -0.19295548777205992
                ],
                [
                    0.9406216131967964,
                    0.3394568909111379
                ],
                [
                    0.9262761251429956,
                    0.3768455121002205
                ],
                [
                    0.45576558930663186,
                    0.8900998413683595
                ],
                [
                    0.4266723148438872,
                    0.9044062890901184
                ],
                [
                    0.4040517303718278,
                    0.9147361363713208
                ],
                [
                    0.3376776855689123,
                    0.9412618024061227
                ],
                [
                    0.1937315321479394,
                    0.9810545822998902
                ],
                [
                    -0.16729647237979423,
                    0.9859066336774881
                ],
                [
                    -0.3012687419925526,
                    0.9535392729710847
                ],
                [
                    -0.4374775191929879,
                    0.8992293479423081
                ],
                [
                    -0.7904432532969201,
                    0.6125352751616686
                ],
                [
                    -0.8032905893789863,
                    0.5955872975602826
                ],
                [
                    -0.851098789539091,
                    0.5250055718229035
                ],
                [
                    -0.9666041780071086,
                    0.2562739999672266
                ],
                [
                    -0.9712089200098943,
                    0.23822937202035888
                ]
            ]
        },
        {
            "Type": "F",
            "Centroid": {
                "x": 97968.47520561595,
                "y": 437592.56660507247
            },