{
    "Pand ID": "0599100100016001",
    "Archetype ID": "D.2015-2018",
    "Construction Year": 2018,
    "Number of Floors": 2,
    "Wall Area": 275.06,
    "Roof Area (Flat)": 11.97,
    "Roof Area (Sloped)": 164.96,
    "Floor Area": 139.76,
    "Shared Wall Area": 0.0,
    "Absolute Height (70%)": 6.677894115447998,
    "Surfaces": [
        {
            "Type": "G",
            "Centroid": {
                "x": 93423.43862500001,
                "y": 439051.35233333334
            },
            "Distances": [
                8.727421272614574,
                10.627960179132204,
                9.194769304847853,
                6.913050501491595,
                6.440806101423216,
                5.141613809824712,
                5.680248680235652,
                6.553215322978352,
                5.232161956222296,
                4.140773164850473,
                3.283896070638806,
                8.353023119580369
            ],
            "UnitPairs": [
                [
                    -0.9464135787658068,
                    -0.3229571766158761
                ],
                [
                    -0.7773598941617141,
                    -0.6290561143084842
                ],
                [
                    0.6861781726991956,
                    -0.7274335126396039
                ],
                [
                    0.9132364935898831,
                    -0.407429879581328
                ],
                [
                    0.9811271913004973,
                    0.19336347765490122
                ],
                [
                    0.9701720480179233,
                    0.24241740293285116
                ],
                [
                    0.8785266774237396,
                    0.47769328763842267
                ],
                [
                    0.7616490156351816,
                    0.6479897969736552
                ],
                [
                    -0.5828852442877277,
                    0.812554485552591
                ],
                [
                    -0.735068036532147,
                    0.6779933492806358
                ],
                [
                    -0.9250445003919443,
                    0.3798587530841142
                ],
                [
                    -0.9887138921774041,
                    0.14981601855412
                ]
            ]
        },
        {
            "Type": "F",
            "Centroid": {
                "x": 93424.18951136364,
                "y": 439051.6085681818
            },
            "Distances": [
                11.376135279257769,
                8.895274357335298,
                6.354691243613872,
                5.6555419065109565,
                4.351518197118909,
                4.899994543767866,
                5.822562555338638,
                5.514192101214356,
                4.572504106255168,
                3.9161469447101775,
                9.064432373640889
            ],
            "UnitPairs": [
                [
                    -0.7922406109278713,
                    -0.6102088285141679
                ],
                [
                    0.624867026363881,
                    -0.780731195331121
                ],
                [
                    0.8753161126356352,
                    -0.48355113789592097
                ],
                [
                    0.9845853374294179,
                    0.1749048693404478
                ],
                [
                    0.9737667279360629,
                    0.22754858726147664
                ],
                [
                    0.8651772157068517,
                    0.5014662355749786
                ],
                [
                    0.7282641613651278,
                    0.6852965133948566
                ],
                [
                    -0.6892462746810651,
                    0.7245271374063733
                ],
                [
                    -0.8298814556454429,
                    0.5579397544321437
                ],
                [
                    -0.9674397863831157,
                    0.25310128352695405
                ],
                [
                    -0.993954832719595,
                    0.10978975595820348
                ]
            ]
        },
        {
            "Type": "R",
            "Centroid": {
                "x": 93415.178875,
                "y": 439048.53375
            },
            "Distances": [
                0.0
            ],
            "UnitPairs": [
                [
                    0.0,
                    0.0
                ]
            ]
        }
    ],
    "Annual Heating [kWh/m2]": 140.61932290664842,
    "Annual Cooling [kWh/m2]": 0.2819772211514223
}