{
    "Pand ID": "0599100000060780",
    "Archetype ID": "D.1965",
    "Construction Year": 1926,
    "Number of Floors": 2,
    "Wall Area": 217.84,
    "Roof Area (Flat)": 0.0,
    "Roof Area (Sloped)": 113.52,
    "Floor Area": 80.3,
    "Shared Wall Area": 0.0,
    "Absolute Height (70%)": 1.6694297790527344,
    "Surfaces": [
        {
            "Type": "G",
            "Centroid": {
                "x": 97416.963125,
                "y": 440373.944625
            },
            "Distances": [
                6.270118276645539,
                7.171359299525012,
                5.155906899199572,
                5.116026383147507,
                3.7996830069399468,
                3.7209724808328244,
                5.8795181948237385,
                7.7105464594408835
            ],
            "UnitPairs": [
                [
                    -0.9878202813295933,
                    -0.15559913815289278
                ],
                [
                    -0.735390569587319,
                    -0.6776434978379403
                ],
                [
                    0.8681789814129305,
                    -0.496251202752
                ],
                [
                    0.8724055870202131,
                    -0.48878266308853224
                ],
                [
                    0.9346174387489375,
                    0.3556546684445122
                ],
                [
                    0.9336940861281775,
                    0.3580717156230961
                ],
                [
                    0.446677757084464,
                    0.8946949096345594
                ],
                [
                    -0.9238969037371447,
                    0.3826414918235046
                ]
            ]
        },
        {
            "Type": "F",
            "Centroid": {
                "x": 97416.963125,
                "y": 440373.944625
            },
            "Distances": [
                6.270118276645539,
                7.171359299525012,
                5.155906899199572,
                5.116026383147507,
                3.7996830069399468,
                3.7209724808328244,
                5.8795181948237385,
                7.7105464594408835
            ],
            "UnitPairs": [
                [
                    -0.9878202813295933,
                    -0.15559913815289278
                ],
                [
                    -0.735390569587319,
                    -0.6776434978379403
                ],
                [
                    0.8681789814129305,
                    -0.496251202752
                ],
                [
                    0.8724055870202131,
                    -0.48878266308853224
                ],
                [
                    0.9346174387489375,
                    0.3556546684445122
                ],
                [
                    0.9336940861281775,
                    0.3580717156230961
                ],
                [
                    0.446677757084464,
                    0.8946949096345594
                ],
                [
                    -0.9238969037371447,
                    0.3826414918235046
                ]
            ]
        },
        {
            "Type": "R",
            "Centroid": {
                "x": 97420.475875,
                "y": 440375.28650000005
            },
            "Distances": [
                0.0396547601376642,
                0.03965476010959136
            ],
            "UnitPairs": [
                [
                    -0.97087965923907,
                    -0.23956770916763245
                ],
                [
                    0.9708796595594207,
                    0.23956770786936926
                ]
            ]
        }
    ],
    "Annual Heating [kWh/m2]": 418.2591244243217,
    "Annual Cooling [kWh/m2]": 1.9689572666806787
}