{
    "Pand ID": "0599100000092083",
    "Archetype ID": "D.1965",
    "Construction Year": 1922,
    "Number of Floors": 2,
    "Wall Area": 240.0,
    "Roof Area (Flat)": 0.0,
    "Roof Area (Sloped)": 126.64,
    "Floor Area": 69.85,
    "Shared Wall Area": 0.0,
    "Absolute Height (70%)": 6.219598770141602,
    "Surfaces": [
        {
            "Type": "G",
            "Centroid": {
                "x": 93950.44698214285,
                "y": 441230.8145714286
            },
            "Distances": [
                6.852360035878982,
                6.652382026958368,
                5.521034717082225,
                6.328858071573419,
                6.03145951811428,
                3.227898618292252,
                5.274195977025302,
                4.5887313283812,
                4.4610089093981555,
                4.809246620946561,
                4.2298021977986915,
                5.316962847137393,
                5.841321663387541,
                4.118837811597563
            ],
            "UnitPairs": [
                [
                    -0.9700099101700599,
                    -0.24306537016175792
                ],
                [
                    -0.9590334886052544,
                    -0.28329272446294007
                ],
                [
                    -0.6931412930638705,
                    -0.7208017396273025
                ],
                [
                    -0.170150306843771,
                    -0.985418120942055
                ],
                [
                    -0.14173304824266933,
                    -0.9899049161590426
                ],
                [
                    0.6211913985721218,
                    -0.7836588839157068
                ],
                [
                    0.9724975862643293,
                    0.23291295522158828
                ],
                [
                    0.967836759079602,
                    0.25157902888415123
                ],
                [
                    0.9498171698834905,
                    0.31280560064442026
                ],
                [
                    0.9288654147385543,
                    0.3704173879592768
                ],
                [
                    0.5589251569194159,
                    0.8292181069915238
                ],
                [
                    0.03087154487716753,
                    0.9995233602657304
                ],
                [
                    -0.07821126265260434,
                    0.9969368076233746
                ],
                [
                    -0.8657435194000056,
                    0.5004879205504288
                ]
            ]
        },
        {
            "Type": "F",
            "Centroid": {
                "x": 93950.29725543478,
                "y": 441230.6069565217
            },
            "Distances": [
                6.658704161158041,
                6.225643341767046,
                6.451876348010108,
                2.1646985976804816,
                2.293981818586422,
                5.267726666805225,
                3.4970011092323037,
                5.587031822308452,
                6.099826848670471,
                5.8059346190893555,
                3.167798120434876,
                5.4707115403885105,
                5.475885056253387,
                4.7886580376557655,
                4.6705859349216405,
                5.027104389275487,
                1.1615275256380861,
                4.485653601933097,
                1.454915154188414,
                5.5309563621355835,
                3.262053610595298,
                5.144694275935352,
                6.038858711790447
            ],
            "UnitPairs": [
                [
                    -0.975734959466282,
                    -0.21895499280750172
                ],
                [
                    -0.9716474431162323,
                    -0.23643444394945537
                ],
                [
                    -0.9656307868795259,
                    -0.25991764740091755
                ],
                [
                    -0.8805523488709293,
                    -0.4739489011464097
                ],
                [
                    -0.7677176952807364,
                    -0.6407882180196779
                ],
                [
                    -0.6980488296688006,
                    -0.7160501598338052
                ],
                [
                    -0.331750090591379,
                    -0.9433673077823991
                ],
                [
                    -0.1768614295043976,
                    -0.984235761773398
                ],
                [
                    -0.15199291025459155,
                    -0.9883815838188911
                ],
                [
                    -0.1214499440737452,
                    -0.9925975574644964
                ],
                [
                    0.6802420745550974,
                    -0.7329875305931044
                ],
                [
                    0.9649329024643896,
                    0.26249665472468203
                ],
                [
                    0.9647517270619781,
                    0.2631617470889921
                ],
                [
                    0.958696471770885,
                    0.284431142834354
                ],
                [
                    0.9392546516315339,
                    0.3432210648962646
                ],
                [
                    0.9183954037368384,
                    0.39566385025049927
                ],
                [
                    0.5861846148160315,
                    0.8101775097797893
                ],
                [
                    0.5604243636043907,
                    0.8282056101467881
                ],
                [
                    0.3861871694653907,
                    0.9224204410898046
                ],
                [
                    0.056747792726178706,
                    0.9983885456177403
                ],
                [
                    -0.002492428315003435,
                    0.9999968938957233
                ],
                [
                    -0.03209722987098275,
                    0.9994847511766296
                ],
                [
                    -0.0508590197984803,
                    0.998705842630921
                ]
            ]
        },
        {
            "Type": "R",
            "Centroid": {
                "x": 93946.881125,
                "y": 441232.876
            },
            "Distances": [
                0.0
            ],
            "UnitPairs": [
                [
                    0.0,
                    0.0
                ]
            ]
        }
    ],
    "Annual Heating [kWh/m2]": 451.2366349492093,
    "Annual Cooling [kWh/m2]": 2.46092339647603
}