{
    "Pand ID": "0599100000066631",
    "Archetype ID": "D.1965",
    "Construction Year": 1963,
    "Number of Floors": 2,
    "Wall Area": 297.34,
    "Roof Area (Flat)": 240.5,
    "Roof Area (Sloped)": 0.0,
    "Floor Area": 226.83,
    "Shared Wall Area": 0.0,
    "Absolute Height (70%)": 5.11429500579834,
    "Surfaces": [
        {
            "Type": "G",
            "Centroid": {
                "x": 68770.6254375,
                "y": 444581.224375
            },
            "Distances": [
                7.3760084323751665,
                6.252932333672009,
                8.196760268210726,
                7.2067100777436695,
                11.021057527258728,
                8.938132719959203,
                3.4825899154999376,
                4.654367708909075,
                16.97873519346734,
                4.409994900180915,
                18.502400327917965,
                6.0173548087383875,
                7.899575155924803,
                8.455376323353438,
                6.7981612601891905,
                7.429858016441225
            ],
            "UnitPairs": [
                [
                    -0.9862973404513674,
                    -0.16497744154447136
                ],
                [
                    -0.97617200607253,
                    -0.21699819022363423
                ],
                [
                    -0.915598023416716,
                    -0.40209483895643666
                ],
                [
                    -0.8790332109460337,
                    -0.4767605416285054
                ],
                [
                    -0.7253330708259305,
                    -0.6883980943946794
                ],
                [
                    0.21101303360568763,
                    -0.9774832477585103
                ],
                [
                    0.7569258982450225,
                    -0.6535007150462544
                ],
                [
                    0.8521162804603998,
                    -0.5233525050807853
                ],
                [
                    0.9992536138109026,
                    -0.03862920250084893
                ],
                [
                    0.9832352640199323,
                    0.18234148071038045
                ],
                [
                    0.9547443675915563,
                    0.2974276257380933
                ],
                [
                    0.5077085525298767,
                    0.8615288884814122
                ],
                [
                    0.4158530598364315,
                    0.9094318185684276
                ],
                [
                    -0.6781410171140607,
                    0.7349318069777
                ],
                [
                    -0.8964096711986556,
                    0.44322646737477034
                ],
                [
                    -0.909161047902489,
                    0.41644470098303343
                ]
            ]
        },
        {
            "Type": "F",
            "Centroid": {
                "x": 68770.31523684211,
                "y": 444581.8091842105
            },
            "Distances": [
                7.193999254531915,
                6.110443860223321,
                8.174591620926586,
                7.243159223533817,
                11.216783616287653,
                9.576918522106245,
                4.106577741590131,
                5.235547697738022,
                17.32075535336228,
                4.65143641770005,
                18.635984433360886,
                5.69900884830915,
                7.515110515726637,
                4.9604591585646824,
                2.0020268573516407,
                7.817040206524511,
                6.278893718401786,
                6.272824677318906,
                6.9160175459214335
            ],
            "UnitPairs": [
                [
                    -0.9681314378405433,
                    -0.2504426462581848
                ],
                [
                    -0.9481695560328637,
                    -0.3177648391695375
                ],
                [
                    -0.880134100361846,
                    -0.47472514719597897
                ],
                [
                    -0.8317830184564247,
                    -0.5551009009247949
                ],
                [
                    -0.685021402298758,
                    -0.7285229429418426
                ],
                [
                    0.22932879222308886,
                    -0.9733490150287816
                ],
                [
                    0.7174497460634254,
                    -0.6966102654092363
                ],
                [
                    0.816774749228782,
                    -0.5769566786356322
                ],
                [
                    0.9974312785695952,
                    -0.07162991366058297
                ],
                [
                    0.9988878145706301,
                    0.04715012091511667
                ],
                [
                    0.9645459418666632,
                    0.2639149977332692
                ],
                [
                    0.5904997250331367,
                    0.8070378397174385
                ],
                [
                    0.4784045624292812,
                    0.8781395530591068
                ],
                [
                    0.13754032360198692,
                    0.9904961682830785
                ],
                [
                    0.06856209614827519,
                    0.9976468508303701
                ],
                [
                    -0.6938350959982791,
                    0.7201339177965852
                ],
                [
                    -0.9209802078932154,
                    0.38960936419568987
                ],
                [
                    -0.9220306862759273,
                    0.387116795767818
                ],
                [
                    -0.9318566356024277,
                    0.3628266951090071
                ]
            ]
        },
        {
            "Type": "R",
            "Centroid": {
                "x": 68762.6315,
                "y": 444573.6375
            },
            "Distances": [
                0.0
            ],
            "UnitPairs": [
                [
                    0.0,
                    0.0
                ]
            ]
        }
    ],
    "Annual Heating [kWh/m2]": 318.2707526289073,
    "Annual Cooling [kWh/m2]": 1.0602654584536142
}