{
    "Pand ID": "0599100000281997",
    "Archetype ID": "D.1965",
    "Construction Year": 1953,
    "Number of Floors": 2,
    "Wall Area": 215.58,
    "Roof Area (Flat)": 0.0,
    "Roof Area (Sloped)": 130.08,
    "Floor Area": 129.06,
    "Shared Wall Area": 0.0,
    "Absolute Height (70%)": 3.5120766162872314,
    "Surfaces": [
        {
            "Type": "G",
            "Centroid": {
                "x": 96134.19679166666,
                "y": 437870.58
            },
            "Distances": [
                8.145621852332516,
                7.068475108639731,
                8.641759158966615,
                8.637702763334126,
                7.065541877837401,
                8.148764611523974
            ],
            "UnitPairs": [
                [
                    -0.6271671775684136,
                    -0.7788846714250255
                ],
                [
                    -0.27073260317786724,
                    -0.962654588924052
                ],
                [
                    0.4634858782402563,
                    -0.8861043057517881
                ],
                [
                    0.6951308117267194,
                    0.7188832690973912
                ],
                [
                    0.01717254464367929,
                    0.9998525409831496
                ],
                [
                    -0.38148931953080395,
                    0.9243732466292629
                ]
            ]
        },
        {
            "Type": "F",
            "Centroid": {
                "x": 96134.19679166666,
                "y": 437870.58
            },
            "Distances": [
                8.145621852332516,
                7.068475108639731,
                8.641759158966615,
                8.637702763334126,
                7.065541877837401,
                8.148764611523974
            ],
            "UnitPairs": [
                [
                    -0.6271671775684136,
                    -0.7788846714250255
                ],
                [
                    -0.27073260317786724,
                    -0.962654588924052
                ],
                [
                    0.4634858782402563,
                    -0.8861043057517881
                ],
                [
                    0.6951308117267194,
                    0.7188832690973912
                ],
                [
                    0.01717254464367929,
                    0.9998525409831496
                ],
                [
                    -0.38148931953080395,
                    0.9243732466292629
                ]
            ]
        },
        {
            "Type": "R",
            "Centroid": {
                "x": 96132.283125,
                "y": 437863.7755
            },
            "Distances": [
                0.0
            ],
            "UnitPairs": [
                [
                    0.0,
                    0.0
                ]
            ]
        }
    ],
    "Annual Heating [kWh/m2]": 333.9216499436192,
    "Annual Cooling [kWh/m2]": 1.3649444230334702
}