{
    "Pand ID": "0599100000043266",
    "Archetype ID": "D.1965",
    "Construction Year": 1870,
    "Number of Floors": 2,
    "Wall Area": 223.95,
    "Roof Area (Flat)": 0.0,
    "Roof Area (Sloped)": 164.61,
    "Floor Area": 108.47,
    "Shared Wall Area": 0.0,
    "Absolute Height (70%)": 5.235786437988281,
    "Surfaces": [
        {
            "Type": "G",
            "Centroid": {
                "x": 88539.24832638889,
                "y": 439569.68669444445
            },
            "Distances": [
                8.991238260656667,
                8.817947576372125,
                7.823276793836243,
                7.80148573556637,
                8.710449714999422,
                8.633475752630865,
                4.972850581318009,
                4.809511411291486,
                4.993316979696955,
                4.299614919934523,
                4.4641199597977606,
                6.815186596766867,
                7.160120926478865,
                4.114344353581186,
                3.915441498304837,
                4.034665002481131,
                3.527057762491063,
                5.4813355949369855
            ],
            "UnitPairs": [
                [
                    -0.3557784585562244,
                    -0.9345703228903415
                ],
                [
                    -0.31400605015099636,
                    -0.94942098168756
                ],
                [
                    0.00921750731892822,
                    -0.9999575178770475
                ],
                [
                    0.025522204085452353,
                    -0.9996742554945688
                ],
                [
                    0.6201873942058905,
                    -0.7844536927493602
                ],
                [
                    0.6236319259331736,
                    -0.7817181211644517
                ],
                [
                    0.6370815007014575,
                    0.770796446193143
                ],
                [
                    0.635846523605279,
                    0.7718155209757585
                ],
                [
                    0.6012258230990479,
                    0.7990791635619542
                ],
                [
                    0.4484380920173931,
                    0.8938138942910878
                ],
                [
                    0.4137682516931284,
                    0.9103822460322981
                ],
                [
                    0.1269387270365743,
                    0.9919105602716074
                ],
                [
                    -0.48614945538447696,
                    0.8738756816786794
                ],
                [
                    -0.6131934208909903,
                    0.7899328000380822
                ],
                [
                    -0.6279978617895452,
                    0.7782150638401697
                ],
                [
                    -0.666446628713877,
                    0.7455527419813488
                ],
                [
                    -0.7564063501475644,
                    0.6541020053909331
                ],
                [
                    -0.9375249516992188,
                    0.34791804342600235
                ]
            ]
        },
        {
            "Type": "F",
            "Centroid": {
                "x": 88539.18603009258,
                "y": 439570.9483796296
            },
            "Distances": [
                10.160869990742874,
                10.006620973227355,
                9.085623856264371,
                8.87049399674927,
                9.064399765965058,
                9.766410658691202,
                9.686771428614714,
                1.0740732471450367,
                3.9675253421324257,
                4.128859115985835,
                4.2119355504833935,
                4.102998615250949,
                3.2596310583703936,
                3.3910347005824435,
                2.804221111861987,
                5.576034543441425,
                5.816531231127276,
                5.680950560157785,
                6.836362201926574,
                7.350039738366331,
                6.053139718483911,
                2.3265228799112903,
                3.163563281588936,
                2.9885119063608125,
                3.154171542286724,
                2.8074743044025534,
                5.117450074603364
            ],
            "UnitPairs": [
                [
                    -0.3086933102614239,
                    -0.9511616267490212
                ],
                [
                    -0.2704801750587772,
                    -0.9627255449504667
                ],
                [
                    0.014793415349493208,
                    -0.9998905714438442
                ],
                [
                    0.025410919335263214,
                    -0.999677090453981
                ],
                [
                    0.028838909819952675,
                    -0.9995840721422069
                ],
                [
                    0.5595103051041492,
                    -0.828823394024482
                ],
                [
                    0.562252082394724,
                    -0.826965897629882
                ],
                [
                    0.9826214461838861,
                    0.18562083261177356
                ],
                [
                    0.786487076536802,
                    0.6176067344521062
                ],
                [
                    0.7823971021226463,
                    0.6227798765134318
                ],
                [
                    0.7581805013746864,
                    0.6520447280173572
                ],
                [
                    0.7468702026932377,
                    0.6649698491878876
                ],
                [
                    0.6106235251083373,
                    0.7919210254717749
                ],
                [
                    0.5630751602440855,
                    0.8264056896682751
                ],
                [
                    0.348548623105552,
                    0.9372907005466468
                ],
                [
                    0.16632024070061205,
                    0.9860717912673959
                ],
                [
                    0.14345447041472514,
                    0.9896569177841535
                ],
                [
                    -0.13828541267246153,
                    0.9903924195196604
                ],
                [
                    -0.16172235465583343,
                    0.9868362984834783
                ],
                [
                    -0.520622027743109,
                    0.8537872710626773
                ],
                [
                    -0.5647635362101194,
                    0.8252527783457873
                ],
                [
                    -0.7262308087177242,
                    0.6874509527735053
                ],
                [
                    -0.7777914881318005,
                    0.6285223949786668
                ],
                [
                    -0.8019350993672589,
                    0.5974111619335754
                ],
                [
                    -0.8327361265454137,
                    0.5536700674103132
                ],
                [
                    -0.928091341206483,
                    0.3723526049023311
                ],
                [
                    -0.9920160467758308,
                    0.1261117081767306
                ]
            ]
        },
        {
            "Type": "R",
            "Centroid": {
                "x": 88541.54343749999,
                "y": 439564.57975
            },
            "Distances": [
                0.0
            ],