{
    "Pand ID": "0599100000767108",
    "Archetype ID": "D.2006-2014",
    "Construction Year": 2010,
    "Number of Floors": 2,
    "Wall Area": 236.06,
    "Roof Area (Flat)": 0.0,
    "Roof Area (Sloped)": 246.17,
    "Floor Area": 171.3,
    "Shared Wall Area": 0.0,
    "Absolute Height (70%)": 1.5422643423080444,
    "Surfaces": [
        {
            "Type": "G",
            "Centroid": {
                "x": 90601.91525,
                "y": 440037.329875
            },
            "Distances": [
                7.922216629694405,
                4.572093347457122,
                4.552813342079951,
                5.068947161694061,
                5.219380789713165,
                5.297246886651025,
                5.657467483584497,
                5.899823711594172,
                6.4273135973041295,
                6.1832614030190625,
                6.213176729979954,
                12.185134748079227,
                11.497335346882679,
                12.22327603705969,
                13.220282592613717,
                9.56271473370799
            ],
            "UnitPairs": [
                [
                    -0.38881163492216797,
                    -0.9213172702978876
                ],
                [
                    0.4052301340306996,
                    -0.9142147113635075
                ],
                [
                    0.43528030935842693,
                    -0.9002949807062305
                ],
                [
                    0.44599991435809905,
                    -0.8950330029627782
                ],
                [
                    0.7343304032454065,
                    -0.6787922059580815
                ],
                [
                    0.7899858340652105,
                    -0.6131250948838203
                ],
                [
                    0.8925813563477312,
                    -0.45088637404610554
                ],
                [
                    0.8954081101808129,
                    -0.4452463545301918
                ],
                [
                    0.9432790089066574,
                    -0.33200107131766005
                ],
                [
                    0.9531782041634542,
                    -0.3024091782795827
                ],
                [
                    0.9553486498055546,
                    -0.2954808916236443
                ],
                [
                    -0.22053510737140394,
                    0.9753790373063609
                ],
                [
                    -0.5277092314831343,
                    0.849425080279291
                ],
                [
                    -0.787452559429614,
                    0.6163752644677999
                ],
                [
                    -0.8803329216658347,
                    0.4743563502592702
                ],
                [
                    -0.9661743822003728,
                    0.2578896337190159
                ]
            ]
        },
        {
            "Type": "F",
            "Centroid": {
                "x": 90601.27908333333,
                "y": 440036.72362500004
            },
            "Distances": [
                4.616310510679143,
                5.085976027050615,
                7.124940191410678,
                2.3784920428052487,
                4.354939932350843,
                4.8828208102082,
                4.364850176620807,
                2.5863438281951985,
                5.3474276586535945,
                5.497219310518126,
                6.009260747458428,
                6.254318499861111,
                6.870889509213982,
                6.907879599733246,
                6.651057044897205,
                3.6643564552327175,
                6.6859603883315595,
                12.658648910150259,
                12.127214202499946,
                10.320907658585165,
                12.974749499077642,
                7.89309361491087,
                8.27412668487321,
                9.13523568281719
            ],
            "UnitPairs": [
                [
                    -0.8199369008140068,
                    -0.5724539096586917
                ],
                [
                    -0.5403256560213057,
                    -0.8414559913894164
                ],
                [
                    -0.34303211924044574,
                    -0.9393236743367052
                ],
                [
                    0.43763722894438134,
                    -0.8991516311734541
                ],
                [
                    0.5715157281917808,
                    -0.8205911115954271
                ],
                [
                    0.5932875236017098,
                    -0.8049906299694118
                ],
                [
                    0.5997724001368857,
                    -0.8001706493205306
                ],
                [
                    0.7968455872733753,
                    -0.6041830103891946
                ],
                [
                    0.8357133470422006,
                    -0.5491659144334454
                ],
                [
                    0.8769736833046239,
                    -0.4805384051156798
                ],
                [
                    0.9461923696810608,
                    -0.3236046964389405
                ],
                [
                    0.9463727609663569,
                    -0.32307676688507764
                ],
                [
                    0.974970803662611,
                    -0.22233293054669687
                ],
                [
                    0.9761195992660548,
                    -0.2172338093591246
                ],
                [
                    0.9817862969151349,
                    -0.18998859752539535
                ],
                [
                    0.9818686338613175,
                    -0.1895626171989348
                ],
                [
                    0.9829428062626703,
                    -0.18391149941335008
                ],
                [
                    -0.16203019357618748,
                    0.9867858006526357
                ],
                [
                    -0.7412323377174491,
                    0.6712485542047189
                ],
                [
                    -0.7606969845134544,
                    0.6491071542912906
                ],
                [
                    -0.8479611366761027,
                    0.530058403090614
                ],
                [
                    -0.8990243470465952,
                    0.43789864514227855
                ],
                [
                    -0.9151519697149271,
                    0.40310900799521865
                ],
                [
                    -0.9417472774678981,
                    0.3363213721751887
                ]
            ]
        },
        {
            "Type": "R",
            "Centroid": {
                "x": 90595.848,
                "y": 440047.096
            },
            "Distances": [
                0.0
            ],
            "UnitPairs": [
                [
                    0.0,
                    0.0
                ]
            ]
        }
    ],
    "Annual Heating [kWh/m2]": 152.00435831095095,
    "Annual Cooling [kWh/m2]": 0.53453021812502
}