{
    "Pand ID": "0599100000659414",
    "Archetype ID": "D.1965",
    "Construction Year": 1945,
    "Number of Floors": 2,
    "Wall Area": 145.88,
    "Roof Area (Flat)": 0.0,
    "Roof Area (Sloped)": 98.36,
    "Floor Area": 90.6,
    "Shared Wall Area": 0.0,
    "Absolute Height (70%)": -1.0817443132400513,
    "Surfaces": [
        {
            "Type": "G",
            "Centroid": {
                "x": 89949.17878846155,
                "y": 442410.08296153846
            },
            "Distances": [
                0.7315451791158393,
                5.257571181972502,
                0.8623052974590703,
                4.429046984965119,
                4.453337093916679,
                5.010742356587131,
                5.849419948475324,
                8.256491071306515,
                8.031545586187768,
                5.558645286972551,
                4.837338989900582,
                7.27881259621699,
                6.791160558688313
            ],
            "UnitPairs": [
                [
                    -0.8865323428430455,
                    -0.46266662414012627
                ],
                [
                    -0.8495440778532026,
                    -0.5275176393112858
                ],
                [
                    -0.4227487209131434,
                    -0.9062469414934878
                ],
                [
                    0.39364259272340496,
                    -0.9192635689474459
                ],
                [
                    0.45683978004539355,
                    -0.8895489954848336
                ],
                [
                    0.47088063415358505,
                    -0.8821969328778679
                ],
                [
                    0.900681022196547,
                    -0.434480950393666
                ],
                [
                    0.9970896192290236,
                    -0.07623838420192774
                ],
                [
                    0.3761992640192823,
                    0.926538781568991
                ],
                [
                    0.006199628987597618,
                    0.9999807821155445
                ],
                [
                    -0.7275773868410698,
                    0.6860256162546122
                ],
                [
                    -0.9668525420210491,
                    0.25533539117685095
                ],
                [
                    -0.9803241145617164,
                    0.19739460582494842
                ]
            ]
        },
        {
            "Type": "F",
            "Centroid": {
                "x": 89949.05071666668,
                "y": 442410.11996666674
            },
            "Distances": [
                5.169237458509134,
                0.6417637952721951,
                0.8519414117206273,
                0.7838693570950722,
                4.514657835235838,
                4.545798730990413,
                5.104589226288402,
                5.980891435992889,
                8.387055230264785,
                8.046531805761715,
                5.523925002664479,
                4.719163820918576,
                1.995701105395841,
                7.145537999492103,
                6.658313157416146
            ],
            "UnitPairs": [
                [
                    -0.8392856202661694,
                    -0.5436907646948137
                ],
                [
                    -0.8109941235433901,
                    -0.5850542979742037
                ],
                [
                    -0.27756212271853503,
                    -0.9607076912526415
                ],
                [
                    -0.14602773490818402,
                    -0.9892804964405116
                ],
                [
                    0.41454599697833583,
                    -0.9100283602115034
                ],
                [
                    0.47572131132391215,
                    -0.8795960629472243
                ],
                [
                    0.48731312609989086,
                    -0.8732272998084473
                ],
                [
                    0.9022958184530557,
                    -0.43111745035677973
                ],
                [
                    0.9968377581628666,
                    -0.07946372695029177
                ],
                [
                    0.39141501075958945,
                    0.9202142627410588
                ],
                [
                    0.029423522810852146,
                    0.9995670344231042
                ],
                [
                    -0.7186583885125006,
                    0.6953633011747282
                ],
                [
                    -0.7769032459196635,
                    0.6296200016513857
                ],
                [
                    -0.966962413070912,
                    0.25491899048144484
                ],
                [
                    -0.9806487787978988,
                    0.1957753116258271
                ]
            ]
        },
        {
            "Type": "R",
            "Centroid": {
                "x": 89947.09337500001,
                "y": 442410.27025
            },
            "Distances": [
                6.049205532783942,
                6.3455693462370615,
                1.5300401393732974,
                10.350150968849924,
                8.871545261569384,
                5.211447743016976,
                4.715327409444064,
                7.186448711165833
            ],
            "UnitPairs": [
                [
                    -0.7178008709536792,
                    -0.6962484539718129
                ],
                [
                    0.6566589651197037,
                    -0.7541876447727845
                ],
                [
                    0.9391093495023994,
                    -0.34361843617183874
                ],
                [
                    0.996881594388942,
                    -0.07891189244062707
                ],
                [
                    0.5756466150401245,
                    0.8176985841939846
                ],
                [
                    -0.9464020831093211,
                    0.3229908622334966
                ],
                [
                    -0.9696304419601494,
                    0.24457474527057255
                ],
                [
                    -0.9993983521857632,
                    0.03468333387062408
                ]
            ]
        }
    ],
    "Annual Heating [kWh/m2]": 343.6899781805352,
    "Annual Cooling [kWh/m2]": 1.3416619767051727
}