{
    "Pand ID": "0599100000761507",
    "Archetype ID": "D.2006-2014",
    "Construction Year": 2010,
    "Number of Floors": 2,
    "Wall Area": 176.51,
    "Roof Area (Flat)": 22.39,
    "Roof Area (Sloped)": 165.04,
    "Floor Area": 130.41,
    "Shared Wall Area": 0.0,
    "Absolute Height (70%)": 0.5638289451599121,
    "Surfaces": [
        {
            "Type": "G",
            "Centroid": {
                "x": 100422.372625,
                "y": 443080.39345833333
            },
            "Distances": [
                5.567490836104689,
                5.681450156139453,
                5.147274177662343,
                5.049212079810275,
                5.588060490324801,
                5.494675934618562,
                6.34922426049146,
                5.110840501010206,
                4.409231296554795,
                4.435751876542453,
                5.5896808832408995,
                7.024096688780142,
                6.126806553450736,
                6.385057820941507,
                6.26638794495258,
                6.698775488357597,
                6.797849749002729,
                7.698742264805681,
                7.8590668367104,
                9.533932493635755,
                9.574638485460207,
                8.273022994058442,
                8.2748634456177,
                9.222993835697569
            ],
            "UnitPairs": [
                [
                    -0.9965889775736835,
                    -0.08252520692879506
                ],
                [
                    -0.9963125336726439,
                    -0.08579822403055105
                ],
                [
                    -0.567970521697009,
                    -0.8230488967754149
                ],
                [
                    -0.5625630207460878,
                    -0.8267544059084516
                ],
                [
                    -0.41132339279148095,
                    -0.9114894769236259
                ],
                [
                    -0.40393646985126447,
                    -0.9147870398754557
                ],
                [
                    -0.23884807620270138,
                    -0.971056948121102
                ],
                [
                    -0.01222890833467534,
                    -0.9999252241047538
                ],
                [
                    0.24890960037557683,
                    -0.9685267218001116
                ],
                [
                    0.2512539093743819,
                    -0.9679212121986427
                ],
                [
                    0.32747844433921713,
                    -0.9448586500070613
                ],
                [
                    0.9717263731426656,
                    -0.2361098382935389
                ],
                [
                    0.9944005815831449,
                    -0.1056763140306425
                ],
                [
                    0.9975634017142675,
                    -0.06976574775818589
                ],
                [
                    0.9992199740899749,
                    -0.03948978829558372
                ],
                [
                    0.9995110317756342,
                    -0.03126815246872299
                ],
                [
                    0.9998014447132806,
                    -0.019926644204107363
                ],
                [
                    0.15346662602184452,
                    0.9881538314946066
                ],
                [
                    0.13366726887861247,
                    0.9910262666703304
                ],
                [
                    -0.02239369747379058,
                    0.9997492297138579
                ],
                [
                    -0.025431769604793052,
                    0.9996765602407454
                ],
                [
                    -0.8029108591590145,
                    0.5960991127694565
                ],
                [
                    -0.8034573674483094,
                    0.5953622919643404
                ],
                [
                    -0.921338575236614,
                    0.38876114746842444
                ]
            ]
        },
        {
            "Type": "F",
            "Centroid": {
                "x": 100421.57698214285,
                "y": 443080.10662857146
            },
            "Distances": [
                2.216182325806406,
                4.755991131622952,
                4.868992384879293,
                2.449780675575409,
                1.9934013827337114,
                4.486350618583219,
                4.392618426915472,
                5.036095493131793,
                4.948883526456127,
                2.8109700946173457,
                5.922660626912304,
                4.8790256244927255,
                4.072451176745913,
                4.410587996257651,
                4.438661762800405,
                5.642954977028854,
                3.6502148920912565,
                7.743589825593426,
                3.050002129004007,
                6.897576747455569,
                7.166898575189433,
                7.057252681851233,
                7.491542407554723,
                7.593651721845856,
                8.13819354212489,
                8.28371095332979,
                9.835614257108066,
                9.873821395903423,
                7.83690875379,
                7.838059605968176,
                8.620548934339734,
                8.67142042661748,
                3.8496881266640672,
                2.3672840528618426,
                3.622444098126951
            ],