{
    "Pand ID": "0599100000213686",
    "Archetype ID": "D.1965",
    "Construction Year": 1919,
    "Number of Floors": 3,
    "Wall Area": 271.0,
    "Roof Area (Flat)": 9.22,
    "Roof Area (Sloped)": 108.71,
    "Floor Area": 101.83,
    "Shared Wall Area": 9.46,
    "Absolute Height (70%)": 7.3556437492370605,
    "Surfaces": [
        {
            "Type": "G",
            "Centroid": {
                "x": 95118.93849999999,
                "y": 440977.1805
            },
            "Distances": [
                4.909637360920883,
                6.564354310687163,
                7.291080030828467,
                6.65378071220742,
                6.050669984852615,
                5.4880005253292214,
                5.47913134227735,
                5.885777902361016,
                7.376439250451756,
                8.491943947992644,
                7.219096101015303,
                4.361720963712484,
                6.155830672236901,
                5.9252710921466765,
                5.810522396097476,
                5.846885518415352,
                6.415550815437422,
                5.83083639074222,
                4.64045450524905,
                4.620938461551009,
                4.3194220985640355,
                5.385409897621905,
                5.9282926307162045,
                6.757965634387689
            ],
            "UnitPairs": [
                [
                    -0.8195870090177512,
                    -0.5729547404894532
                ],
                [
                    -0.06609560963156272,
                    -0.9978132943529225
                ],
                [
                    0.03732300274479669,
                    -0.9993032540055655
                ],
                [
                    0.1609799069628283,
                    -0.9869576837708084
                ],
                [
                    0.3373386757356086,
                    -0.9413833532907547
                ],
                [
                    0.6558171748338175,
                    -0.7549197528168078
                ],
                [
                    0.6798751056127982,
                    -0.733327921715781
                ],
                [
                    0.6806449489697649,
                    -0.7326134406642743
                ],
                [
                    0.6832734370707196,
                    -0.730162591614748
                ],
                [
                    0.9529178536232537,
                    -0.30322856766151046
                ],
                [
                    0.9793643000546867,
                    -0.20210286434979988
                ],
                [
                    0.5509579865355868,
                    0.8345329814169432
                ],
                [
                    0.016427514885542005,
                    0.9998650592728427
                ],
                [
                    -0.042171066286780676,
                    0.999110404894392
                ],
                [
                    -0.07535897293551401,
                    0.9971564697669592
                ],
                [
                    -0.09216445204906601,
                    0.9957437992669075
                ],
                [
                    -0.27727549062640705,
                    0.9607904570185349
                ],
                [
                    -0.4987063270385678,
                    0.8667710189961942
                ],
                [
                    -0.5878465130756526,
                    0.808972482266731
                ],
                [
                    -0.7286128192372309,
                    0.6849258059404495
                ],
                [
                    -0.7313188958874526,
                    0.6820356827307185
                ],
                [
                    -0.9605350564445491,
                    0.2781589569671756
                ],
                [
                    -0.9894712298100452,
                    0.14472969763734264
                ],
                [
                    -0.9999865885094865,
                    0.005179073388046288
                ]
            ]
        },
        {
            "Type": "F",
            "Centroid": {
                "x": 95118.53001785713,
                "y": 440977.5468214286
            },
            "Distances": [
                6.358031420443761,
                3.824660354734151,
                4.814472998964149,
                6.916368042624052,
                7.682528836866258,
                6.545018818073711,
                7.089441679674135,
                6.5385255415503405,
                6.0256935203130695,
                6.432374959143439,
                7.923163611503272,
                8.995092747910954,
                7.69814023740952,
                4.315333835815786,
                5.811066945331044,
                5.555942935310748,
                5.4277581573640035,
                5.457236569169294,
                4.880026468084359,
                4.922835010783775,
                5.957436814643566,
                5.312371884897142,
                4.105599752636249,
                3.7086033336051294,
                4.072430483540201,
                3.7708622887230754,
                4.89695167283476,
                5.4794967483020685
            ],