{
    "Pand ID": "0599100100002765",
    "Archetype ID": "D.2006-2014",
    "Construction Year": 2011,
    "Number of Floors": 2,
    "Wall Area": 274.46,
    "Roof Area (Flat)": 64.5,
    "Roof Area (Sloped)": 179.32,
    "Floor Area": 172.67,
    "Shared Wall Area": 0.0,
    "Absolute Height (70%)": 1.9834773540496826,
    "Surfaces": [
        {
            "Type": "G",
            "Centroid": {
                "x": 100238.6656125,
                "y": 444997.15140000003
            },
            "Distances": [
                6.906879332413689,
                7.76448992611715,
                11.685536004527622,
                9.473621937420084,
                9.537414173293325,
                9.182119423799223,
                5.345082554356197,
                5.832921421791039,
                2.03781294835857,
                3.2765012761266052,
                2.6459794429440584,
                8.523487162652623,
                11.28326099634195,
                3.1065870682212826,
                2.899061298479724,
                7.745124751235236,
                8.4518544599339,
                7.134018083251124,
                8.961079120979814,
                7.0573083404871975
            ],
            "UnitPairs": [
                [
                    -0.9987578569133703,
                    -0.04982713371057719
                ],
                [
                    -0.9957254209331261,
                    -0.09236279612240418
                ],
                [
                    -0.25469948480379306,
                    -0.9670202544107763
                ],
                [
                    0.11280796373851594,
                    -0.9936168090955234
                ],
                [
                    0.11498923922855092,
                    -0.9933667373440883
                ],
                [
                    0.5490780251582659,
                    -0.835771094432141
                ],
                [
                    0.6410939335639658,
                    -0.767462421456244
                ],
                [
                    0.7908044128222622,
                    -0.6120689345660641
                ],
                [
                    0.9356599689525431,
                    -0.35290285136241983
                ],
                [
                    0.9878525070560507,
                    -0.15539441528921
                ],
                [
                    0.9885564330327764,
                    -0.15085151212206638
                ],
                [
                    0.7507138660368767,
                    0.6606274981712206
                ],
                [
                    0.3780555994735881,
                    0.9257828923169115
                ],
                [
                    0.20462970650389145,
                    0.9788394573249135
                ],
                [
                    0.09889408000695706,
                    0.9950979654986627
                ],
                [
                    0.024234599961093218,
                    0.9997062989522101
                ],
                [
                    -0.015416734945217335,
                    0.999881155079757
                ],
                [
                    -0.2189929969021159,
                    0.9757264305674157
                ],
                [
                    -0.9400988303172347,
                    0.3409020229276545
                ],
                [
                    -0.999998818179418,
                    0.0015374133364882204
                ]
            ]
        },
        {
            "Type": "F",
            "Centroid": {
                "x": 100238.5145125,
                "y": 444997.16685000004
            },
            "Distances": [
                6.906201531968828,
                6.756775858350698,
                7.615519338839529,
                11.66295667490602,
                9.507176762887566,
                9.571285859306514,
                9.30562129038042,
                9.27874560490441,
                5.4548402910126175,
                5.962408724698486,
                2.1849892448286035,
                3.4281764832025092,
                2.7976910837334894,
                3.248998645732072,
                8.62743282786767,
                11.327019307786307,
                3.1260357323463652,
                3.224702559912613,
                2.902606621609181,
                7.734823604944149,
                8.435425644227989,
                7.087317306256213,
                9.36434670438716,
                3.861877186023065,
                8.8138408540133
            ],
            "UnitPairs": [
                [
                    -0.9999997781766656,
                    -0.000666068029230233
                ],
                [
                    -0.9985827769703373,
                    -0.05322064954704828
                ],
                [
                    -0.9953621890698704,
                    -0.0961982981660046
                ],
                [
                    -0.24223703120541296,
                    -0.9702170997837483
                ],
                [
                    0.12830307360575266,
                    -0.991735005585321
                ],
                [
                    0.13036910801113386,
                    -0.9914655292426365
                ],
                [
                    0.5592103780719911,
                    -0.8290257855197151
                ],
                [
                    0.5596446137336792,
                    -0.8287327110226076
                ],
                [
                    0.6558945467008247,
                    -0.7548525310337905
                ],
                [
                    0.7989723985655697,
                    -0.6013676964473404
                ],
                [
                    0.9417895327701992,
                    -0.336203027893102
                ],
                [
                    0.988222169015055,
                    -0.15302596076215336
                ],
                [
                    0.9889583650191058,
                    -0.14819363096549407
                ],
                [
                    0.9980921365579816,
                    -0.061742100232528824
                ],
                [
                    0.7591829609888994,
                    0.6508772785588135
                ],
                [
                    0.3899348875441246,
                    0.9208424314050427
                ],
                [
                    0.25169258043353,
                    0.9678072354320931
                ],
                [
                    0.22848618944214585,
                    0.9735471540887004
                ],
                [
                    0.15082994600108252,
                    0.9885597237341357
                ],
                [
                    0.043801903870329395,
                    0.9990402360352332
                ],
                [
                    0.002465791398759982,
                    0.9999969599317678
                ],
                [
                    -0.1991162437099533,
                    0.9799758780147798
                ],
                [
                    -0.9169032577555668,
                    0.39910952872266586
                ],
                [
                    -0.9371608224879955,
                    0.34889768241366115
                ],
                [
                    -0.9386600163359454,
                    0.3448439846252255
                ]
            ]
        },
        {
            "Type": "R",
            "Centroid": {
                "x": 100239.74831249999,
                "y": 444987.70775
            },
            "Distances": [
                0.0335596483873999,
                0.03355964838132931
            ],