{
    "Pand ID": "0599100000048271",
    "Archetype ID": "D.1975-1991",
    "Construction Year": 1979,
    "Number of Floors": 2,
    "Wall Area": 380.08,
    "Roof Area (Flat)": 42.66,
    "Roof Area (Sloped)": 214.95,
    "Floor Area": 232.7,
    "Shared Wall Area": 0.0,
    "Absolute Height (70%)": 7.787529468536377,
    "Surfaces": [
        {
            "Type": "G",
            "Centroid": {
                "x": 68702.03518181818,
                "y": 444719.6758636363
            },
            "Distances": [
                9.710154092796246,
                8.005757164584624,
                13.09040240219169,
                13.283275036185128,
                8.329648091223028,
                10.338262429004796,
                7.701229002064296,
                9.922588750211437,
                9.204825096181663,
                6.757572254769855,
                8.258210017186622,
                4.898198375375426,
                5.193274720714701,
                4.835588528342442,
                5.135109121371028,
                8.311672873826778,
                5.786643913312817,
                11.023148393565934,
                9.976790523204317,
                13.290211735007457,
                5.715167042610405,
                9.79099034164449
            ],
            "UnitPairs": [
                [
                    -0.9541230478572184,
                    -0.29941477843896136
                ],
                [
                    -0.7399277415491027,
                    -0.6726863587780298
                ],
                [
                    -0.6865856023398755,
                    -0.7270489740447958
                ],
                [
                    -0.41418112650596445,
                    -0.9101944816610625
                ],
                [
                    -0.29445203342516235,
                    -0.9556662597433202
                ],
                [
                    0.07073898412226577,
                    -0.9974948601999661
                ],
                [
                    0.4102355846021749,
                    -0.9119795859152287
                ],
                [
                    0.5175381456480048,
                    -0.8556601356842708
                ],
                [
                    0.8502408356531247,
                    -0.5263938842614685
                ],
                [
                    0.865890583364811,
                    -0.5002334431444456
                ],
                [
                    0.9998920062132644,
                    -0.01469611890306818
                ],
                [
                    0.7280877393109353,
                    0.6854839486560509
                ],
                [
                    0.7209936664602596,
                    0.6929416518901081
                ],
                [
                    0.654587991359975,
                    0.7559858210094376
                ],
                [
                    0.6510705230969395,
                    0.7590172421982767
                ],
                [
                    0.24102466642097828,
                    0.9705189901164512
                ],
                [
                    0.05258975433429165,
                    0.9986162014202749
                ],
                [
                    0.021347638026478353,
                    0.9997721132091504
                ],
                [
                    -0.05509605688392717,
                    0.9984810586665342
                ],
                [
                    -0.18823491062870626,
                    0.9821240341324525
                ],
                [
                    -0.7762995875902656,
                    0.6303641410384824
                ],
                [
                    -0.7869154752827845,
                    0.6170608031308334
                ]
            ]
        },
        {
            "Type": "F",
            "Centroid": {
                "x": 68701.1210257732,
                "y": 444718.2985927835
            },
            "Distances": [
                3.2902311306955885,
                8.489550318778015,
                7.862696238635227,
                3.0889813682414147,
                7.98185562079337,
                3.836153016437648,
                3.7958940183459524,
                1.519025120281918,
                6.415618148985398,
                6.556120517822421,
                6.5026920449845065,
                7.21949080339912,
                11.464856254455913,
                7.1834268059839435,
                11.355127749765062,
                11.212275214777824,
                11.220290447610207,
                6.978854440801272,
                11.39834604511867,
                11.654001446204786,
                2.2625215056514683,
                2.124103060334856,
                7.257820605755448,
                6.760486088383048,
                4.138322937945857,
                9.085343608328431,
                8.730817948981136,
                4.986246622264049,
                3.8076112024261826,
                4.6425276960976225,
                1.890592408790747,
                1.599324195700786,
                1.171541066572276,
                1.1642845670462914,
                7.005995130574048,
                6.962151678665899,
                7.756504066719325,
                9.337677835948531,
                7.443082546238457,
                9.092033097283009,
                8.81403259198359,
                7.441233978312189,
                1.2196499525413778,
                9.403380097840964,
                7.738907442181012,
                7.250987011838025,
                7.283151030599003,
                7.055779348357032,
                6.5716865498807975,
                7.073196338987959,
                1.6931025740583252,
                4.320156954291872,
                4.021692575472307,
                4.603602294838819,
                4.5472296524073474,
                8.638773545325982,
                9.257064460675478,
                6.8754341288590455,
                7.1542778599236465,
                6.682508709765424,
                6.372589211954072,
                6.7996029467374495,
                6.478600544603954,
                6.778696993842959,
                9.884282441205839,
                6.9547729532653,
                6.625056032900104,
                7.258904017293048,
                3.474656293366679,
                12.451080047361406,
                1.6275935896883813,
                7.578476033221853,
                11.344763476001345,
                5.432278668520774,
                2.5136121412050905,
                3.8468754674432755,
                14.516971459507,
                8.737535582654926,
                5.57634066504711,
                7.118519020669209,
                6.047835477715408,
                6.02895560328307,
                6.132085976171602,
                1.3214367128228364,
                6.549088923497245,
                6.099808497642595,
                6.33602292463865,
                9.846069005549811,
                10.081044085400006,
                9.825216228361482,
                1.1120417492538643,
                5.6986559797604786,
                5.795852243941639,
                5.896400767146566,
                6.11526625231043,
                4.718712001724563,
                3.9573112378888062
            ],