{
    "Pand ID": "0599100000767527",
    "Archetype ID": "D.2006-2014",
    "Construction Year": 2010,
    "Number of Floors": 2,
    "Wall Area": 269.37,
    "Roof Area (Flat)": 35.9,
    "Roof Area (Sloped)": 68.39,
    "Floor Area": 105.17,
    "Shared Wall Area": 0.0,
    "Absolute Height (70%)": 1.6945502758026123,
    "Surfaces": [
        {
            "Type": "G",
            "Centroid": {
                "x": 100290.89775,
                "y": 445025.414125
            },
            "Distances": [
                5.651874386622799,
                7.533501291362783,
                5.48603366121939,
                5.891768332353075,
                5.714883120602787,
                5.303906139074291,
                7.198687264485437,
                5.485881408848355,
                4.834850342236806,
                6.241067152924078,
                5.876965252731257,
                6.941342626408888,
                5.829410633338479,
                7.507153185940528,
                7.379143333214522,
                7.43119217940147
            ],
            "UnitPairs": [
                [
                    -0.5915625987584644,
                    -0.8062590723521391
                ],
                [
                    -0.28730830676100155,
                    -0.9578381579714426
                ],
                [
                    0.1524894945348618,
                    -0.9883050915868552
                ],
                [
                    0.16914488889815396,
                    -0.9855911964702359
                ],
                [
                    0.49214698544859004,
                    -0.8705121163509819
                ],
                [
                    0.4978524187176928,
                    -0.867261765084189
                ],
                [
                    0.8832947267160243,
                    -0.46881811585695377
                ],
                [
                    0.9771561031823793,
                    -0.21252282233545483
                ],
                [
                    0.6607365841474094,
                    0.7506178564151091
                ],
                [
                    0.351792801807725,
                    0.9360778945132028
                ],
                [
                    0.29072189923107356,
                    0.9568075968069429
                ],
                [
                    0.16762787296566192,
                    0.9858503416873212
                ],
                [
                    -0.2747168797562436,
                    0.9615251613852825
                ],
                [
                    -0.8978686504796186,
                    0.44026342851287165
                ],
                [
                    -0.9043648020727131,
                    0.4267602427265015
                ],
                [
                    -0.9075848581469768,
                    0.41986870002696347
                ]
            ]
        },
        {
            "Type": "F",
            "Centroid": {
                "x": 100290.51353472221,
                "y": 445025.71458333335
            },
            "Distances": [
                5.687766105571707,
                7.724277179012919,
                5.851102217582252,
                6.2614748834634995,
                6.168349044805877,
                5.758693200974256,
                7.679396283021594,
                5.928963245004337,
                4.887501627660226,
                6.112718121052768,
                5.719309335173133,
                6.723250936907695,
                1.8550389766423538,
                5.442528675410045,
                7.030617520242605,
                7.082706713009207,
                6.90428982141701,
                6.957222637451941
            ],
            "UnitPairs": [
                [
                    -0.5202784656200723,
                    -0.853996673419764
                ],
                [
                    -0.23047104356196477,
                    -0.973079183869154
                ],
                [
                    0.20864065135052545,
                    -0.9779923714447002
                ],
                [
                    0.2205195746181826,
                    -0.975382549162233
                ],
                [
                    0.518255007064144,
                    -0.8552261383125191
                ],
                [
                    0.5252541978225731,
                    -0.8509453729057849
                ],
                [
                    0.8780348779108722,
                    -0.4785966497710152
                ],
                [
                    0.9689346248900553,
                    -0.24731698827449752
                ],
                [
                    0.7322305035223113,
                    0.6810568916848743
                ],
                [
                    0.4220344741411536,
                    0.906579782830171
                ],
                [
                    0.3659144234274903,
                    0.930648502243316
                ],
                [
                    0.23021270398944443,
                    0.9731403346495655
                ],
                [
                    0.1513595031306287,
                    0.9884787811642944
                ],
                [
                    -0.22365012566931958,
                    0.9746694933607482
                ],
                [
                    -0.9040773735605766,
                    0.4273688133401988
                ],
                [
                    -0.9075940149269411,
                    0.4198489062374646
                ],
                [
                    -0.9109151534608771,
                    0.4125937265583985
                ],
                [
                    -0.914189836037809,
                    0.4052862490699184
                ]
            ]
        },
        {
            "Type": "R",
            "Centroid": {
                "x": 100292.0613125,
                "y": 445032.25725
            },
            "Distances": [
                0.0
            ],
            "UnitPairs": [
                [
                    0.0,
                    0.0
                ]
            ]
        }
    ],
    "Annual Heating [kWh/m2]": 157.9752739410559,
    "Annual Cooling [kWh/m2]": 0.5080297893870953
}