{
    "Pand ID": "0599100000021953",
    "Archetype ID": "D.1965",
    "Construction Year": 1928,
    "Number of Floors": 2,
    "Wall Area": 140.91,
    "Roof Area (Flat)": 21.69,
    "Roof Area (Sloped)": 60.84,
    "Floor Area": 63.12,
    "Shared Wall Area": 0.0,
    "Absolute Height (70%)": 2.9972362518310547,
    "Surfaces": [
        {
            "Type": "G",
            "Centroid": {
                "x": 96023.04055,
                "y": 431629.23730000004
            },
            "Distances": [
                8.137757536947657,
                4.2932273792797195,
                4.492934000181059,
                4.296421758850496,
                4.395009093264285,
                3.947404074818422,
                3.833163488542572,
                5.056399107040764,
                5.09043757746498,
                8.47836870688774
            ],
            "UnitPairs": [
                [
                    -0.8982572860906979,
                    -0.4394699625514517
                ],
                [
                    -0.754164574564373,
                    -0.6566854608350472
                ],
                [
                    0.9484225674852625,
                    -0.3170088854979665
                ],
                [
                    0.9573548014739098,
                    -0.28891483882772595
                ],
                [
                    0.960680606204004,
                    -0.2776558532851548
                ],
                [
                    0.957642016967232,
                    0.28796139904322593
                ],
                [
                    0.9567032585376509,
                    0.29106507022217665
                ],
                [
                    0.6469426029776593,
                    0.7625386996425103
                ],
                [
                    -0.8778813082367314,
                    0.47887828166305996
                ],
                [
                    -0.9788203706288761,
                    0.2047209858366983
                ]
            ]
        },
        {
            "Type": "F",
            "Centroid": {
                "x": 96022.69147727272,
                "y": 431629.2149090909
            },
            "Distances": [
                3.4979011097282147,
                7.815497040579147,
                4.020876237690199,
                4.818709756664489,
                4.625755858709386,
                4.7256238251755445,
                4.2888675652049315,
                4.1744098429981715,
                5.305276969132429,
                4.79835389303975,
                8.141808604680696
            ],
            "UnitPairs": [
                [
                    -0.997949102393397,
                    -0.06401241311037421
                ],
                [
                    -0.8906314258164567,
                    -0.4547259211306801
                ],
                [
                    -0.7184322774318023,
                    -0.695596911108836
                ],
                [
                    0.9567442240954147,
                    -0.29093038627833767
                ],
                [
                    0.9646580717999512,
                    -0.26350484722524575
                ],
                [
                    0.9673374133005294,
                    -0.2534922658170082
                ],
                [
                    0.9627885833504161,
                    0.27025570071711535
                ],
                [
                    0.9621174916545941,
                    0.2726351632718564
                ],
                [
                    0.6823909002968243,
                    0.7309874548801024
                ],
                [
                    -0.8585709525699683,
                    0.5126947624104397
                ],
                [
                    -0.9764080266080476,
                    0.21593370643643897
                ]
            ]
        },
        {
            "Type": "R",
            "Centroid": {
                "x": 96026.76425000001,
                "y": 431630.3635
            },
            "Distances": [
                0.057467382054135686,
                0.05746738205046399
            ],
            "UnitPairs": [
                [
                    -0.9831664152167087,
                    -0.18271234219375146
                ],
                [
                    0.9831664150263045,
                    0.18271234321830698
                ]
            ]
        }
    ],
    "Annual Heating [kWh/m2]": 387.33064416529754,
    "Annual Cooling [kWh/m2]": 1.6107785880333703
}