{
    "Pand ID": "0599100100013888",
    "Archetype ID": "D.2015-2018",
    "Construction Year": 2016,
    "Number of Floors": 3,
    "Wall Area": 262.05,
    "Roof Area (Flat)": 10.92,
    "Roof Area (Sloped)": 63.81,
    "Floor Area": 55.33,
    "Shared Wall Area": 0.0,
    "Absolute Height (70%)": 4.848989009857178,
    "Surfaces": [
        {
            "Type": "G",
            "Centroid": {
                "x": 96762.81991666666,
                "y": 438084.2255
            },
            "Distances": [
                6.042187497664808,
                3.1544167063252293,
                5.101353391367713,
                4.959462832846374,
                5.102570619185152,
                4.2029046412725695,
                5.036312747438961,
                2.9273468517344337,
                2.827297783554166,
                5.848481562791057,
                5.560410349685365,
                5.608410359173062
            ],
            "UnitPairs": [
                [
                    -0.7088768212366885,
                    -0.705332299213192
                ],
                [
                    0.09631997342950846,
                    -0.9953504220718143
                ],
                [
                    0.9136464337540918,
                    -0.40650977120904475
                ],
                [
                    0.9254698518826064,
                    -0.37882126822076195
                ],
                [
                    0.9334184058979274,
                    -0.3587897427895229
                ],
                [
                    0.9861830536522015,
                    0.16565924269179524
                ],
                [
                    0.6766524447997914,
                    0.7363025661685998
                ],
                [
                    0.0645066481348879,
                    0.9979172773062913
                ],
                [
                    -0.38593977366386106,
                    0.9225239786066742
                ],
                [
                    -0.9669461390872396,
                    0.2549807132005883
                ],
                [
                    -0.9871873335709624,
                    0.15956556156343177
                ],
                [
                    -0.9878319009943763,
                    0.15552535284588395
                ]
            ]
        },
        {
            "Type": "F",
            "Centroid": {
                "x": 96763.28325,
                "y": 438084.418625
            },
            "Distances": [
                6.5096216107796225,
                0.7056236713757654,
                4.770506106858738,
                4.887790172018514,
                4.617430916181529,
                4.75202801609489,
                3.362751479911005,
                3.282973273676839,
                3.715720255301502,
                4.585431715274475,
                2.741900119579811,
                2.8721592949587045,
                6.254691900139056,
                6.28630883472812,
                5.99283453514197,
                6.041789719574593
            ],
            "UnitPairs": [
                [
                    -0.729151444399449,
                    -0.6843523735110423
                ],
                [
                    0.8099218084495509,
                    -0.5865378625441063
                ],
                [
                    0.8798856779523682,
                    -0.47518543089440507
                ],
                [
                    0.8898704418402659,
                    -0.45621332371929935
                ],
                [
                    0.8936787739557506,
                    -0.4487073088115976
                ],
                [
                    0.9047716018184375,
                    -0.425897110277704
                ],
                [
                    0.9999252160293151,
                    0.01222956862393902
                ],
                [
                    0.9958960148182018,
                    0.09050484887133996
                ],
                [
                    0.9907904112946545,
                    0.13540443451589543
                ],
                [
                    0.6421423723723549,
                    0.7665853987678111
                ],
                [
                    -0.10011305592035961,
                    0.9949760680711305
                ],
                [
                    -0.5412304264345201,
                    0.840874322060977
                ],
                [
                    -0.978225642075324,
                    0.2075441957423047
                ],
                [
                    -0.9787142442012396,
                    0.20522774714350023
                ],
                [
                    -0.9932695396634046,
                    0.11582582430895245
                ],
                [
                    -0.9936625203192819,
                    0.11240460716862422
                ]
            ]
        },
        {
            "Type": "R",
            "Centroid": {
                "x": 96763.12375,
                "y": 438081.08574999997
            },
            "Distances": [
                0.0
            ],
            "UnitPairs": [
                [
                    0.0,
                    0.0
                ]
            ]
        }
    ],
    "Annual Heating [kWh/m2]": 105.71197982024049,
    "Annual Cooling [kWh/m2]": 0.10727037090585388
}