{
    "Pand ID": "0599100000059027",
    "Archetype ID": "D.1965",
    "Construction Year": 1964,
    "Number of Floors": 1,
    "Wall Area": 154.31,
    "Roof Area (Flat)": 106.51,
    "Roof Area (Sloped)": 0.0,
    "Floor Area": 106.51,
    "Shared Wall Area": 0.0,
    "Absolute Height (70%)": 4.623888969421387,
    "Surfaces": [
        {
            "Type": "G",
            "Centroid": {
                "x": 69425.9158125,
                "y": 445230.00725
            },
            "Distances": [
                7.96989416883322,
                8.035476374355058,
                7.8851648722535925,
                7.918949681772518
            ],
            "UnitPairs": [
                [
                    -0.9997623345053757,
                    -0.021800791370073472
                ],
                [
                    0.5447094604094321,
                    -0.8386248289553948
                ],
                [
                    0.9994718091108342,
                    0.03249773519364349
                ],
                [
                    -0.5417385098263885,
                    0.8405470759993661
                ]
            ]
        },
        {
            "Type": "F",
            "Centroid": {
                "x": 69425.8310625,
                "y": 445230.05225
            },
            "Distances": [
                7.886284430895419,
                7.796470523578083,
                7.9567164474426,
                7.835352839866732
            ],
            "UnitPairs": [
                [
                    -0.9996152268000151,
                    -0.027738030743986602
                ],
                [
                    0.5303361293412359,
                    -0.8477874674205534
                ],
                [
                    0.9996271769313871,
                    0.02730397663684354
                ],
                [
                    -0.5367020587257426,
                    0.8437718294417926
                ]
            ]
        },
        {
            "Type": "R",
            "Centroid": {
                "x": 69433.7848125,
                "y": 445230.2695
            },
            "Distances": [
                0.0
            ],
            "UnitPairs": [
                [
                    0.0,
                    0.0
                ]
            ]
        }
    ],
    "Annual Heating [kWh/m2]": 640.2206363767019,
    "Annual Cooling [kWh/m2]": 2.3540235936862666
}