{
    "Pand ID": "0599100000296698",
    "Archetype ID": "D.1965",
    "Construction Year": 1962,
    "Number of Floors": 2,
    "Wall Area": 205.73,
    "Roof Area (Flat)": 0.0,
    "Roof Area (Sloped)": 113.43,
    "Floor Area": 109.49,
    "Shared Wall Area": 0.0,
    "Absolute Height (70%)": -0.03292640298604965,
    "Surfaces": [
        {
            "Type": "G",
            "Centroid": {
                "x": 100487.117875,
                "y": 443802.8865
            },
            "Distances": [
                9.329157856570589,
                8.731750128858078,
                9.826875969121078,
                6.937450058370303,
                5.231392913191532,
                5.579534461981688,
                5.441503037986274,
                6.254580426571752
            ],
            "UnitPairs": [
                [
                    0.23070142376226305,
                    -0.9730245901692643
                ],
                [
                    0.6001374206396205,
                    -0.7998969160760798
                ],
                [
                    0.8794503998178977,
                    -0.4759905400952207
                ],
                [
                    0.11737021429479505,
                    0.9930882301167374
                ],
                [
                    -0.44706066602222294,
                    0.89450363939772
                ],
                [
                    -0.7944659236710373,
                    0.6073087321334395
                ],
                [
                    -0.7993655373577904,
                    0.6008450196886805
                ],
                [
                    -0.915768862073839,
                    0.401705602719188
                ]
            ]
        },
        {
            "Type": "F",
            "Centroid": {
                "x": 100487.46877205883,
                "y": 443802.5052941176
            },
            "Distances": [
                8.880901069067228,
                7.554716713548664,
                7.626162767967222,
                8.216402216724957,
                7.581872636823472,
                7.561145262547663,
                9.338344432492704,
                7.2854553719373465,
                7.317028907641308,
                5.224044728835947,
                5.731050979446151,
                5.217733718058234,
                5.255756953341211,
                6.090481230845178,
                5.951784288048964,
                6.732271815641611,
                5.091025960338376
            ],
            "UnitPairs": [
                [
                    0.20283447897623308,
                    -0.9792130381783323
                ],
                [
                    0.22824852427444262,
                    -0.9736029021970606
                ],
                [
                    0.5615344271395567,
                    -0.8274533746000737
                ],
                [
                    0.5950722484373987,
                    -0.8036722087640326
                ],
                [
                    0.5979199543863729,
                    -0.8015558172370765
                ],
                [
                    0.6233649503504212,
                    -0.781931031916893
                ],
                [
                    0.8878825364723864,
                    -0.46007021358414574
                ],
                [
                    0.06359972267006446,
                    0.9979754883143628
                ],
                [
                    0.06031860017967504,
                    0.9981791755353168
                ],
                [
                    -0.4603036887392201,
                    0.8877615187273366
                ],
                [
                    -0.4693113127891397,
                    0.8830327806418822
                ],
                [
                    -0.5026410316299846,
                    0.8644952245801852
                ],
                [
                    -0.6009880378533585,
                    0.7992580173868574
                ],
                [
                    -0.7854300633250374,
                    0.6189504145125259
                ],
                [
                    -0.7897878739091307,
                    0.6133800732222193
                ],
                [
                    -0.9029117102339719,
                    0.4298260619394362
                ],
                [
                    -0.9235166144223131,
                    0.3835584217377432
                ]
            ]
        },
        {
            "Type": "R",
            "Centroid": {
                "x": 100492.002125,
                "y": 443796.428
            },
            "Distances": [
                0.0
            ],
            "UnitPairs": [
                [
                    0.0,
                    0.0
                ]
            ]
        }
    ],
    "Annual Heating [kWh/m2]": 361.2293501059256,
    "Annual Cooling [kWh/m2]": 1.6180569536612073
}