{
    "Pand ID": "0599100000203456",
    "Archetype ID": "D.1965-1974",
    "Construction Year": 1971,
    "Number of Floors": 1,
    "Wall Area": 339.65,
    "Roof Area (Flat)": 239.23,
    "Roof Area (Sloped)": 0.0,
    "Floor Area": 228.43,
    "Shared Wall Area": 0.0,
    "Absolute Height (70%)": 1.2142685651779175,
    "Surfaces": [
        {
            "Type": "G",
            "Centroid": {
                "x": 94780.36397727273,
                "y": 432707.6362727273
            },
            "Distances": [
                14.884592132283952,
                12.50259503023086,
                7.096684048886534,
                2.7108813961852163,
                13.169670864204466,
                4.344675648406611,
                4.265691773647069,
                14.950268043775841,
                7.2581146586929215,
                6.36741770397189,
                6.479995162631151,
                5.2518588257861305,
                5.392096846193449,
                5.2003062793378705,
                5.157208524210808,
                6.209745635130186,
                7.111080344862032,
                10.117922313586757,
                12.6492774762722,
                7.902897899950467,
                4.506381630409328,
                4.8509287713020965
            ],
            "UnitPairs": [
                [
                    -0.984556858696021,
                    -0.17506510787310847
                ],
                [
                    -0.9385033462540487,
                    -0.34527013926772343
                ],
                [
                    -0.016025410170740675,
                    -0.9998715848692069
                ],
                [
                    0.008953813805681027,
                    -0.999959913805715
                ],
                [
                    0.020977952305154077,
                    -0.9997799385450193
                ],
                [
                    0.4125216408098095,
                    -0.9109478008445833
                ],
                [
                    0.43750763681285515,
                    -0.8992146950147284
                ],
                [
                    0.5301090725639686,
                    -0.8479294612085189
                ],
                [
                    0.9927196064115562,
                    0.12044825879225016
                ],
                [
                    0.9918106555705939,
                    0.1277169663616732
                ],
                [
                    0.95914774182311,
                    0.2829056545133529
                ],
                [
                    0.867744712575052,
                    0.49701017474297293
                ],
                [
                    0.8570455722670134,
                    0.5152406108387688
                ],
                [
                    0.8169274075552369,
                    0.5767405055872875
                ],
                [
                    0.8059151976804229,
                    0.5920309908676444
                ],
                [
                    0.7643264323765684,
                    0.6448295160509535
                ],
                [
                    -0.04988373854985184,
                    0.9987550313406637
                ],
                [
                    -0.3931367675550842,
                    0.9194800063059227
                ],
                [
                    -0.5149485640542185,
                    0.8572210778897696
                ],
                [
                    -0.933040938410268,
                    0.3597702145126613
                ],
                [
                    -0.9727820749041726,
                    0.23172189094932935
                ],
                [
                    -0.9985154392261508,
                    0.05446941919101961
                ]
            ]
        },
        {
            "Type": "F",
            "Centroid": {
                "x": 94780.21094230769,
                "y": 432707.7847307693
            },
            "Distances": [
                14.760923647165965,
                12.411717050774886,
                7.2443374116139685,
                13.322149809015459,
                2.864723129679049,
                4.54371578650733,
                4.466732405128341,
                4.456911995207851,
                15.157361230015258,
                3.7287519764371653,
                7.394013326401391,
                6.502378221273093,
                6.587396316045079,
                5.314819498491996,
                5.450660523982509,
                5.243891170628997,
                5.196904566237756,
                6.234594792306776,
                6.956693632803511,
                9.921596187900871,
                12.443331367910874,
                4.0880282901726686,
                8.09684345864917,
                7.70715113444618,
                4.324483774641199,
                4.692120718842867
            ],