{
    "Pand ID": "0599100100006708",
    "Archetype ID": "D.2006-2014",
    "Construction Year": 2014,
    "Number of Floors": 3,
    "Wall Area": 360.65,
    "Roof Area (Flat)": 44.27,
    "Roof Area (Sloped)": 149.55,
    "Floor Area": 133.02,
    "Shared Wall Area": 0.0,
    "Absolute Height (70%)": 8.847103118896484,
    "Surfaces": [
        {
            "Type": "G",
            "Centroid": {
                "x": 84293.4062337963,
                "y": 430856.1659722223
            },
            "Distances": [
                6.982870272965846,
                7.485033649261276,
                5.727965975100071,
                5.745374676637781,
                6.295721621121896,
                6.848489627287723,
                7.5198670932942004,
                7.611534625784227,
                6.69068333914091,
                6.797188677333261,
                6.6979916661344285,
                4.01272259889719,
                3.780892441692271,
                4.204264143578084,
                4.007780593428826,
                3.5896633428036004,
                6.548931848706029,
                6.21600702991063,
                6.424910979900598,
                5.626662367320152,
                5.931222017287652,
                9.605482145499247,
                12.225204380169858,
                7.166855821012853,
                7.331665423204992,
                10.1458463142944,
                9.445080270821414
            ],
            "UnitPairs": [
                [
                    -0.3080819508606936,
                    -0.9513598223353081
                ],
                [
                    -0.24746666255618008,
                    -0.9688964087678856
                ],
                [
                    0.32641669168753007,
                    -0.9452259747741637
                ],
                [
                    0.3266460081941075,
                    -0.9451467533303255
                ],
                [
                    0.3362130397558355,
                    -0.941785958643545
                ],
                [
                    0.34412021218648137,
                    -0.9389255985245748
                ],
                [
                    0.7828201789560136,
                    -0.6222479951106913
                ],
                [
                    0.7980918438069594,
                    -0.6025358154075223
                ],
                [
                    0.8309620141740413,
                    -0.5563291570642512
                ],
                [
                    0.833242090599419,
                    -0.5529083273504835
                ],
                [
                    0.8379681527630715,
                    -0.5457191355952673
                ],
                [
                    0.9952603513632355,
                    -0.09724624930725556
                ],
                [
                    0.9999500810993845,
                    0.009991762073534286
                ],
                [
                    0.9984395747615935,
                    0.05584277527029386
                ],
                [
                    0.7504661579100992,
                    0.6609088786146347
                ],
                [
                    0.7270051407266257,
                    0.6866320159714803
                ],
                [
                    0.08928230087132309,
                    0.9960063607985254
                ],
                [
                    0.07652882331079167,
                    0.9970673694403331
                ],
                [
                    0.05614143212698074,
                    0.9984228260605482
                ],
                [
                    -0.37025436400858475,
                    0.9289304096285138
                ],
                [
                    -0.37400324753183806,
                    0.9274273938350315
                ],
                [
                    -0.4004271975157094,
                    0.9163285761612562
                ],
                [
                    -0.9028312290798456,
                    0.42999508345814286
                ],
                [
                    -0.9335050771764047,
                    0.35856417959115017
                ],
                [
                    -0.9418455286363394,
                    0.3360461280653808
                ],
                [
                    -0.9739252882607446,
                    0.22686897735526876
                ],
                [
                    -0.9912352280605806,
                    0.13210875312290513
                ]
            ]
        },
        {
            "Type": "F",
            "Centroid": {
                "x": 84292.942,
                "y": 430855.7353958333
            },
            "Distances": [
                2.2078500959202696,
                3.9421166115811297,
                4.40837005547731,
                4.452976444184217,
                3.630648186487925,
                6.437635290167258,
                6.961434434019395,
                6.243414831156328,
                5.520547693634842,
                5.503089136652262,
                6.074236114890145,
                6.62973894692283,
                6.208287985615016,
                4.816752697193733,
                5.024723873437011,
                4.037252423290235,
                3.7165573737883038,
                7.641033866309708,
                7.7477155291472855,
                6.864601612305297,
                6.973151711807747,
                6.879499264417769,
                2.5845595216678,
                4.458120143368008,
                4.270696664986997,
                1.9835536303165953,
                4.709177998447817,
                1.7352582313197293,
                4.6407727899380395,
                4.222815116060874,
                1.75318910730959,
                2.7809792572624454,
                7.046214308987388,
                7.03202702259714,
                6.694666643157251,
                6.894881837016608,
                5.884472750050306,
                6.185280713500946,
                9.832329846636576,
                1.505180638470678,
                12.00565067151255,
                12.162628870688511,
                7.538056610472284,
                7.3925176983902325,
                6.911293611141551,
                7.061485125042739,
                9.805448761838916,
                9.054964879151301
            ],