{
    "Pand ID": "0599100000358911",
    "Archetype ID": "D.1992-2005",
    "Construction Year": 1998,
    "Number of Floors": 3,
    "Wall Area": 353.07,
    "Roof Area (Flat)": 40.24,
    "Roof Area (Sloped)": 162.75,
    "Floor Area": 136.74,
    "Shared Wall Area": 0.0,
    "Absolute Height (70%)": 12.02519702911377,
    "Surfaces": [
        {
            "Type": "G",
            "Centroid": {
                "x": 97522.5225,
                "y": 435124.64050000004
            },
            "Distances": [
                8.99533462760577,
                6.419822042911219,
                8.265137752201698,
                7.741487231961771,
                6.352485699510106,
                6.690387661593761,
                6.234337339480861,
                5.52324945683778,
                6.148515638956069,
                7.172812423492019,
                3.4623870469021267,
                11.279315429698801
            ],
            "UnitPairs": [
                [
                    -0.999406956181023,
                    -0.03443451665092145
                ],
                [
                    -0.994575855425719,
                    -0.10401378660638774
                ],
                [
                    -0.8362837023702275,
                    -0.5482969716767957
                ],
                [
                    0.6106061869459524,
                    -0.7919343940398881
                ],
                [
                    0.7929179597185192,
                    -0.6093284082954125
                ],
                [
                    0.8739403896666644,
                    -0.48603312161752793
                ],
                [
                    0.9845473008207238,
                    -0.1751188523449922
                ],
                [
                    0.9990495709305887,
                    -0.04358847122125865
                ],
                [
                    0.9478710541238169,
                    0.3186541459862154
                ],
                [
                    -0.16520716422629061,
                    0.9862588873558035
                ],
                [
                    -0.5031211058731795,
                    0.864215917942356
                ],
                [
                    -0.6987126168364413,
                    0.71540245951043
                ]
            ]
        },
        {
            "Type": "F",
            "Centroid": {
                "x": 97520.82879824562,
                "y": 435124.10734649125
            },
            "Distances": [
                5.386436528902627,
                5.069938904709242,
                4.693228680223751,
                3.749508218872676,
                3.2346255575294487,
                5.115670389360671,
                5.460783499383637,
                5.2255099395940245,
                5.743447904428871,
                4.290009345168853,
                6.574147129479312,
                4.833167669897478,
                4.717447186076783,
                6.329734226233608,
                1.2471945243684568,
                0.5191622866203014,
                7.5973404191763745,
                7.497018945949804,
                7.915352363683279,
                7.770815940060607,
                8.518127581648946,
                7.157938797637909,
                6.894687521832499,
                8.193928173861552,
                6.70624839869542,
                5.200638930620514,
                7.512782203987479,
                8.015793774197062,
                3.182551666724153,
                7.851597443162906,
                7.217627172836208,
                6.502512595804108,
                6.718446964897391,
                6.62995699669128,
                7.349092037670471,
                7.923892511416911,
                7.752795331015857,
                7.624392803399173,
                6.9479706810792585,
                3.525734337750012,
                5.272351233815905,
                3.155947738659044,
                3.5117166426232345,
                10.311777194987908,
                10.129243365845637,
                10.433237408943205,
                4.621868903825198,
                4.533510373261316,
                4.7932710846124955,
                4.4872690897263,
                4.427515134860009,
                4.460069721251978,
                4.000674821047309,
                7.263020039489524,
                6.591850180009891,
                6.612564537355749,
                5.336415686076331
            ],