{
    "Pand ID": "0599100015001865",
    "Archetype ID": "D.1965-1974",
    "Construction Year": 1966,
    "Number of Floors": 2,
    "Wall Area": 188.25,
    "Roof Area (Flat)": 0.0,
    "Roof Area (Sloped)": 98.52,
    "Floor Area": 87.64,
    "Shared Wall Area": 0.0,
    "Absolute Height (70%)": 6.829939842224121,
    "Surfaces": [
        {
            "Type": "G",
            "Centroid": {
                "x": 77290.7396875,
                "y": 435594.1605
            },
            "Distances": [
                6.749583727904455,
                6.7524129390962235,
                6.750577790089094,
                6.752729855401315
            ],
            "UnitPairs": [
                [
                    -0.9940613037006218,
                    -0.10882152583482796
                ],
                [
                    0.31684969792311524,
                    -0.9484757608531864
                ],
                [
                    0.99406305781012,
                    0.10880550122670242
                ],
                [
                    -0.31698291592132005,
                    0.948431247383814
                ]
            ]
        },
        {
            "Type": "F",
            "Centroid": {
                "x": 77289.4062784091,
                "y": 435592.84209090914
            },
            "Distances": [
                2.3940739941385742,
                2.6335743112889256,
                6.033791007845488,
                6.15868640943701,
                5.965772930103723,
                8.301741335297288,
                6.157042952981606,
                7.764967518368206,
                5.2741840745994635,
                5.207458498772403,
                5.347133592198261
            ],
            "UnitPairs": [
                [
                    -0.8571543378038243,
                    -0.5150596481807591
                ],
                [
                    -0.8335025519068322,
                    -0.5525156069875298
                ],
                [
                    0.5565173017325487,
                    -0.8308360204470696
                ],
                [
                    0.5639041932039202,
                    -0.8258402151064309
                ],
                [
                    0.5782836744422479,
                    -0.8158357628061987
                ],
                [
                    0.968942390038673,
                    0.24728656410356006
                ],
                [
                    0.38945791173199873,
                    0.9210442633171062
                ],
                [
                    -0.10394002385459042,
                    0.9945835668465005
                ],
                [
                    -0.9868997432528268,
                    0.1613347351549081
                ],
                [
                    -0.9878313788389297,
                    0.15552866932234408
                ],
                [
                    -0.9947555671421001,
                    0.10228079800137803
                ]
            ]
        },
        {
            "Type": "R",
            "Centroid": {
                "x": 77287.2111875,
                "y": 435591.387
            },
            "Distances": [
                0.0
            ],
            "UnitPairs": [
                [
                    0.0,
                    0.0
                ]
            ]
        }
    ],
    "Annual Heating [kWh/m2]": 373.6512347746991,
    "Annual Cooling [kWh/m2]": 1.750477113895909
}