{
    "Pand ID": "0599100000345068",
    "Archetype ID": "D.1992-2005",
    "Construction Year": 1995,
    "Number of Floors": 2,
    "Wall Area": 300.14,
    "Roof Area (Flat)": 140.72,
    "Roof Area (Sloped)": 0.0,
    "Floor Area": 140.72,
    "Shared Wall Area": 0.0,
    "Absolute Height (70%)": 1.617567539215088,
    "Surfaces": [
        {
            "Type": "G",
            "Centroid": {
                "x": 96841.8424375,
                "y": 438095.884375
            },
            "Distances": [
                4.8400220416136746,
                4.700172109965898,
                4.701804333270286,
                3.493493522018597,
                6.390953321955112,
                6.123949337490588,
                6.2536617763863465,
                8.864724501541248,
                8.83623402465047,
                9.19979957598071,
                7.626010883027833,
                5.987278554420103,
                9.671650491919722,
                8.855516719160235,
                8.764737324236414,
                8.928482436183161
            ],
            "UnitPairs": [
                [
                    -0.9815425341353166,
                    -0.19124396378244402
                ],
                [
                    -0.981386934794183,
                    -0.19204083996712235
                ],
                [
                    -0.9740276658478857,
                    -0.22642903118398824
                ],
                [
                    -0.9737208552324143,
                    -0.22774480473867165
                ],
                [
                    -0.33808532016296633,
                    -0.9411154638461237
                ],
                [
                    -0.31869752547576585,
                    -0.9478564697545845
                ],
                [
                    -0.30553099421117885,
                    -0.952182131514937
                ],
                [
                    0.9218913118595043,
                    -0.38744858899983387
                ],
                [
                    0.923732042093245,
                    -0.383039311833973
                ],
                [
                    0.9339673575531404,
                    -0.35735832860758177
                ],
                [
                    0.9596514629004375,
                    0.28119222918325887
                ],
                [
                    0.9550770768431192,
                    0.2963575159985023
                ],
                [
                    0.42064304364505617,
                    0.9072262285852539
                ],
                [
                    -0.6927531949353596,
                    0.7211747436695575
                ],
                [
                    -0.697418219608433,
                    0.7166643753935337
                ],
                [
                    -0.7186761631522385,
                    0.6953449306040688
                ]
            ]
        },
        {
            "Type": "F",
            "Centroid": {
                "x": 96842.5188452381,
                "y": 438095.6364642857
            },
            "Distances": [
                5.329463315715686,
                5.469246691856833,
                4.114711619278631,
                5.319169049435227,
                5.453230252426222,
                6.426826825348948,
                6.146865724355555,
                6.265752126418611,
                8.379120555355918,
                8.145166427900243,
                8.116510741355377,
                8.284214785631134,
                8.59466385641627,
                8.479469979791709,
                7.059598416684405,
                5.432351529339897,
                9.638809958905043,
                9.508142052021043,
                9.41930921514164,
                9.681470632860565,
                9.59143499593837
            ],
            "UnitPairs": [
                [
                    -0.9924254891673385,
                    -0.12284807060336377
                ],
                [
                    -0.9922930055743632,
                    -0.12391364367250626
                ],
                [
                    -0.991101106331671,
                    -0.13311122051930022
                ],
                [
                    -0.9881421683074337,
                    -0.15354170512497056
                ],
                [
                    -0.9878723231427584,
                    -0.1552683907578408
                ],
                [
                    -0.44144572666927445,
                    -0.8972879528921784
                ],
                [
                    -0.42755045513324985,
                    -0.9039914868599985
                ],
                [
                    -0.41289460321701055,
                    -0.9107788132330854
                ],
                [
                    0.9192975218593988,
                    -0.39356329389714195
                ],
                [
                    0.9202887170271546,
                    -0.3912399229533123
                ],
                [
                    0.9223057789806034,
                    -0.38646092953749217
                ],
                [
                    0.9250007345533169,
                    -0.379965315622129
                ],
                [
                    0.9263776797927271,
                    -0.3765957970846777
                ],
                [
                    0.933537683459983,
                    -0.358479279122474
                ],
                [
                    0.9408332273123481,
                    0.3388699431714643
                ],
                [
                    0.9281256440559769,
                    0.3722670934230935
                ],
                [
                    0.3519007819803149,
                    0.9360373067573978
                ],
                [
                    -0.7163434455260342,
                    0.6977478542080152
                ],
                [
                    -0.7207636019831457,
                    0.693180950442438
                ],
                [
                    -0.7352287176223413,
                    0.677819100338289
                ],
                [
                    -0.739523881578296,
                    0.6731303206477706
                ]
            ]
        },
        {
            "Type": "R",
            "Centroid": {
                "x": 96850.43475,
                "y": 438092.59675
            },
            "Distances": [
                0.0
            ],
            "UnitPairs": [
                [
                    0.0,
                    0.0
                ]
            ]
        }
    ],
    "Annual Heating [kWh/m2]": 153.57911521821174,
    "Annual Cooling [kWh/m2]": 0.5096146715107162
}