{
    "Pand ID": "0599100000285274",
    "Archetype ID": "D.1992-2005",
    "Construction Year": 1994,
    "Number of Floors": 2,
    "Wall Area": 340.79,
    "Roof Area (Flat)": 255.71,
    "Roof Area (Sloped)": 0.0,
    "Floor Area": 230.54,
    "Shared Wall Area": 0.0,
    "Absolute Height (70%)": 4.306069850921631,
    "Surfaces": [
        {
            "Type": "G",
            "Centroid": {
                "x": 97294.72431250001,
                "y": 437638.2836875
            },
            "Distances": [
                2.5689377562286944,
                7.334981352773204,
                11.344658619583933,
                11.477600372894896,
                9.22791811272139,
                10.828891693989908,
                15.389718936534768,
                11.262026752339237,
                2.9141004521703455,
                5.357962189160499,
                6.63196992380353,
                2.468431044279517,
                5.2221446930722495,
                8.376940234674723,
                2.368606646396648,
                6.528531051883013
            ],
            "UnitPairs": [
                [
                    -0.8937302955042916,
                    -0.4486046799776076
                ],
                [
                    -0.29856074537649174,
                    -0.9543906335040353
                ],
                [
                    0.792184480940649,
                    -0.6102816957412327
                ],
                [
                    0.7976460412069065,
                    -0.603125851665264
                ],
                [
                    0.987878564659458,
                    -0.15522867481998723
                ],
                [
                    0.9913352911225709,
                    -0.1313557786126207
                ],
                [
                    0.8632426982445283,
                    0.5047891083685407
                ],
                [
                    -0.7365403832200647,
                    0.67639357173619
                ],
                [
                    -0.8317961373631066,
                    0.5550812425832958
                ],
                [
                    -0.9544556903278503,
                    0.29835270268725017
                ],
                [
                    -0.9701397283038614,
                    0.24254671213296192
                ],
                [
                    -0.9791391603207781,
                    0.20319080866594696
                ],
                [
                    -0.9792791660464533,
                    0.20251497462499674
                ],
                [
                    -0.9818546234757697,
                    0.18963517173576938
                ],
                [
                    -0.9819855498352494,
                    0.18895602640498912
                ],
                [
                    -0.9870424830328159,
                    0.160459143361833
                ]
            ]
        },
        {
            "Type": "F",
            "Centroid": {
                "x": 97295.50702500001,
                "y": 437638.07359999995
            },
            "Distances": [
                3.219644288582892,
                7.48581490182036,
                7.412523264355334,
                10.600963500734283,
                10.73088472791906,
                8.422521103839365,
                10.025919561051449,
                3.908780020019896,
                8.374082579311466,
                3.9815054119110247,
                14.831305112695974,
                11.986485475146777,
                3.690922478897474,
                6.167795071611916,
                7.442279559727673,
                3.2778355427265082,
                6.031369475106578,
                3.1774531224149927,
                9.1854722439972,
                7.335267803241673
            ],
            "UnitPairs": [
                [
                    -0.9562081161970332,
                    -0.2926876125136166
                ],
                [
                    -0.4203483576977705,
                    -0.9073628040540274
                ],
                [
                    -0.4010307818263755,
                    -0.916064578524749
                ],
                [
                    0.7739249361090336,
                    -0.6332773430880252
                ],
                [
                    0.7802105988714799,
                    -0.6255169233590779
                ],
                [
                    0.9894127776287225,
                    -0.14512875478352413
                ],
                [
                    0.992662063503386,
                    -0.12092157657423935
                ],
                [
                    0.9975874774279474,
                    -0.06942063726979644
                ],
                [
                    0.9639682823203496,
                    0.2660171999708944
                ],
                [
                    0.9288823239891971,
                    0.37037498320003753
                ],
                [
                    0.8429703188624226,
                    0.5379600742778088
                ],
                [
                    -0.7573237392085009,
                    0.6530396266929399
                ],
                [
                    -0.8687936466672215,
                    0.4951743122483951
                ],
                [
                    -0.9560385731928398,
                    0.29324093603622103
                ],
                [
                    -0.969682735254061,
                    0.24436733200287394
                ],
                [
                    -0.9761472039405906,
                    0.21710973317418794
                ],
                [
                    -0.9776635346826417,
                    0.21017614743791277
                ],
                [
                    -0.9783464555557378,
                    0.20697394256650933
                ],
                [
                    -0.9806409252269146,
                    0.19581464646471414
                ],
                [
                    -0.9851923874978035,
                    0.17145249959209674
                ]
            ]
        },
        {
            "Type": "R",
            "Centroid": {
                "x": 97301.392375,
                "y": 437639.92475
            },
            "Distances": [
                2.2191712980231135,
                2.2191712980374545
            ],
            "UnitPairs": [
                [
                    -0.9855030127413016,
                    -0.169657926068363
                ],
                [
                    0.9855030127414903,
                    0.1696579260672666
                ]
            ]
        }
    ],
    "Annual Heating [kWh/m2]": 150.0204646367628,
    "Annual Cooling [kWh/m2]": 0.5085332106142434
}