{
    "Pand ID": "0599100000378227",
    "Archetype ID": "D.1992-2005",
    "Construction Year": 2001,
    "Number of Floors": 3,
    "Wall Area": 292.67,
    "Roof Area (Flat)": 38.13,
    "Roof Area (Sloped)": 150.93,
    "Floor Area": 135.72,
    "Shared Wall Area": 0.0,
    "Absolute Height (70%)": 3.132328748703003,
    "Surfaces": [
        {
            "Type": "G",
            "Centroid": {
                "x": 100524.273375,
                "y": 444085.97465909086
            },
            "Distances": [
                5.946782022007235,
                5.426409264707302,
                5.5074267922438125,
                7.4707362457567115,
                7.414245517838522,
                7.572533001135858,
                7.082204321631708,
                6.977425916248889,
                4.87656666284887,
                7.514478537454698,
                7.342021523630098,
                7.884925114007042,
                7.972707516566199,
                9.16158851150504,
                8.693222901633748,
                9.130410747476429,
                7.688720289529456,
                7.149673117732306,
                7.5364204464175435,
                6.023068189667373,
                5.992778279591322,
                6.0886827101352194
            ],
            "UnitPairs": [
                [
                    -0.9920491415638367,
                    -0.12585110536842586
                ],
                [
                    -0.9891439694574042,
                    -0.14694967739348605
                ],
                [
                    -0.9793139706552851,
                    -0.2023466008594641
                ],
                [
                    -0.7639809266785274,
                    -0.6452388268474074
                ],
                [
                    -0.7588769466105815,
                    -0.651234043875933
                ],
                [
                    -0.7449951025834679,
                    -0.6670699342097859
                ],
                [
                    0.5558297701144559,
                    -0.8312961365569499
                ],
                [
                    0.5657530509642392,
                    -0.8245747299818585
                ],
                [
                    0.868131267896767,
                    -0.4963346670342017
                ],
                [
                    0.9349284803976633,
                    -0.35483621086540235
                ],
                [
                    0.9653335906443821,
                    -0.2610192689699839
                ],
                [
                    0.9682400136480609,
                    -0.25002255092451725
                ],
                [
                    0.9909431624811539,
                    0.134281974709376
                ],
                [
                    0.8918213244075535,
                    0.45238780413706714
                ],
                [
                    0.8761422646337907,
                    0.482052623810277
                ],
                [
                    0.8410903093402365,
                    0.540894713908303
                ],
                [
                    -0.61785314345014,
                    0.7862935158888066
                ],
                [
                    -0.6732475626145216,
                    0.7394171484578959
                ],
                [
                    -0.7058390701286346,
                    0.7083722235378407
                ],
                [
                    -0.9197139772553155,
                    0.3925890982200207
                ],
                [
                    -0.923861978818202,
                    0.38272580798022504
                ],
                [
                    -0.925733901457984,
                    0.3781755461308672
                ]
            ]
        },
        {
            "Type": "F",
            "Centroid": {
                "x": 100523.998595,
                "y": 444085.90761
            },
            "Distances": [
                5.665838554697724,
                5.144824849092356,
                5.224773431263768,
                7.218647926604252,
                7.163201519428823,
                7.381359027179032,
                7.3243107640189695,
                7.1841123159491005,
                7.0825375712331216,
                5.085557181678421,
                4.891868375997002,
                7.749242575124017,
                7.591001199314306,
                8.135311741295418,
                8.254055236555274,
                9.437195863613004,
                8.966593467303458,
                9.3982446301408,
                7.576043643483753,
                7.018649477486963,
                7.3939261348781535,
                7.434512145939483,
                5.799150779877209,
                5.767002563533741,
                5.862016298834767
            ],