{
    "Pand ID": "0599100000381941",
    "Archetype ID": "D.1992-2005",
    "Construction Year": 2001,
    "Number of Floors": 3,
    "Wall Area": 279.24,
    "Roof Area (Flat)": 6.42,
    "Roof Area (Sloped)": 174.77,
    "Floor Area": 118.46,
    "Shared Wall Area": 0.0,
    "Absolute Height (70%)": 2.476667881011963,
    "Surfaces": [
        {
            "Type": "G",
            "Centroid": {
                "x": 99412.80396071429,
                "y": 443225.55320714286
            },
            "Distances": [
                5.266780614856944,
                5.394345302718162,
                5.998861655284218,
                5.950610966420225,
                7.13820010243176,
                7.336938815905751,
                6.484240948182825,
                6.934490409894696,
                7.488528704595006,
                6.4339399428308015,
                5.291819842451774,
                5.204841382472846,
                5.501933082576819,
                5.398392468606127,
                5.454866819307372,
                6.925302913592093,
                5.268628456843407,
                5.145356149186935,
                5.213794791758795,
                5.152236572786741,
                5.1718785163453935,
                5.119747526062917,
                6.800513582642862,
                6.877836893267743,
                5.311132939595713,
                5.27106159964828,
                6.912202056711724,
                6.982862154801358,
                7.049008608247714,
                6.892938134790892,
                7.026369677488386,
                6.928490073734008,
                8.367520198554917,
                8.157424748690255,
                8.507480477403199
            ],
            "UnitPairs": [
                [
                    -0.9432870053988627,
                    -0.3319783508689175
                ],
                [
                    -0.9374790508386968,
                    -0.34804170617696967
                ],
                [
                    -0.41259256447408593,
                    -0.9109156798193218
                ],
                [
                    -0.4088799835861885,
                    -0.9125881650682076
                ],
                [
                    -0.19123668357424606,
                    -0.9815439525846632
                ],
                [
                    -0.16329503957151484,
                    -0.9865772803239173
                ],
                [
                    -0.023454667321953636,
                    -0.9997249014508023
                ],
                [
                    0.024214365554218926,
                    -0.9997067892641356
                ],
                [
                    0.0731671476916245,
                    -0.9973196922244502
                ],
                [
                    0.6532411435397565,
                    -0.7571499246429806
                ],
                [
                    0.6749878854638959,
                    -0.7378288110916913
                ],
                [
                    0.677045471084645,
                    -0.7359411865657278
                ],
                [
                    0.8209685973868491,
                    -0.5709733462296375
                ],
                [
                    0.8250445501371184,
                    -0.5650676864668868
                ],
                [
                    0.8401514532838631,
                    -0.5423518558509898
                ],
                [
                    0.9798725587008055,
                    -0.19962406845151837
                ],
                [
                    0.9884762853122556,
                    0.1513758018154955
                ],
                [
                    0.9798960731824741,
                    0.19950861074542034
                ],
                [
                    0.9787332431612056,
                    0.20513712177747975
                ],
                [
                    0.97043569624132,
                    0.2413598132677116
                ],
                [
                    0.9702305013283736,
                    0.24218334850293244
                ],
                [
                    0.9695623193233434,
                    0.2448446628953536
                ],
                [
                    0.1585048353512738,
                    0.9873582010447199
                ],
                [
                    0.14756300584928722,
                    0.9890526574984384
                ],
                [
                    -0.24553814207033348,
                    0.969386930378499
                ],
                [
                    -0.2650482616970622,
                    0.9642351471354721
                ],
                [
                    -0.348237174569051,
                    0.9374064594657775
                ],
                [
                    -0.3510144780107526,
                    0.9363700316791641
                ],
                [
                    -0.3532533229374782,
                    0.9355277066092856
                ],
                [
                    -0.3582051174698281,
                    0.9336429155830545
                ],
                [
                    -0.7655568894307458,
                    0.6433682064301287
                ],
                [
                    -0.7678564388002301,
                    0.6406219551287861
                ],
                [
                    -0.9508295797902908,
                    0.3097145624535908
                ],
                [
                    -0.9568075654677533,
                    0.29072200237283596
                ],
                [
                    -0.958460702430155,
                    0.2852246165692814
                ]
            ]
        },
        {
            "Type": "F",
            "Centroid": {
                "x": 99412.50664285714,
                "y": 443225.50424999994
            },