{
    "Pand ID": "0599100000245552",
    "Archetype ID": "D.1975-1991",
    "Construction Year": 1981,
    "Number of Floors": 2,
    "Wall Area": 192.01,
    "Roof Area (Flat)": 76.07,
    "Roof Area (Sloped)": 34.39,
    "Floor Area": 93.43,
    "Shared Wall Area": 0.0,
    "Absolute Height (70%)": 4.163747310638428,
    "Surfaces": [
        {
            "Type": "G",
            "Centroid": {
                "x": 85501.55472115384,
                "y": 430784.7477884615
            },
            "Distances": [
                6.918900468844467,
                7.283992776995566,
                8.218844524258966,
                9.245012015121857,
                7.220588166314833,
                5.83194362031134,
                4.360344341336394,
                4.143309417484827,
                4.62552289834254,
                4.392683821989413,
                5.543400879758056,
                1.6965340250631558,
                3.7873053956223033
            ],
            "UnitPairs": [
                [
                    -0.26129096118372686,
                    -0.9652600859890997
                ],
                [
                    -0.2490181153887709,
                    -0.9684988271589309
                ],
                [
                    0.49729056610103894,
                    -0.8675840552170769
                ],
                [
                    0.6333311234841462,
                    -0.7738809262582386
                ],
                [
                    0.8401190742960248,
                    0.5424020105088018
                ],
                [
                    0.7356301990330621,
                    0.6773833554720528
                ],
                [
                    -0.362092080403993,
                    0.9321423310357214
                ],
                [
                    -0.3817832545086748,
                    0.9242518848110425
                ],
                [
                    -0.4725619571830754,
                    0.8812974507073653
                ],
                [
                    -0.48417920342803544,
                    0.8749688559987682
                ],
                [
                    -0.6719424112807014,
                    0.7406033998857126
                ],
                [
                    -0.9984156691313376,
                    0.05626856700701864
                ],
                [
                    -0.9993506618749879,
                    0.036031300420935164
                ]
            ]
        },
        {
            "Type": "F",
            "Centroid": {
                "x": 85501.02808928571,
                "y": 430784.9070357143
            },
            "Distances": [
                3.258293958562463,
                1.1689558614959548,
                6.956782555225203,
                7.327729863330255,
                6.94389080566285,
                9.7066291975228,
                7.588246349641509,
                6.1298230298313845,
                4.044484333003821,
                3.818893830875342,
                4.254122683467382,
                4.016730095874876,
                1.9503620411743159,
                5.079486372248268
            ],
            "UnitPairs": [
                [
                    -0.99997554767929,
                    -0.006993142605727903
                ],
                [
                    -0.998510144103769,
                    -0.05456640103461461
                ],
                [
                    -0.18416764870023927,
                    -0.9828948454296752
                ],
                [
                    -0.17566344689508118,
                    -0.9844502798135307
                ],
                [
                    -0.16665214331636435,
                    -0.9860157519675139
                ],
                [
                    0.6574667255152257,
                    -0.7534835796752885
                ],
                [
                    0.8688154562342263,
                    0.49513604494978275
                ],
                [
                    0.7857952327240296,
                    0.618486743777252
                ],
                [
                    -0.2601603069943301,
                    0.9655654377951894
                ],
                [
                    -0.2763141193369307,
                    0.9610673792482275
                ],
                [
                    -0.39002502023737495,
                    0.9208042591065896
                ],
                [
                    -0.3983873069692207,
                    0.9172172881306871
                ],
                [
                    -0.5512895877842722,
                    0.8343139639252404
                ],
                [
                    -0.6296334021465962,
                    0.7768923856630999
                ]
            ]
        },
        {
            "Type": "R",
            "Centroid": {
                "x": 85505.641875,
                "y": 430777.61724999995
            },
            "Distances": [
                0.0
            ],
            "UnitPairs": [
                [
                    0.0,
                    0.0
                ]
            ]
        }
    ],
    "Annual Heating [kWh/m2]": 305.12549184973096,
    "Annual Cooling [kWh/m2]": 1.261630235166216
}