{
    "Pand ID": "0599100000231168",
    "Archetype ID": "D.1965",
    "Construction Year": 1913,
    "Number of Floors": 2,
    "Wall Area": 331.93,
    "Roof Area (Flat)": 13.77,
    "Roof Area (Sloped)": 154.35,
    "Floor Area": 142.3,
    "Shared Wall Area": 0.0,
    "Absolute Height (70%)": 6.916869640350342,
    "Surfaces": [
        {
            "Type": "G",
            "Centroid": {
                "x": 97494.34382258066,
                "y": 436089.09362096776
            },
            "Distances": [
                5.290377136818378,
                5.654794134309438,
                5.370762779204486,
                5.655691950883082,
                5.631489938482621,
                4.331063486838513,
                3.56433099518797,
                4.183130745079415,
                6.1928697051734245,
                5.832184047685112,
                6.368820944064115,
                7.144690179827889,
                5.020927686225227,
                5.020316693341595,
                6.859402639605982,
                6.5311277560270895,
                6.823270558945536,
                6.580417252533341,
                9.156269538544056,
                6.780269948320907,
                11.2086193370649,
                9.251980319383064,
                7.723029914229904,
                7.696138059032088,
                8.393927049645113,
                7.983074439606463,
                7.400054484857242,
                7.015283533551788,
                5.605762918214313,
                4.99083686416907,
                5.6811302764117935
            ],
            "UnitPairs": [
                [
                    -0.9892154085252747,
                    -0.14646800174841554
                ],
                [
                    -0.9601273630316551,
                    -0.27956295669827286
                ],
                [
                    -0.9520663620545542,
                    -0.305891553077568
                ],
                [
                    -0.9263804723029503,
                    -0.37658892779231135
                ],
                [
                    -0.925212090861591,
                    -0.37945037478374316
                ],
                [
                    -0.8068047469791008,
                    -0.590818161748595
                ],
                [
                    -0.7859322224652526,
                    -0.6183126569065432
                ],
                [
                    -0.7803539453059267,
                    -0.6253380845954246
                ],
                [
                    -0.6060716209674448,
                    -0.7954100767892582
                ],
                [
                    -0.46317512591715904,
                    -0.8862667785332045
                ],
                [
                    0.2516442891739418,
                    -0.967819793001849
                ],
                [
                    0.41942720312856846,
                    -0.9077889739778439
                ],
                [
                    0.7380463633273074,
                    -0.6747500022818347
                ],
                [
                    0.7383353771820609,
                    -0.6744337408533355
                ],
                [
                    0.82174464971611,
                    -0.5698558858719873
                ],
                [
                    0.8357940042295895,
                    -0.5490431517593759
                ],
                [
                    0.8439761210696806,
                    -0.5363807482229166
                ],
                [
                    0.9995836383807823,
                    -0.028853940483705327
                ],
                [
                    0.9999353318295675,
                    0.011372429770851044
                ],
                [
                    0.9965204145025778,
                    0.08334904606299086
                ],
                [
                    0.909717522980182,
                    0.41522768258246234
                ],
                [
                    0.8256262071088439,
                    0.5642174812384532
                ],
                [
                    0.6639463366432666,
                    0.7477802230989972
                ],
                [
                    -0.28096203109514345,
                    0.9597188844046426
                ],
                [
                    -0.407833253780497,
                    0.913056426027884
                ],
                [
                    -0.44397964812498997,
                    0.896036869805484
                ],
                [
                    -0.5031479955012294,
                    0.864200263031142
                ],
                [
                    -0.6720074189593738,
                    0.7405444138359026
                ],
                [
                    -0.7642710980046346,
                    0.644895099031455
                ],
                [
                    -0.9243585206673147,
                    0.38152499953441255
                ],
                [
                    -0.9880644004876792,
                    0.15404135966980778
                ]
            ]
        },
        {
            "Type": "F",
            "Centroid": {
                "x": 97494.92812000001,
                "y": 436089.82073
            },
            "Distances": [
                6.008381344808833,
                4.492604801749144,
                5.408098806843707,
                6.441303997220098,
                5.272560355717676,
                6.17087342802293,
                6.729572020910992,
                6.486669763791286,
                6.4637452289372614,
                5.237633593936043,
                4.478065044691988,
                5.09778296758009,
                3.6197601225234277,
                4.041636795237803,
                7.125386315445908,
                6.749657690915427,
                6.965823941526115,
                7.605699030601576,
                4.2789313600714385,
                5.164888527781458,
                5.163899819381557,
                6.857029548163763,
                6.912789027902977,
                6.508561812269528,
                6.78378964181123,
                6.06312263975931,
                8.593989712851986,
                6.174505031551676,
                6.47861420249423,
                2.201794101365874,
                10.383608974971743,
                8.00724012285715,
                7.466771295880959,
                6.932710966522268,
                7.699213304302504,
                7.694978018492844,
                8.36370168675853,
                6.977948557066464,
                6.791524699590963,
                7.203226276128546,
                6.632396506969772,
                6.011561958891019,
                7.121918527035431,
                8.011445846150837,
                7.63801257826588,
                7.119132024715083,
                6.9309866992425455,
                5.660752620040307,
                5.329224122234769,
                6.1993873556089785
            ],