{
    "Pand ID": "0599100000270598",
    "Archetype ID": "D.1965",
    "Construction Year": 1934,
    "Number of Floors": 4,
    "Wall Area": 575.48,
    "Roof Area (Flat)": 52.33,
    "Roof Area (Sloped)": 225.5,
    "Floor Area": 211.99,
    "Shared Wall Area": 0.0,
    "Absolute Height (70%)": 8.581058502197266,
    "Surfaces": [
        {
            "Type": "G",
            "Centroid": {
                "x": 95423.03598000002,
                "y": 437398.78033999994
            },
            "Distances": [
                8.346749830678469,
                10.918659198614089,
                7.557541056164923,
                7.218629973564541,
                13.177950909564089,
                10.695623558031357,
                8.616939336860323,
                8.449305314356971,
                10.224448165798398,
                10.31525234668065,
                8.263594453736772,
                3.6189706735643736,
                3.6183798330665473,
                6.27130906403328,
                11.30716185683139,
                7.302239986234431,
                6.986706907893552,
                13.298496866075018,
                7.4786588407837655,
                9.071933102541154,
                6.610355909958699,
                5.444759048500863,
                5.107033249980144,
                5.4045604461493895,
                5.110019453602159
            ],
            "UnitPairs": [
                [
                    -0.8533237660773464,
                    -0.521381386556496
                ],
                [
                    -0.1846820166583859,
                    -0.9827983275947267
                ],
                [
                    -0.08554105035036341,
                    -0.996334646945973
                ],
                [
                    -0.07016289820446717,
                    -0.9975355470937111
                ],
                [
                    0.2210905185473714,
                    -0.9752532915137762
                ],
                [
                    0.3941350382342067,
                    -0.9190525401934975
                ],
                [
                    0.6550492906270986,
                    -0.755586147867293
                ],
                [
                    0.6868635685498862,
                    -0.726786377279401
                ],
                [
                    0.738770433132409,
                    -0.6739571552623748
                ],
                [
                    0.9988626214561123,
                    -0.047680850011544096
                ],
                [
                    0.9989018757152355,
                    0.04685128272080027
                ],
                [
                    0.4563507552157863,
                    0.8897999709001915
                ],
                [
                    0.45172703679566245,
                    0.8921561994560202
                ],
                [
                    0.42790428164060956,
                    0.9038240568571042
                ],
                [
                    -0.0005730881093746283,
                    0.999999835784996
                ],
                [
                    -0.04402484725499022,
                    0.9990304363852859
                ],
                [
                    -0.04944818847743854,
                    0.9987766900845753
                ],
                [
                    -0.2666075749553236,
                    0.9638051675398102
                ],
                [
                    -0.6132757353498968,
                    0.7898688957232355
                ],
                [
                    -0.6851329181729148,
                    0.7284180698169604
                ],
                [
                    -0.8541869873456815,
                    0.5199659514326955
                ],
                [
                    -0.8689971324478519,
                    0.4948171215685755
                ],
                [
                    -0.8743784857932632,
                    0.4852445399815235
                ],
                [
                    -0.9983198548275358,
                    0.05794365760916325
                ],
                [
                    -0.9993073502718431,
                    0.037213165582461
                ]
            ]
        },
        {
            "Type": "F",
            "Centroid": {
                "x": 95422.58883333333,
                "y": 437399.35816666664
            },
            "Distances": [
                4.955406262062812,
                4.675432873596209,
                8.429160667328642,
                8.29829431603345,
                11.417037658215559,
                8.110116679538596,
                7.778892951783414,
                13.843772145704516,
                11.404384502852997,
                9.346528654464382,
                9.176672357421543,
                10.944937134986361,
                8.579219888129227,
                10.803750300508499,
                8.703755313409202,
                3.2907915292254137,
                3.3743632321057664,
                3.370104284595286,
                5.975999265605894,
                10.738378876192206,
                6.718508705228596,
                6.40114074904948,
                7.5847426163311065,
                12.625408899865462,
                6.306554703032882,
                5.155800670633629,
                6.748027431954161,
                8.344973909831394,
                4.760825476976469,
                5.9337049321714534,
                4.778533131490818,
                4.445027508978182,
                4.103470143931944
            ],