{
    "Pand ID": "0599100000305504",
    "Archetype ID": "D.1965",
    "Construction Year": 1921,
    "Number of Floors": 2,
    "Wall Area": 163.27,
    "Roof Area (Flat)": 0.0,
    "Roof Area (Sloped)": 122.19,
    "Floor Area": 107.54,
    "Shared Wall Area": 0.0,
    "Absolute Height (70%)": 0.09173287451267242,
    "Surfaces": [
        {
            "Type": "G",
            "Centroid": {
                "x": 92020.99667592593,
                "y": 441941.49736111116
            },
            "Distances": [
                6.172997853507096,
                6.079572205600458,
                6.44753743827833,
                6.558131352205302,
                5.537662474809347,
                6.019251926846318,
                6.591381647144317,
                6.408700658465934,
                8.437054057361058,
                8.301363545959395,
                7.767068829559483,
                7.349572727528656,
                6.169209246045705,
                6.998233781084859,
                5.423711591245229,
                6.281033394201645,
                5.551760586523525,
                4.557217639092192,
                5.755434341736596,
                4.707941283451613,
                5.281128805636553,
                5.735890335688436,
                3.824869789477752,
                4.786393575755882,
                4.920274911299314,
                4.536003223100522,
                4.150680941364461
            ],
            "UnitPairs": [
                [
                    -0.9669411957638084,
                    -0.25499945869522217
                ],
                [
                    -0.9663387039812296,
                    -0.25727321894802346
                ],
                [
                    -0.9547716449656989,
                    -0.2973400510686263
                ],
                [
                    -0.9513267714321834,
                    -0.30818399367328986
                ],
                [
                    -0.6999209402081762,
                    -0.7142203283708065
                ],
                [
                    -0.6321260469191465,
                    -0.7748655759590647
                ],
                [
                    -0.26032871676669145,
                    -0.9655200459993608
                ],
                [
                    -0.15212536485663272,
                    -0.9883612059197976
                ],
                [
                    0.17009184299647387,
                    -0.9854282139994078
                ],
                [
                    0.18877309316708163,
                    -0.9820207326203111
                ],
                [
                    0.9971682038659571,
                    -0.07520354512083287
                ],
                [
                    0.9993879027238014,
                    -0.034983137213831665
                ],
                [
                    0.9926837994676986,
                    0.1207430092153335
                ],
                [
                    0.9736848306633626,
                    0.22789877256373908
                ],
                [
                    0.9523135563496099,
                    0.30512110774700324
                ],
                [
                    0.9224714645559721,
                    0.3860652756723401
                ],
                [
                    0.5989224539235718,
                    0.8008070268086857
                ],
                [
                    0.5913858603007264,
                    0.8063887178255719
                ],
                [
                    0.40397890689433,
                    0.9147683000544249
                ],
                [
                    0.347301288531738,
                    0.9377536003578949
                ],
                [
                    0.11533028193260944,
                    0.9933271999041124
                ],
                [
                    0.0007102775405614811,
                    0.9999997477528758
                ],
                [
                    -0.5294104211075552,
                    0.8483658444460862
                ],
                [
                    -0.584140414211718,
                    0.8116526205739513
                ],
                [
                    -0.9440378860248938,
                    0.3298370351395517
                ],
                [
                    -0.9748507019145465,
                    0.22285894412546245
                ],
                [
                    -0.9841580173550533,
                    0.17729353309066526
                ]
            ]
        },
        {
            "Type": "F",
            "Centroid": {
                "x": 92020.61212931035,
                "y": 441941.4763189655
            },
            "Distances": [
                5.79631913315371,
                5.703098000535348,
                6.074857748606194,
                6.225977101850168,
                6.186601084286427,
                5.259907614585859,
                5.7668955292043105,
                6.481288048591998,
                6.34061412588332,
                8.490348186062864,
                8.362003697538082,
                8.149096834467342,
                7.733224719511056,
                6.553532912209057,
                7.37776205510639,
                5.797157461322278,
                6.645143508771241,
                4.8108179973866,
                5.806441124153284,
                5.939958853702841,
                4.874048817249218,
                5.359836247234724,
                5.770033013458876,
                3.654743466245859,
                4.590321059021034,
                4.5665458624862785,
                4.6812431863127895,
                4.167170905500712,
                3.7770029959554963
            ],