{
    "Pand ID": "0599100000345100",
    "Archetype ID": "D.1992-2005",
    "Construction Year": 1996,
    "Number of Floors": 2,
    "Wall Area": 342.88,
    "Roof Area (Flat)": 196.56,
    "Roof Area (Sloped)": 0.0,
    "Floor Area": 140.26,
    "Shared Wall Area": 0.0,
    "Absolute Height (70%)": 1.2451497316360474,
    "Surfaces": [
        {
            "Type": "G",
            "Centroid": {
                "x": 97547.57866304347,
                "y": 438419.7173152174
            },
            "Distances": [
                11.272362183520041,
                9.532916348613094,
                10.726058059755728,
                6.8468565543025575,
                6.492170249192596,
                6.599113601639713,
                3.621753307826958,
                4.752365417999586,
                3.8521722529222284,
                4.3078408367678716,
                3.1551068645984977,
                3.3999964419518403,
                5.477130506739297,
                5.694543141284846,
                6.048975861985775,
                5.837533619753387,
                6.69769556902785,
                6.274208893555515,
                6.322010262707523,
                8.911435331914129,
                11.65174702803155,
                11.599357455074182,
                11.746832911796242
            ],
            "UnitPairs": [
                [
                    -0.9056587144087046,
                    -0.42400742094398836
                ],
                [
                    -0.8903794739288232,
                    -0.4552190598011379
                ],
                [
                    -0.716844249830738,
                    -0.6972333336011742
                ],
                [
                    0.7977510428626793,
                    -0.6029869597358698
                ],
                [
                    0.8042128835371009,
                    -0.5943413480088202
                ],
                [
                    0.8155772549796654,
                    -0.578648201552406
                ],
                [
                    0.9611607032989532,
                    -0.2759893157965753
                ],
                [
                    0.9616446873402724,
                    -0.27429818685188156
                ],
                [
                    0.9701245715804349,
                    -0.2426073280341665
                ],
                [
                    0.9821827492820765,
                    -0.18792830285164985
                ],
                [
                    0.9927039212736343,
                    0.12057746343305654
                ],
                [
                    0.9914972012707293,
                    0.13012801340338262
                ],
                [
                    0.9844729735551118,
                    0.17553621945215808
                ],
                [
                    0.8611905880504048,
                    0.5082821766040966
                ],
                [
                    0.770558035420748,
                    0.6373698408683276
                ],
                [
                    0.7609526978124064,
                    0.6488073610032647
                ],
                [
                    0.6491914885817587,
                    0.7606250134941661
                ],
                [
                    0.6110869149499711,
                    0.7915635049551785
                ],
                [
                    0.5985575472485146,
                    0.8010798104008378
                ],
                [
                    -0.9773861021341281,
                    0.21146254362192754
                ],
                [
                    -0.9951222778506812,
                    0.09864913646490603
                ],
                [
                    -0.9961683729667564,
                    0.08745611871541782
                ],
                [
                    -0.9966867777381605,
                    0.08133552164904799
                ]
            ]
        },
        {
            "Type": "F",
            "Centroid": {
                "x": 97547.19734999999,
                "y": 438419.5008642857
            },
            "Distances": [
                7.503593622953122,
                10.835300353180862,
                9.094890597057569,
                7.500110033565055,
                10.302393977036404,
                3.6473128740625858,
                3.945102519177707,
                4.51986376863146,
                7.032066676620768,
                6.682206389354087,
                6.796470178504981,
                4.7798371910547015,
                5.0693371785843695,
                3.9409899447378467,
                4.180539042676256,
                4.6503782981586586,
                4.842838182186952,
                3.5637413087999956,
                3.8098078881498516,
                5.892330805046589,
                3.6354193669026693,
                6.132948971568602,
                6.481207528727858,
                6.268675168929622,
                7.111450726156681,
                7.173884749723728,
                4.507229345552078,
                6.680711151361627,
                6.725943137435496,
                4.430838105365832,
                8.589487688135682,
                11.296480369762461,
                11.4439012591975,
                11.241192846031621,
                11.387062118364291
            ],