{
    "Pand ID": "0599100000620367",
    "Archetype ID": "D.1965",
    "Construction Year": 1898,
    "Number of Floors": 2,
    "Wall Area": 205.55,
    "Roof Area (Flat)": 52.62,
    "Roof Area (Sloped)": 126.27,
    "Floor Area": 156.43,
    "Shared Wall Area": 67.64,
    "Absolute Height (70%)": 5.255016326904297,
    "Surfaces": [
        {
            "Type": "G",
            "Centroid": {
                "x": 86781.64911141305,
                "y": 441940.67352173914
            },
            "Distances": [
                4.798801670879934,
                4.550910539353355,
                7.459539439560301,
                5.571893527007974,
                5.34370658674723,
                5.785250281898934,
                8.340438532302555,
                6.479111442566344,
                5.48292282396126,
                5.457857124330513,
                7.7971274279963545,
                11.528389225235246,
                7.03769526549913,
                7.004171089448352,
                10.433963909625186,
                7.290193585895241,
                9.173337539116948,
                9.260250271208212,
                7.20066481519471,
                6.342364056442782,
                6.401195411315913,
                7.68349944322083,
                7.374615724577728
            ],
            "UnitPairs": [
                [
                    -0.9165150416077894,
                    -0.40000022313327793
                ],
                [
                    -0.9013962980768327,
                    -0.43299505056453225
                ],
                [
                    -0.6359875098855567,
                    -0.7716993503104489
                ],
                [
                    -0.5685991481533907,
                    -0.822614738938732
                ],
                [
                    -0.5520838139516742,
                    -0.833788619718795
                ],
                [
                    -0.5185901675576663,
                    -0.855022945956722
                ],
                [
                    -0.4541936132472958,
                    -0.8909030035224743
                ],
                [
                    -0.20051729694241474,
                    -0.979690162054773
                ],
                [
                    0.08185891017713273,
                    -0.996643927802007
                ],
                [
                    0.09432751265169202,
                    -0.9955412198181173
                ],
                [
                    0.9567403067145162,
                    -0.2909432685384103
                ],
                [
                    0.999343955332131,
                    -0.036216832290134705
                ],
                [
                    0.9578172729340888,
                    0.2873779248117457
                ],
                [
                    0.9474106217854019,
                    0.32002048954433865
                ],
                [
                    0.9460283907864088,
                    0.32408376050965265
                ],
                [
                    0.7299979107884812,
                    0.6834493765045458
                ],
                [
                    0.40125265981417046,
                    0.9159674137173514
                ],
                [
                    0.26800853262757374,
                    0.9634165383876357
                ],
                [
                    -0.659546588396608,
                    0.7516636865875559
                ],
                [
                    -0.6892026181644062,
                    0.724568665562711
                ],
                [
                    -0.7078637069953461,
                    0.7063490442541893
                ],
                [
                    -0.8942766201557601,
                    0.44751461053555586
                ],
                [
                    -0.9089522984508989,
                    0.41690013089567163
                ]
            ]
        },
        {
            "Type": "F",
            "Centroid": {
                "x": 86781.8949375,
                "y": 441940.746967742
            },
            "Distances": [
                2.6477873235366265,
                5.053578575676906,
                4.80446751785377,
                7.67389235476193,
                5.7743176696208804,
                5.543100649274887,
                5.978009044025154,
                8.519547398337727,
                3.5488331886898874,
                3.911185960050488,
                6.604229837279809,
                5.541687081651079,
                5.513533777114746,
                7.584629780317542,
                7.319672546965229,
                11.28568448628059,
                6.781132039910539,
                6.747774734824821,
                10.177607892820893,
                6.189315153175517,
                6.5520834190315504,
                7.061471072686867,
                9.009550674424615,
                9.12619147505676,
                7.31131249859894,
                6.462620578585966,
                6.527229118730743,
                6.181594775480958,
                7.872428538742045,
                7.569332573858207,
                3.2129977110648253
            ],