{
    "Pand ID": "0599100100020218",
    "Archetype ID": "D.2015-2018",
    "Construction Year": 2021,
    "Number of Floors": 2,
    "Wall Area": 264.56,
    "Roof Area (Flat)": 0.0,
    "Roof Area (Sloped)": 67.89,
    "Floor Area": 67.25,
    "Shared Wall Area": 0.0,
    "Absolute Height (70%)": 2.8582303524017334,
    "Surfaces": [
        {
            "Type": "G",
            "Centroid": {
                "x": 100498.94254166666,
                "y": 444741.4000833333
            },
            "Distances": [
                3.2046687512788874,
                5.88634098050425,
                5.885858799321356,
                3.2369679957463506,
                6.5647296825960995,
                6.573495326366202
            ],
            "UnitPairs": [
                [
                    -0.7971702740396369,
                    -0.603754547964295
                ],
                [
                    -0.13822961825752422,
                    -0.9904002083180209
                ],
                [
                    0.830351780422548,
                    -0.5572395541857242
                ],
                [
                    0.9883734833112979,
                    0.15204557700601315
                ],
                [
                    0.07514907043923866,
                    0.9971723106926497
                ],
                [
                    -0.7928303600925745,
                    0.6094423845741931
                ]
            ]
        },
        {
            "Type": "F",
            "Centroid": {
                "x": 100498.94254166666,
                "y": 444741.4000833333
            },
            "Distances": [
                3.2046687512788874,
                5.88634098050425,
                5.885858799321356,
                3.2369679957463506,
                6.5647296825960995,
                6.573495326366202
            ],
            "UnitPairs": [
                [
                    -0.7971702740396369,
                    -0.603754547964295
                ],
                [
                    -0.13822961825752422,
                    -0.9904002083180209
                ],
                [
                    0.830351780422548,
                    -0.5572395541857242
                ],
                [
                    0.9883734833112979,
                    0.15204557700601315
                ],
                [
                    0.07514907043923866,
                    0.9971723106926497
                ],
                [
                    -0.7928303600925745,
                    0.6094423845741931
                ]
            ]
        },
        {
            "Type": "R",
            "Centroid": {
                "x": 100503.829875,
                "y": 444738.12025
            },
            "Distances": [
                0.0
            ],
            "UnitPairs": [
                [
                    0.0,
                    0.0
                ]
            ]
        }
    ],
    "Annual Heating [kWh/m2]": 148.80792520140105,
    "Annual Cooling [kWh/m2]": 0.23531766921204986
}