{
    "Pand ID": "0599100000218485",
    "Archetype ID": "D.1965",
    "Construction Year": 1900,
    "Number of Floors": 3,
    "Wall Area": 247.59,
    "Roof Area (Flat)": 20.76,
    "Roof Area (Sloped)": 104.34,
    "Floor Area": 96.63,
    "Shared Wall Area": 0.0,
    "Absolute Height (70%)": 5.0150861740112305,
    "Surfaces": [
        {
            "Type": "G",
            "Centroid": {
                "x": 88403.7609375,
                "y": 440019.584375
            },
            "Distances": [
                6.202072991710567,
                6.254223044834618,
                8.452659900548177,
                6.427306737243749,
                6.646627849453681,
                5.964789174351848,
                3.9277591441522732,
                6.3899520259851625,
                6.36335608345624,
                3.882661911563038,
                3.8740452720158634,
                4.012820472538114,
                3.3699286001078774,
                3.2271671431264353,
                3.693805476033979,
                6.566233406189424
            ],
            "UnitPairs": [
                [
                    -0.9945162703252268,
                    -0.10458196813217954
                ],
                [
                    -0.9935786516496439,
                    -0.1131435503512043
                ],
                [
                    -0.23661930369167405,
                    -0.9716024419074231
                ],
                [
                    0.24114883003970844,
                    -0.9704881461256906
                ],
                [
                    0.7671465313664042,
                    -0.6414719007193491
                ],
                [
                    0.7943176802224782,
                    -0.6075026114231782
                ],
                [
                    0.9139912525811533,
                    -0.4057338908756999
                ],
                [
                    0.9999977267441242,
                    -0.0021322538741771137
                ],
                [
                    0.5248704388371642,
                    0.8511821323517562
                ],
                [
                    0.1418968513214475,
                    0.9898814492579701
                ],
                [
                    0.13911492049075258,
                    0.9902762437304308
                ],
                [
                    0.11461701392916969,
                    0.9934097543903827
                ],
                [
                    -0.24364388609902168,
                    0.9698647621016896
                ],
                [
                    -0.42423042850994613,
                    0.9055542742024176
                ],
                [
                    -0.8441328381375147,
                    0.5361340798512108
                ],
                [
                    -0.9999739719597235,
                    0.007214943041636684
                ]
            ]
        },
        {
            "Type": "F",
            "Centroid": {
                "x": 88404.41450462963,
                "y": 440019.4261944444
            },
            "Distances": [
                6.839237278886151,
                6.889573711581185,
                8.48031989488696,
                6.145170835215708,
                5.106776859260085,
                4.209242779742124,
                1.8548753779963842,
                6.051114923364241,
                5.322744443293816,
                5.356434123537445,
                3.268450964142491,
                2.728461186414342,
                5.738191468972854,
                1.8239561402007678,
                6.188073642837691,
                0.2739699927899253,
                2.775272219169457,
                3.588554625147709,
                3.5018004524950856,
                4.002871432496692,
                3.996199949773032,
                4.149076184756447,
                2.8487577867239158,
                3.7303907999360475,
                3.685220909214316,
                7.2225553009641565,
                7.275723856159436
            ],
            "UnitPairs": [
                [
                    -0.9974254951922739,
                    -0.07171040050402273
                ],
                [
                    -0.9968148853808295,
                    -0.07975013657169375
                ],
                [
                    -0.3129162180827473,
                    -0.949780732833
                ],
                [
                    0.14586581795679845,
                    -0.9893043834694123
                ],
                [
                    0.42715208251385206,
                    -0.9041797931850055
                ],
                [
                    0.4348455211898041,
                    -0.9005050653389838
                ],
                [
                    0.7296287321576154,
                    -0.6838434859016138
                ],
                [
                    0.7346365796487924,
                    -0.6784608285243324
                ],
                [
                    0.7498707504909309,
                    -0.6615843540760076
                ],
                [
                    0.7625166810901215,
                    -0.6469685549231169
                ],
                [
                    0.8983981716677018,
                    -0.4391818816209641
                ],
                [
                    0.9424251234246532,
                    -0.3344172345110628
                ],
                [
                    0.9996826354395472,
                    0.025191832022332352
                ],
                [
                    0.8900270870456705,
                    0.45590764889942165
                ],
                [
                    0.43412062063619056,
                    0.9008547534083664
                ],
                [
                    0.42840593297385243,
                    0.9035863857942985
                ],
                [
                    0.21632846184025015,
                    0.9763206423085766
                ],
                [
                    0.12243658415818012,
                    0.9924763386900852
                ],
                [
                    0.04922335601339196,
                    0.9987877958919896
                ],
                [
                    -0.02563900224223387,
                    0.9996712667492362
                ],
                [
                    -0.02868465819437083,
                    0.9995885105303443
                ],
                [
                    -0.04666813069012663,
                    0.9989104492285028
                ],
                [
                    -0.3235198281620769,
                    0.9462213910000028
                ],
                [
                    -0.39530164766154363,
                    0.9185513634827771
                ],
                [
                    -0.5488489508387795,
                    0.8359215448612215
                ],
                [
                    -0.9995949257277076,
                    0.028460225920023903
                ],
                [
                    -0.999712162450694,
                    0.023991503666030773
                ]
            ]
        },
        {
            "Type": "R",
            "Centroid": {
                "x": 88400.64287499999,
                "y": 440021.56475
            },
            "Distances": [
                0.0
            ],
            "UnitPairs": [
                [
                    0.0,
                    0.0
                ]
            ]
        }
    ],
    "Annual Heating [kWh/m2]": 262.77858841075874,
    "Annual Cooling [kWh/m2]": 1.2038855962969743
}