{
    "Pand ID": "0599100000207905",
    "Archetype ID": "D.1965",
    "Construction Year": 1951,
    "Number of Floors": 3,
    "Wall Area": 240.49,
    "Roof Area (Flat)": 21.42,
    "Roof Area (Sloped)": 99.17,
    "Floor Area": 109.66,
    "Shared Wall Area": 34.38,
    "Absolute Height (70%)": 5.841878890991211,
    "Surfaces": [
        {
            "Type": "G",
            "Centroid": {
                "x": 88595.34970394736,
                "y": 439190.95644736843
            },
            "Distances": [
                3.6347003671514684,
                3.9152239461354017,
                3.373380550401672,
                3.6114416673792022,
                3.341271294606119,
                4.528312096498205,
                4.237979747219193,
                4.3319503351681385,
                6.424493387448203,
                3.2418994466556605,
                9.303118196603446,
                7.55015311250601,
                6.764474540690027,
                7.540947045182412,
                9.071254724978923,
                6.179845865117682,
                3.528119138247646,
                3.511515368062251,
                4.668343278886277
            ],
            "UnitPairs": [
                [
                    -0.9820834145307892,
                    -0.18844672165773035
                ],
                [
                    -0.9750601753263589,
                    -0.22194065533950785
                ],
                [
                    -0.8948231313547622,
                    -0.4464208368708366
                ],
                [
                    -0.8903865114053786,
                    -0.4552052946829151
                ],
                [
                    -0.8232132936363469,
                    -0.5677322196074462
                ],
                [
                    -0.22714400541249094,
                    -0.9738611814859295
                ],
                [
                    -0.15917465103673195,
                    -0.9872504395883217
                ],
                [
                    -0.12686640077627334,
                    -0.991919813469856
                ],
                [
                    0.5683593759735998,
                    -0.8227804201261114
                ],
                [
                    0.573867599304583,
                    -0.8189480926581333
                ],
                [
                    0.9868111807913319,
                    -0.16187554931248072
                ],
                [
                    0.9910290481723275,
                    0.1336466448462162
                ],
                [
                    0.8243686954686436,
                    0.5660532253519336
                ],
                [
                    0.4957495431590957,
                    0.8684655378640812
                ],
                [
                    0.24488575395491666,
                    0.9695519416255799
                ],
                [
                    -0.7327980416013498,
                    0.6804461993612915
                ],
                [
                    -0.8416889654235269,
                    0.5399626704544241
                ],
                [
                    -0.8513643353400476,
                    0.5245748454806034
                ],
                [
                    -0.9850558694262306,
                    0.17223511288042556
                ]
            ]
        },
        {
            "Type": "F",
            "Centroid": {
                "x": 88594.70045833333,
                "y": 439190.4342142857
            },
            "Distances": [
                2.9248628543214528,
                3.1872475440428545,
                3.2100054817344255,
                2.5654306149766883,
                2.800769486500986,
                2.889457619610328,
                2.511063747697118,
                3.906176665867662,
                4.043443794151622,
                3.6618019181354002,
                3.7760298440264433,
                6.417842906566777,
                3.2934627676892085,
                9.878767158578022,
                8.274589942505838,
                8.321940905313198,
                9.749489227309883,
                6.115264289928791,
                3.357925359009094,
                3.3267111461906413,
                4.166085401654448
            ],
            "UnitPairs": [
                [
                    -0.9984513732080834,
                    -0.055631424023589754
                ],
                [
                    -0.9940656599631489,
                    -0.10878172494509071
                ],
                [
                    -0.9935600893801421,
                    -0.11330643755287717
                ],
                [
                    -0.9235616506265739,
                    -0.38344996739068593
                ],
                [
                    -0.9162958057437512,
                    -0.40050218023927114
                ],
                [
                    -0.9137816438019978,
                    -0.40620574522096425
                ],
                [
                    -0.8368299431930178,
                    -0.5474629176259984
                ],
                [
                    -0.0971111564526021,
                    -0.9952735419433384
                ],
                [
                    -0.06933034008006271,
                    -0.9975937569694304
                ],
                [
                    -0.006918269722081039,
                    -0.9999760684856676
                ],
                [
                    0.02639456539761597,
                    -0.99965160276842
                ],
                [
                    0.6701109281222773,
                    -0.7422609675923286
                ],
                [
                    0.7620145857685997,
                    -0.6475598590678004
                ],
                [
                    0.9950296943806439,
                    -0.09957864881972552
                ],
                [
                    0.9827274491145925,
                    0.18505880351046813
                ],
                [
                    0.527240786324334,
                    0.8497159250220615
                ],
                [
                    0.294442775384399,
                    0.9556691122056484
                ],
                [
                    -0.6343688758831634,
                    0.773030484075972
                ],
                [
                    -0.6910020578960893,
                    0.7228527899810373
                ],
                [
                    -0.7034976078463252,
                    0.7106976261072624
                ],
                [
                    -0.9479722455447486,
                    0.31835298283013946
                ]
            ]
        },
        {
            "Type": "R",
            "Centroid": {
                "x": 88600.926125,
                "y": 439194.7855
            },
            "Distances": [
                0.0
            ],
            "UnitPairs": [
                [
                    0.0,
                    0.0
                ]
            ]
        }
    ],
    "Annual Heating [kWh/m2]": 258.6609638956988,
    "Annual Cooling [kWh/m2]": 1.1333008337790005
}