{
    "Pand ID": "0599100000164452",
    "Archetype ID": "D.1965",
    "Construction Year": 1921,
    "Number of Floors": 2,
    "Wall Area": 283.52,
    "Roof Area (Flat)": 7.12,
    "Roof Area (Sloped)": 113.93,
    "Floor Area": 91.35,
    "Shared Wall Area": 0.0,
    "Absolute Height (70%)": 6.550480842590332,
    "Surfaces": [
        {
            "Type": "G",
            "Centroid": {
                "x": 96889.48741666666,
                "y": 432012.49954166665
            },
            "Distances": [
                4.251147463743016,
                8.689580566687338,
                9.315797345092387,
                4.503122695257259,
                9.920627878732054,
                6.155426854258058,
                1.8772362243009162,
                1.652033194378039,
                4.604907111830428,
                4.515099289252893,
                4.449796794056137,
                3.344127540721539,
                1.5672079234400103,
                4.54984059338389,
                7.151472395629926,
                6.55796952256178,
                7.032300536983565,
                8.740048241250397,
                7.602187514700261,
                6.592645037616206,
                6.749084691713545,
                6.327567193803515,
                4.687670086771521,
                6.039499973143805
            ],
            "UnitPairs": [
                [
                    -0.9027954686091283,
                    -0.43007015922849645
                ],
                [
                    -0.901299735534662,
                    -0.433196014207366
                ],
                [
                    -0.7120074021536595,
                    -0.702171958481964
                ],
                [
                    -0.7019388279136732,
                    -0.712237237068646
                ],
                [
                    -0.6115456340892836,
                    -0.7912091616167851
                ],
                [
                    -0.30492063525412877,
                    -0.9523777644381554
                ],
                [
                    -0.1453821650869971,
                    -0.9893755738214973
                ],
                [
                    0.11384960906457309,
                    -0.993497995224874
                ],
                [
                    0.23737359012785345,
                    -0.9714184364679384
                ],
                [
                    0.4392114561157368,
                    -0.8983837135749368
                ],
                [
                    0.43936463254809976,
                    -0.8983088108584226
                ],
                [
                    0.44468499338988987,
                    -0.8956870305267536
                ],
                [
                    0.4652116177021003,
                    -0.8851994977150602
                ],
                [
                    0.9257650343743775,
                    -0.3780993270687052
                ],
                [
                    0.9988269461416549,
                    -0.04842242932088035
                ],
                [
                    0.9856836496572424,
                    0.1686052869822845
                ],
                [
                    0.6293933699309325,
                    0.7770868586502955
                ],
                [
                    0.36305100907409427,
                    0.9317692658648287
                ],
                [
                    0.21481755483881404,
                    0.976654195779178
                ],
                [
                    0.03869210792961658,
                    0.9992511800263049
                ],
                [
                    0.02653446230361322,
                    0.999647899167631
                ],
                [
                    -0.13258123398227406,
                    0.9911721426653078
                ],
                [
                    -0.40850073303259965,
                    0.9127579915354501
                ],
                [
                    -0.41177525916383634,
                    0.9112854305543107
                ]
            ]
        },
        {
            "Type": "F",
            "Centroid": {
                "x": 96889.78101351351,
                "y": 432011.99300675676
            },
            "Distances": [
                4.337792622557064,
                8.754253191698101,
                4.384945914631314,
                9.186668523788777,
                9.714535961356633,
                2.241705455659299,
                1.4647461817151297,
                5.778863153738256,
                1.6437013928194057,
                2.898858614861622,
                2.7631347354407274,
                1.4202366280328964,
                1.139651700552663,
                2.845900142322248,
                3.296797672023405,
                4.046521692692646,
                2.506635668968177,
                2.8189192674477392,
                3.9313022804312663,
                3.865995354304848,
                2.760130465715246,
                0.9825380117253077,
                2.6414137591667064,
                2.8146843995041015,
                6.851360669651218,
                4.901797783688155,
                6.377635279268245,
                7.261762212517242,
                6.0526428534770735,
                9.11691562939239,
                8.04355912706484,
                7.094347784306856,
                7.254147151163004,
                5.03986869987839,
                6.872202581608191,
                5.27030215800116,
                6.622256355791663
            ],