{
    "Pand ID": "0599100000112094",
    "Archetype ID": "D.1965",
    "Construction Year": 1890,
    "Number of Floors": 2,
    "Wall Area": 303.09,
    "Roof Area (Flat)": 0.0,
    "Roof Area (Sloped)": 290.89,
    "Floor Area": 230.6,
    "Shared Wall Area": 0.0,
    "Absolute Height (70%)": 0.4662328362464905,
    "Surfaces": [
        {
            "Type": "G",
            "Centroid": {
                "x": 98729.38416666668,
                "y": 440081.3415833333
            },
            "Distances": [
                16.13268857183032,
                16.07585293398886,
                1.870891201721236,
                2.6952284792532497,
                6.8134088791963805,
                6.94223519877076,
                7.635222386321577,
                3.998670056664532,
                3.928218496386063,
                7.726971844697958,
                7.8568715925767565,
                10.088136938447546,
                9.947254791614045,
                10.254857331481787,
                17.519071595152152
            ],
            "UnitPairs": [
                [
                    -0.9962794852892076,
                    -0.08618113013804904
                ],
                [
                    -0.9425731081825809,
                    -0.3339999037889513
                ],
                [
                    0.040800519691318954,
                    -0.9991673121118996
                ],
                [
                    0.09770352879116873,
                    -0.995215564820885
                ],
                [
                    0.17411744316989367,
                    -0.9847248935535137
                ],
                [
                    0.41432380940195696,
                    -0.9101295407592541
                ],
                [
                    0.6427230387045658,
                    -0.7660986199689758
                ],
                [
                    0.9576517389689022,
                    -0.2879290656565215
                ],
                [
                    0.966426215041223,
                    -0.2569442952880955
                ],
                [
                    0.9999173658988388,
                    -0.012855402519080007
                ],
                [
                    0.8652722974050024,
                    0.5013021557339137
                ],
                [
                    0.5755605191279404,
                    0.8177591875492295
                ],
                [
                    0.564812448360518,
                    0.8252193030807006
                ],
                [
                    0.5387040652784836,
                    0.8424950623311898
                ],
                [
                    -0.980854868555572,
                    0.19474015207663647
                ]
            ]
        },
        {
            "Type": "F",
            "Centroid": {
                "x": 98729.80885,
                "y": 440081.07240000006
            },
            "Distances": [
                16.535402454876472,
                16.391014704553587,
                1.6376286957187747,
                2.418538142179163,
                6.485032208516562,
                6.52708230723654,
                2.2149165097665953,
                7.157668967312922,
                2.3186818982195088,
                2.3706736268661315,
                2.315114024228496,
                2.3142521567908845,
                3.51707694614596,
                3.45193362407887,
                7.303625246759762,
                10.076356585790391,
                9.942230179614844,
                10.39260342958623,
                10.265185748155131,
                17.988959015029913
            ],
            "UnitPairs": [
                [
                    -0.997698728229339,
                    -0.0678030064935143
                ],
                [
                    -0.950359101054601,
                    -0.31115523303118464
                ],
                [
                    -0.2127161064720563,
                    -0.9771140455685655
                ],
                [
                    -0.0667138537866821,
                    -0.997772149196864
                ],
                [
                    0.11744737350727799,
                    -0.9930791078540732
                ],
                [
                    0.37561193265244563,
                    -0.9267770368589711
                ],
                [
                    0.5980586600752545,
                    -0.80145233115201
                ],
                [
                    0.6262723269931022,
                    -0.7796043691787808
                ],
                [
                    0.630810979774525,
                    -0.7759365359331288
                ],
                [
                    0.6452385443007641,
                    -0.7639811653101344
                ],
                [
                    0.6551081217308282,
                    -0.755535140706444
                ],
                [
                    0.7033157537450346,
                    -0.7108775918075164
                ],
                [
                    0.9680339816682593,
                    -0.2508190788905348
                ],
                [
                    0.9767424195187593,
                    -0.21441605796357696
                ],
                [
                    0.9997295525599268,
                    0.02325557434957756
                ],
                [
                    0.5340868948206372,
                    0.8454295883045787
                ],
                [
                    0.5223827960300019,
                    0.852711096686256
                ],
                [
                    0.508308628901335,
                    0.861174975126684
                ],
                [
                    0.4967908155895048,
                    0.8678703160875562
                ],
                [
                    -0.9788420767028854,
                    0.20461717639529325
                ]
            ]
        },
        {
            "Type": "R",
            "Centroid": {
                "x": 98736.18250000001,
                "y": 440085.28025
            },
            "Distances": [
                0.0
            ],
            "UnitPairs": [
                [
                    0.0,
                    0.0
                ]
            ]
        }
    ],
    "Annual Heating [kWh/m2]": 346.412552348606,
    "Annual Cooling [kWh/m2]": 1.2558710199539749
}