{
    "Pand ID": "0599100000165245",
    "Archetype ID": "D.1965",
    "Construction Year": 1926,
    "Number of Floors": 4,
    "Wall Area": 404.85,
    "Roof Area (Flat)": 17.14,
    "Roof Area (Sloped)": 160.09,
    "Floor Area": 104.65,
    "Shared Wall Area": 0.0,
    "Absolute Height (70%)": 8.545917510986328,
    "Surfaces": [
        {
            "Type": "G",
            "Centroid": {
                "x": 92644.2456107143,
                "y": 441431.09249285713
            },
            "Distances": [
                3.0596184989592734,
                4.779603625425868,
                4.874017760544455,
                5.169661109553311,
                4.9532284033727825,
                5.792862217698723,
                5.558770358802901,
                6.014742876747974,
                6.077085308314265,
                4.725660802049022,
                4.2027238873619,
                4.22937823044464,
                5.310823838613943,
                6.387283937790761,
                7.387647614315018,
                7.508945650865325,
                7.03051336994115,
                6.896530317216937,
                6.370324545602916,
                6.5509006481605745,
                6.511604802355279,
                5.157865282615939,
                6.266597519710631,
                8.500357297663127,
                8.770535242798138,
                7.278907646825244,
                7.163485844540223,
                7.120411536214488,
                7.330139543753606,
                7.311386789647765,
                7.503202094691608,
                6.089265896594127,
                6.268840365702915,
                6.126662040568292,
                5.06054321075611
            ],
            "UnitPairs": [
                [
                    -0.9888441043598898,
                    -0.1489541448657526
                ],
                [
                    -0.9152402703474266,
                    -0.40290848530946755
                ],
                [
                    -0.2998523571495132,
                    -0.9539856203905176
                ],
                [
                    -0.19565803112733535,
                    -0.9806721852155157
                ],
                [
                    -0.16928064809702353,
                    -0.985567888163901
                ],
                [
                    -0.04203202236546426,
                    -0.9991162640533228
                ],
                [
                    -0.003145608319115514,
                    -0.9999950525619128
                ],
                [
                    -8.075395775127964e-05,
                    -0.9999999967393991
                ],
                [
                    0.010615991455955114,
                    -0.9999436487749732
                ],
                [
                    0.33551165691284235,
                    -0.9420360545518409
                ],
                [
                    0.7574883268656886,
                    -0.6528487073298221
                ],
                [
                    0.8073324492799082,
                    -0.5900968703015669
                ],
                [
                    0.8124001881478727,
                    -0.5831002780802811
                ],
                [
                    0.8815193344393316,
                    -0.4721479249235749
                ],
                [
                    0.9170056071149937,
                    -0.39887431168184034
                ],
                [
                    0.9328226107090425,
                    -0.3603359223696217
                ],
                [
                    0.9867720777515732,
                    -0.16211374577697993
                ],
                [
                    0.9997076745243932,
                    -0.024177789332977068
                ],
                [
                    0.9929657806955741,
                    0.11840168228377954
                ],
                [
                    0.9900187217055926,
                    0.14093590980450785
                ],
                [
                    0.9889289170898349,
                    0.14839001632025842
                ],
                [
                    0.7874409398403877,
                    0.6163901088298605
                ],
                [
                    0.12774305086559368,
                    0.9918072962806588
                ],
                [
                    -0.17757909008107847,
                    0.9841065322240149
                ],
                [
                    -0.20004317475762406,
                    0.9797870831118823
                ],
                [
                    -0.5759773193600279,
                    0.8174656736419189
                ],
                [
                    -0.5782779228135101,
                    0.8158398396661516
                ],
                [
                    -0.7595748766458719,
                    0.6504198695984068
                ],
                [
                    -0.8763115184841423,
                    0.4817448729068289
                ],
                [
                    -0.8795165540127259,
                    0.4758682918808312
                ],
                [
                    -0.9122086314497428,
                    0.40972602151753446
                ],
                [
                    -0.9358247465402048,
                    0.35246566323964296
                ],
                [
                    -0.9375714440650383,
                    0.34779273608544314
                ],
                [
                    -0.9408852122277389,
                    0.33872557832434613
                ],
                [
                    -0.9677786574136598,
                    0.25180244290835224
                ]
            ]
        },
        {
            "Type": "F",
            "Centroid": {
                "x": 92644.43552884615,
                "y": 441431.5245961538
            },
            "Distances": [
                3.3357297082709563,
                5.137433304251519,
                5.343434756190507,
                5.63149023809584,
                5.4124463430989165,
                6.234927832050729,
                5.9944352523041875,
                6.449657274278367,
                6.510054099499957,
                5.079334787014599,
                3.076348890215241,
                4.073260146984156,
                4.364357538638867,
                4.355491184210853,
                5.428171755725954,
                6.441096925967579,
                7.400912635641188,
                5.310248273380686,
                7.502319589640972,
                4.485494805268902,
                5.772847717006667,
                6.928257658808894,
                3.5250132779702676,
                6.731287120767634,
                6.144047791461985,
                6.314725887404633,
                6.272381718108082,
                3.837554173300884,
                4.747221401327421,
                5.815298450823386,
                4.646625656838674,
                8.113131539640936,
                8.389585115967906,
                7.976877687955272,
                0.8413110843570433,
                7.046664838142327,
                6.932613673122388,
                5.517849566722203,
                5.4968154657045565,
                2.194498022666842,
                1.3016668730308563,
                6.99821539026227,
                0.5216395327942323,
                1.900851224877239,
                7.3035515329669725,
                7.287996545578336,
                7.5142407745412685,
                4.26218798478181,
                6.132831586131994,
                6.314224521042936,
                6.176963633153625,
                5.1566365970967425
            ],