{
    "Pand ID": "0599100000287086",
    "Archetype ID": "D.1965",
    "Construction Year": 1929,
    "Number of Floors": 3,
    "Wall Area": 432.43,
    "Roof Area (Flat)": 40.91,
    "Roof Area (Sloped)": 145.86,
    "Floor Area": 138.62,
    "Shared Wall Area": 0.0,
    "Absolute Height (70%)": 6.844897270202637,
    "Surfaces": [
        {
            "Type": "G",
            "Centroid": {
                "x": 96818.1925,
                "y": 437528.0118
            },
            "Distances": [
                9.304651517816792,
                9.416317338450531,
                9.037099339291716,
                10.255964979875898,
                10.768447147484723,
                10.60658005287548,
                6.240663752190961,
                8.428453984468474,
                8.675970733477845,
                8.527178971866165,
                6.020680897374886,
                3.2552068011223754,
                3.3450117366193792,
                3.8340007848267366,
                3.730286713933939,
                5.63403213676776,
                5.675030058788899,
                5.939865164136651,
                7.718165152287026,
                5.937260093513396,
                6.045420921491098,
                6.1293789708339075,
                6.067673216979577,
                8.266885460555216,
                8.078361125126904,
                6.3235176300941065,
                6.299442730762322,
                9.925916195403131,
                6.94903896004442,
                7.215711785290199,
                7.357282230409299,
                5.387073659988458,
                5.43313817405016,
                4.861809423285213,
                4.147513986516926,
                4.5796051105029685,
                3.6414468028543188,
                4.379281963767256,
                7.846002951702637,
                7.995652169663401
            ],
            "UnitPairs": [
                [
                    -0.9699584108785342,
                    -0.2432707980132192
                ],
                [
                    -0.9655712178351724,
                    -0.2601388538613598
                ],
                [
                    -0.9583965689457096,
                    -0.2854400403466408
                ],
                [
                    -0.8846680948904414,
                    -0.4662213657512029
                ],
                [
                    -0.8832401617187798,
                    -0.46892090668574754
                ],
                [
                    -0.8756946116187905,
                    -0.4828653509849467
                ],
                [
                    -0.7869555539303861,
                    -0.617009688852711
                ],
                [
                    -0.7226859173972714,
                    -0.6911765800399087
                ],
                [
                    -0.7069093693852337,
                    -0.707304137889332
                ],
                [
                    -0.6815999780451792,
                    -0.7317249961076983
                ],
                [
                    0.18251673169975993,
                    -0.9832027474786865
                ],
                [
                    0.73969954816992,
                    -0.6729372767481501
                ],
                [
                    0.7473441640358937,
                    -0.6644371305710507
                ],
                [
                    0.7803532570553816,
                    -0.6253389434563129
                ],
                [
                    0.8328783383841236,
                    -0.5534561170052249
                ],
                [
                    0.8792770221637397,
                    -0.4763107371190223
                ],
                [
                    0.9922194141125377,
                    -0.12450154319594771
                ],
                [
                    0.9994965939369655,
                    0.031726309404097326
                ],
                [
                    0.9981485039496953,
                    0.06082404181723611
                ],
                [
                    0.9977455773691154,
                    0.0671100800205944
                ],
                [
                    0.9954435064392755,
                    0.0953531619186279
                ],
                [
                    0.9943707232000396,
                    0.10595690087309205
                ],
                [
                    0.9932761347678575,
                    0.11576925369296062
                ],
                [
                    0.9918941104381089,
                    0.12706720142582922
                ],
                [
                    0.9901606125418868,
                    0.13993556149412276
                ],
                [
                    0.9874053280542835,
                    0.1582109924436759
                ],
                [
                    0.9870515957924495,
                    0.16040307741305626
                ],
                [
                    0.919600248510895,
                    0.3928554224376958
                ],
                [
                    0.5840915590400575,
                    0.8116877790494047
                ],
                [
                    0.5758094452252016,
                    0.8175839301193765
                ],
                [
                    -0.02774462003919698,
                    0.9996150439338538
                ],
                [
                    -0.20607199197066442,
                    0.9785368333002302
                ],
                [
                    -0.2087421603647473,
                    0.9779707104439571
                ],
                [
                    -0.277083053389196,
                    0.9608459718001215
                ],
                [
                    -0.3937599741234537,
                    0.9192132955839449
                ],
                [
                    -0.48282001322135537,
                    0.8757196097113107
                ],
                [
                    -0.7640163788242514,
                    0.6451968481698263
                ],
                [
                    -0.804269976024392,
                    0.5942640874777173
                ],
                [
                    -0.8784249817931623,
                    0.47788026885579027
                ],
                [
                    -0.9958068248910156,
                    0.09148096796861205
                ]
            ]
        },
        {
            "Type": "F",
            "Centroid": {
                "x": 96819.16453938356,
                "y": 437528.5072363013
            },