{
    "Pand ID": "0599100110005130",
    "Archetype ID": "D.2015-2018",
    "Construction Year": 2022,
    "Number of Floors": 3,
    "Wall Area": 299.04,
    "Roof Area (Flat)": 123.15,
    "Roof Area (Sloped)": 0.0,
    "Floor Area": 121.2,
    "Shared Wall Area": 0.0,
    "Absolute Height (70%)": 13.233823776245117,
    "Surfaces": [
        {
            "Type": "G",
            "Centroid": {
                "x": 68119.8315625,
                "y": 444154.1386666667
            },
            "Distances": [
                4.202236282956952,
                4.598633432283759,
                2.891214469953524,
                3.4646498299932014,
                2.63730401064718,
                3.297079937045759,
                4.171069100922726,
                3.671742199281285,
                10.175251239074509,
                12.454231989343471,
                7.429948840851657,
                9.497260452931217,
                6.411590217007347,
                4.975564870209206,
                5.554343925611115,
                4.987851418966444,
                4.334235201003477,
                5.056123460162993
            ],
            "UnitPairs": [
                [
                    -0.9913769049335762,
                    -0.13104133837962337
                ],
                [
                    -0.9735500917661963,
                    -0.22847367205442026
                ],
                [
                    -0.8297551167239771,
                    -0.5581276254320148
                ],
                [
                    -0.7865152710098313,
                    -0.6175708287057701
                ],
                [
                    -0.5429787367021421,
                    -0.8397464447613611
                ],
                [
                    -0.5401749529914294,
                    -0.8415527435405978
                ],
                [
                    0.10117310209811248,
                    -0.994868837290547
                ],
                [
                    0.21025441278211718,
                    -0.9776467060782474
                ],
                [
                    0.6842091498698722,
                    -0.7292858419264332
                ],
                [
                    0.9946016752057811,
                    0.10376660193845592
                ],
                [
                    0.9904509650907927,
                    0.13786546250137233
                ],
                [
                    0.9314264933394338,
                    0.363929508978601
                ],
                [
                    -0.18045445214557163,
                    0.9835833420208181
                ],
                [
                    -0.4739160399879888,
                    0.8805700352851572
                ],
                [
                    -0.5249944978293015,
                    0.8511056205013333
                ],
                [
                    -0.8861531005496838,
                    0.4633925791229096
                ],
                [
                    -0.8908146007157065,
                    0.45436697409881843
                ],
                [
                    -0.9999755820507332,
                    0.006988225976391181
                ]
            ]
        },
        {
            "Type": "F",
            "Centroid": {
                "x": 68122.4171487069,
                "y": 444153.64851724135
            },
            "Distances": [
                6.751857421900475,
                7.084793822529181,
                5.109637036582687,
                5.5608662086323175,
                4.3720657183538085,
                4.685240220256681,
                4.8692813663827845,
                4.251255310423867,
                3.5911143200007305,
                5.753122455708971,
                5.371893420530189,
                8.196649737618486,
                5.5334312224420605,
                5.063568135851533,
                5.842721660687088,
                9.881358696056685,
                9.660305065383053,
                9.732635883044999,
                4.447241456987565,
                4.322739982473999,
                5.00790747382249,
                4.842712736239371,
                7.400507214034763,
                7.758809793048845,
                6.9404890932100365,
                7.582188149109988,
                7.5449681079081845,
                6.8998209515166,
                7.659632620894703
            ],