{
    "Pand ID": "0599100000235047",
    "Archetype ID": "D.1965",
    "Construction Year": 1935,
    "Number of Floors": 4,
    "Wall Area": 784.62,
    "Roof Area (Flat)": 331.65,
    "Roof Area (Sloped)": 49.66,
    "Floor Area": 345.25,
    "Shared Wall Area": 0.0,
    "Absolute Height (70%)": 6.151505947113037,
    "Surfaces": [
        {
            "Type": "G",
            "Centroid": {
                "x": 95383.72462499999,
                "y": 438153.6297105263
            },
            "Distances": [
                13.64431863323209,
                13.77992203083203,
                13.770731384351585,
                14.232310154497618,
                13.601070848582774,
                13.708373880185183,
                10.72867596270681,
                9.535199079808505,
                9.753770273314034,
                8.476754637025714,
                6.433824050499315,
                8.972294679045277,
                9.261420933246937,
                9.09795189892567,
                20.65771462414219,
                20.531078504183228,
                20.45858586247621,
                20.53886917959644,
                11.926141645334864,
                8.060528937666339,
                12.266295619656589,
                5.38938403053702,
                2.9447803272875275,
                2.997518678586471,
                8.819465631060584,
                9.684588392598142,
                8.749294895925226,
                11.189164002295382,
                10.365908451156189,
                10.412713697410068,
                13.665873658821766,
                13.062698569296016,
                7.153355599547466,
                10.695591950675599,
                10.1710926917291,
                9.93953476709579,
                11.902282988301112,
                10.242869345974857
            ],
            "UnitPairs": [
                [
                    -0.9885066717174295,
                    -0.15117724686648484
                ],
                [
                    -0.9859634887331787,
                    -0.16696106996871718
                ],
                [
                    -0.9858953472451925,
                    -0.1673629716522783
                ],
                [
                    -0.9751403566486927,
                    -0.22158809723236597
                ],
                [
                    -0.9676076351999081,
                    -0.2524588368483891
                ],
                [
                    -0.9634621958393147,
                    -0.2678443525417069
                ],
                [
                    -0.8684669042459672,
                    -0.4957471494919826
                ],
                [
                    0.06224306331049323,
                    -0.9980610207145283
                ],
                [
                    0.10513883055141326,
                    -0.9944575538002017
                ],
                [
                    0.18916437583412463,
                    -0.9819454358136638
                ],
                [
                    0.4094765382665711,
                    -0.9123206479134545
                ],
                [
                    0.614168414783978,
                    -0.7891749858439101
                ],
                [
                    0.6278194287805893,
                    -0.7783590205333363
                ],
                [
                    0.6544879623632917,
                    -0.7560724218760704
                ],
                [
                    0.8284798348414241,
                    -0.560018895450079
                ],
                [
                    0.9705043013669382,
                    -0.24108380498961568
                ],
                [
                    0.9706682628753828,
                    -0.24042280142799827
                ],
                [
                    0.975443186517365,
                    -0.22025119722001346
                ],
                [
                    0.9781453505179502,
                    -0.20792227696934362
                ],
                [
                    0.9932970977362637,
                    -0.11558925394999034
                ],
                [
                    0.994962161228981,
                    -0.1002511731729621
                ],
                [
                    0.9994648682460039,
                    0.0327105050709708
                ],
                [
                    0.8892004526610446,
                    0.4575178193113284
                ],
                [
                    0.8822296984839764,
                    0.4708192425048831
                ],
                [
                    0.6044016976763165,
                    0.7966797272718734
                ],
                [
                    0.5860341988669182,
                    0.8102863183828353
                ],
                [
                    0.5775894012170771,
                    0.8163274365116601
                ],
                [
                    -0.1715499030665101,
                    0.9851754314627781
                ],
                [
                    -0.20659067269154732,
                    0.9784274597316113
                ],
                [
                    -0.2127687425557671,
                    0.9771025852955451
                ],
                [
                    -0.4016208650113778,
                    0.9158060279270457
                ],
                [
                    -0.44680660500802494,
                    0.8946305705268531
                ],
                [
                    -0.5476450800577778,
                    0.8367107423049557
                ],
                [
                    -0.7091239115118002,
                    0.7050838802030609
                ],
                [
                    -0.8146125741948221,
                    0.5800054775290362
                ],
                [
                    -0.9306773623467618,
                    0.36584101357731097
                ],
                [
                    -0.9817864363902393,
                    0.1899878767715313
                ],
                [
                    -0.9875650716915981,
                    0.15721077944838455
                ]
            ]
        },
        {
            "Type": "F",
            "Centroid": {
                "x": 95383.26523611111,
                "y": 438153.100537037
            },