{
    "Pand ID": "0599100000751747",
    "Archetype ID": "D.2006-2014",
    "Construction Year": 2008,
    "Number of Floors": 2,
    "Wall Area": 233.68,
    "Roof Area (Flat)": 33.47,
    "Roof Area (Sloped)": 145.21,
    "Floor Area": 138.16,
    "Shared Wall Area": 0.0,
    "Absolute Height (70%)": 1.8919733762741089,
    "Surfaces": [
        {
            "Type": "G",
            "Centroid": {
                "x": 100532.717,
                "y": 444943.68381250004
            },
            "Distances": [
                7.371377918285485,
                7.292497414432807,
                7.876278422522386,
                5.962038434069033,
                6.457242187200333,
                3.3572800991397305,
                3.6928119250868288,
                4.992069189138968,
                4.7357646203262815,
                7.564082977411572,
                9.563703978537717,
                7.130747412674678,
                6.509749566135516,
                8.32679158883419,
                8.128910299907233,
                8.214257044229155
            ],
            "UnitPairs": [
                [
                    -0.412634860634195,
                    -0.910896520900919
                ],
                [
                    -0.39433507296209835,
                    -0.9189667296654305
                ],
                [
                    -0.3228285445987646,
                    -0.9464574638050267
                ],
                [
                    0.18371443125051964,
                    -0.9829796578517269
                ],
                [
                    0.7612092527277959,
                    -0.6485063404174168
                ],
                [
                    0.9869038037223093,
                    -0.16130989491794215
                ],
                [
                    0.994448830456646,
                    -0.10522130774424415
                ],
                [
                    0.9956417492815259,
                    -0.0932604261604189
                ],
                [
                    0.9999045306609641,
                    0.013817726429384143
                ],
                [
                    0.9960642317788875,
                    0.08863433968126955
                ],
                [
                    0.41587574321958964,
                    0.9094214458663012
                ],
                [
                    0.05375488400106151,
                    0.9985541609978061
                ],
                [
                    -0.5846135033829069,
                    0.8113119324047712
                ],
                [
                    -0.8975470828423582,
                    0.4409186252373254
                ],
                [
                    -0.9064791255086895,
                    0.42225063057028317
                ],
                [
                    -0.9116694863176863,
                    0.4109242603172099
                ]
            ]
        },
        {
            "Type": "F",
            "Centroid": {
                "x": 100532.3359007353,
                "y": 444943.14372058824
            },
            "Distances": [
                6.723304009376394,
                6.647306994067686,
                7.349153643328304,
                7.244471493085294,
                5.5215214369897,
                6.430864582091744,
                3.6944120573964834,
                5.35193072719918,
                4.056243101303986,
                5.1521194876083865,
                8.007441842546326,
                10.214093339330875,
                7.698573648038714,
                8.24874462337629,
                8.326784146033209,
                8.03787156363437,
                8.114750833926436
            ],
            "UnitPairs": [
                [
                    -0.39572630236238854,
                    -0.9183684955499026
                ],
                [
                    -0.3752780242461451,
                    -0.9269122960226117
                ],
                [
                    -0.31399373958943133,
                    -0.9494250531235441
                ],
                [
                    -0.2983776300805072,
                    -0.9544478979323806
                ],
                [
                    0.26739220005974174,
                    -0.9635877808208295
                ],
                [
                    0.8235924885520434,
                    -0.5671819926625425
                ],
                [
                    0.9999999207751341,
                    -0.0003980574399933716
                ],
                [
                    0.9999030326601874,
                    0.013925705618033442
                ],
                [
                    0.9993019805447184,
                    0.037357083389945596
                ],
                [
                    0.9930693139044721,
                    0.11753015690154188
                ],
                [
                    0.9885069314715282,
                    0.15117554839570888
                ],
                [
                    0.4267056918237454,
                    0.9043905420586943
                ],
                [
                    0.09929264817891424,
                    0.9950582746842611
                ],
                [
                    -0.8598385038117929,
                    0.5105661047922171
                ],
                [
                    -0.8664315189111057,
                    0.49929592731905437
                ],
                [
                    -0.8693331536805543,
                    0.49422653501387587
                ],
                [
                    -0.8758849631677171,
                    0.4825199802046409
                ]
            ]
        },
        {
            "Type": "R",
            "Centroid": {
                "x": 100528.9113125,
                "y": 444948.96525
            },
            "Distances": [
                0.0
            ],
            "UnitPairs": [
                [
                    0.0,
                    0.0
                ]
            ]
        }
    ],
    "Annual Heating [kWh/m2]": 157.34753600428292,
    "Annual Cooling [kWh/m2]": 0.4945141702756047
}