{
    "Pand ID": "0599100000073094",
    "Archetype ID": "D.1965",
    "Construction Year": 1913,
    "Number of Floors": 2,
    "Wall Area": 561.3,
    "Roof Area (Flat)": 0.0,
    "Roof Area (Sloped)": 549.46,
    "Floor Area": 351.11,
    "Shared Wall Area": 0.0,
    "Absolute Height (70%)": 5.68526029586792,
    "Surfaces": [
        {
            "Type": "G",
            "Centroid": {
                "x": 100754.95877499999,
                "y": 444434.64635
            },
            "Distances": [
                23.69091653187086,
                22.75203311619182,
                22.88160654587413,
                4.733224262586309,
                2.9666152295203063,
                2.9776726012120407,
                6.708387624450158,
                8.16213798705092,
                11.950382584667695,
                11.703627767494488,
                11.818209192607835,
                13.072661325085042,
                10.371246160404468,
                7.768821089440473,
                6.844154551146347
            ],
            "UnitPairs": [
                [
                    -0.5165439666943852,
                    -0.8562606673622408
                ],
                [
                    -0.32337329865951636,
                    -0.9462714778085956
                ],
                [
                    -0.11657398245369903,
                    -0.9931820108192078
                ],
                [
                    0.9850790373174289,
                    -0.17210255732489188
                ],
                [
                    0.9861744020222557,
                    -0.16571073832448618
                ],
                [
                    0.991579799203691,
                    -0.12949711120780985
                ],
                [
                    0.8585669645881475,
                    0.5127014407214929
                ],
                [
                    0.7634764334890538,
                    0.6458356876999244
                ],
                [
                    0.611746105047427,
                    0.7910541719498749
                ],
                [
                    0.5693619219937309,
                    0.8220869794514475
                ],
                [
                    0.5657033050471673,
                    0.8246088591924728
                ],
                [
                    -0.2966037215817151,
                    0.9550006452060001
                ],
                [
                    -0.4536966847779588,
                    0.8911561693785717
                ],
                [
                    -0.7365853755824981,
                    0.6763445752558309
                ],
                [
                    -0.967891643956384,
                    0.25136778942300547
                ]
            ]
        },
        {
            "Type": "F",
            "Centroid": {
                "x": 100752.9783125,
                "y": 444432.75440624997
            },
            "Distances": [
                6.990641297252195,
                5.090215994636118,
                1.0737990952772147,
                12.648980670241558,
                15.757684010411719,
                21.06018416636283,
                9.336398917475154,
                20.291349221909524,
                19.640766550303102,
                20.360476415624948,
                20.844978193105295,
                6.729855045583483,
                5.102000771473316,
                5.157923722024602,
                4.8135516185708305,
                9.398499544322192,
                10.897314540035628,
                9.468813963335888,
                14.664264972547626,
                14.779021180701285,
                14.397114322331122,
                14.509597127779974,
                6.772070842611287,
                6.507244947734182,
                6.03143514201245,
                6.013789975718706,
                14.50095277898622,
                11.462935711345965,
                8.066741922683338,
                2.446851190228548,
                5.88346690925205,
                5.1877572042122475
            ],