{
    "Pand ID": "0599100000380259",
    "Archetype ID": "D.1992-2005",
    "Construction Year": 2002,
    "Number of Floors": 3,
    "Wall Area": 390.36,
    "Roof Area (Flat)": 132.48,
    "Roof Area (Sloped)": 38.01,
    "Floor Area": 135.61,
    "Shared Wall Area": 0.0,
    "Absolute Height (70%)": 4.64701509475708,
    "Surfaces": [
        {
            "Type": "G",
            "Centroid": {
                "x": 97997.75264802632,
                "y": 437707.5933289474
            },
            "Distances": [
                6.019114553761117,
                8.824218060529052,
                6.787595598673054,
                5.861155105347316,
                5.876755434089845,
                6.3329101118628826,
                6.290838849661059,
                6.0487454950295065,
                4.69312892042605,
                4.964788452644851,
                4.942966950543563,
                7.370951978112897,
                8.899399252950225,
                7.783971115459154,
                5.905054080609224,
                7.844917986917846,
                7.563234741036628,
                7.817144152120862,
                6.80627646177564
            ],
            "UnitPairs": [
                [
                    -0.9191070342500216,
                    -0.39400794356475816
                ],
                [
                    -0.5539539586157075,
                    -0.8325473030008487
                ],
                [
                    0.29064628925032104,
                    -0.9568305673132619
                ],
                [
                    0.31355414430171763,
                    -0.9495703231415868
                ],
                [
                    0.3343323532381774,
                    -0.9424552390316596
                ],
                [
                    0.5769526819650683,
                    -0.8167775723985782
                ],
                [
                    0.6911303210255317,
                    -0.7227301566692408
                ],
                [
                    0.7880624961981961,
                    -0.6155952420916425
                ],
                [
                    0.9769153056344408,
                    -0.2136269777372865
                ],
                [
                    0.980865452804761,
                    -0.19468683441391496
                ],
                [
                    0.9833748682344199,
                    -0.18158708248368644
                ],
                [
                    0.5347734574025307,
                    0.8449954729214493
                ],
                [
                    0.41584711152806564,
                    0.9094345385093775
                ],
                [
                    -0.35383103116131676,
                    0.9353093613277478
                ],
                [
                    -0.4249259180465625,
                    0.905228128248502
                ],
                [
                    -0.7828266065440481,
                    0.6222399087865789
                ],
                [
                    -0.8011400853981561,
                    0.5984768697019419
                ],
                [
                    -0.8207870293121328,
                    0.5712343236474537
                ],
                [
                    -0.9111017692477253,
                    0.4121814722590823
                ]
            ]
        },
        {
            "Type": "F",
            "Centroid": {
                "x": 97997.7844375,
                "y": 437707.80759
            },
            "Distances": [
                6.135524794641208,
                9.020681875858763,
                6.983982756659845,
                6.055426196832514,
                6.068909050669187,
                6.491296417938025,
                2.1977076478863573,
                6.425998249741315,
                2.16281399699728,
                6.158474556687391,
                1.3991652459919544,
                4.712802625362002,
                4.98002280171491,
                4.955343498236026,
                2.006513499982803,
                7.17343854130469,
                8.691531700784244,
                3.3823712253149822,
                7.595552194895655,
                5.725860978532694,
                7.738753870336692,
                7.974921463278051,
                7.4629086062919585,
                7.723280737194888,
                6.750140675983557
            ],
            "UnitPairs": [
                [
                    -0.9068498924261713,
                    -0.4214537609354573
                ],
                [
                    -0.5454133143931398,
                    -0.8381672365838992
                ],
                [
                    0.2779216483825443,
                    -0.9606037462764391
                ],
                [
                    0.2982449032144993,
                    -0.9544893806148783
                ],
                [
                    0.31850864527149214,
                    -0.9479199559495088
                ],
                [
                    0.5579779086954041,
                    -0.8298558027801597
                ],
                [
                    0.5633142338964877,
                    -0.8262427451358428
                ],
                [
                    0.6716466192906161,
                    -0.7408716614876604
                ],
                [
                    0.7615079254544316,
                    -0.6481555981938966
                ],
                [
                    0.7688592290860274,
                    -0.6394180837677642
                ],
                [
                    0.8433599986762053,
                    -0.5373489672762676
                ],
                [
                    0.9660918060726459,
                    -0.2581988037139078
                ],
                [
                    0.9714814956946326,
                    -0.23711538019057166
                ],
                [
                    0.9745035842049907,
                    -0.2243719331191547
                ],
                [
                    0.9952586912672863,
                    0.09726323795210727
                ],
                [
                    0.5450663552060419,
                    0.838392908141762
                ],
                [
                    0.42213503054511725,
                    0.9065329646442389
                ],
                [
                    0.30688529757812205,
                    0.9517465072856256
                ],
                [
                    -0.3667936087471064,
                    0.9303023425651871
                ],
                [
                    -0.44377605560528194,
                    0.8961377195896943
                ],
                [
                    -0.7976736440290298,
                    0.6030893446426066
                ],
                [
                    -0.8145534761578752,
                    0.580088471251689
                ],
                [
                    -0.8161697163040484,
                    0.5778122482157756
                ],
                [
                    -0.8348783657378593,
                    0.5504344778653324
                ],
                [
                    -0.9233881631784946,
                    0.38386755541702894
                ]
            ]
        },
        {
            "Type": "R",
            "Centroid": {
                "x": 97991.5514375,
                "y": 437710.39875
            },
            "Distances": [
                0.0
            ],
            "UnitPairs": [
                [
                    0.0,
                    0.0
                ]
            ]
        }
    ],
    "Annual Heating [kWh/m2]": 105.62011700536875,
    "Annual Cooling [kWh/m2]": 0.3319783409700942
}