{
    "Pand ID": "0599100000243933",
    "Archetype ID": "D.1992-2005",
    "Construction Year": 1995,
    "Number of Floors": 2,
    "Wall Area": 365.54,
    "Roof Area (Flat)": 91.7,
    "Roof Area (Sloped)": 25.96,
    "Floor Area": 122.53,
    "Shared Wall Area": 0.0,
    "Absolute Height (70%)": 5.039080619812012,
    "Surfaces": [
        {
            "Type": "G",
            "Centroid": {
                "x": 98197.40425,
                "y": 437508.23884375003
            },
            "Distances": [
                7.366265097149949,
                8.706651572594682,
                8.349272856465083,
                7.39836407468023,
                7.409899314875714,
                10.324397608666139,
                5.074339893680044,
                6.186020306420968,
                5.5926809800055866,
                5.311911901022073,
                5.344719863459865,
                3.6986879912346438,
                4.384230403553849,
                4.329438623415687,
                4.677379813418733,
                4.548331793795123,
                4.376664302735903,
                4.2728595204368265,
                4.2470677804184644,
                4.2970980811201045,
                4.424622375857984,
                4.6189378899568885,
                4.870617585991923,
                5.169887817321198,
                4.704985412459298,
                4.960921510293128,
                4.134140408679781,
                6.593178770065587,
                9.229379054491211,
                8.908851205053711,
                7.833848633890616,
                8.18291574982827
            ],
            "UnitPairs": [
                [
                    -0.9782179170814704,
                    -0.20758060290111258
                ],
                [
                    -0.9663660512712197,
                    -0.2571704783805295
                ],
                [
                    -0.9652112990614005,
                    -0.26147112300252906
                ],
                [
                    -0.9651880372364978,
                    -0.2615569780670299
                ],
                [
                    -0.9613912682602446,
                    -0.2751850819229821
                ],
                [
                    -0.7413325978053601,
                    -0.6711378244676395
                ],
                [
                    -0.3574479711648627,
                    -0.9339330532271163
                ],
                [
                    -0.2624971176256235,
                    -0.9649327765384693
                ],
                [
                    0.7340285481460548,
                    -0.6791186129878897
                ],
                [
                    0.76228438563177,
                    -0.6472422385954079
                ],
                [
                    0.7684570201836415,
                    -0.6399014050074265
                ],
                [
                    0.9885093061834206,
                    -0.1511600198093811
                ],
                [
                    0.992691327643891,
                    -0.12068110051126116
                ],
                [
                    0.9946295292670401,
                    -0.10349927299274196
                ],
                [
                    0.9969657556190066,
                    -0.0778413908086384
                ],
                [
                    0.9993086929586955,
                    -0.03717709210230841
                ],
                [
                    0.9989771199168738,
                    0.045218512609197375
                ],
                [
                    0.9907153464202253,
                    0.13595257396405896
                ],
                [
                    0.9731861401081797,
                    0.23001899204487916
                ],
                [
                    0.9471944608099581,
                    0.3206597159153812
                ],
                [
                    0.9149227111639935,
                    0.40362907798661846
                ],
                [
                    0.8801130469502592,
                    0.47476417786931935
                ],
                [
                    0.8461324313067614,
                    0.5329727091426997
                ],
                [
                    0.8155278506965005,
                    0.5787178282534127
                ],
                [
                    0.8066310875161965,
                    0.5910552331655969
                ],
                [
                    0.785375759707349,
                    0.6190193180055888
                ],
                [
                    0.7610257971377694,
                    0.6487216167901473
                ],
                [
                    0.39680214828607374,
                    0.9179041644504925
                ],
                [
                    -0.8824875922762113,
                    0.47033567744594446
                ],
                [
                    -0.9044726771766002,
                    0.42653156535125697
                ],
                [
                    -0.9505943818957974,
                    0.31043569560884426
                ],
                [
                    -0.9548934314960826,
                    0.2969487068260043
                ]
            ]
        },
        {
            "Type": "F",
            "Centroid": {
                "x": 98197.16451067073,
                "y": 437508.038847561
            },
            "Distances": [
                7.091732915617479,
                8.424570675325205,
                7.1158537403309525,
                8.066633819979625,
                7.125499509419204,
                2.810656071351739,
                2.557329765011824,
                8.37579959868843,
                10.012453993208736,
                3.3322491511038455,
                4.804280696925008,
                5.932802475204743,
                5.641338069122004,
                5.681989235591372,
                5.374027275838321,
                5.409695107962149,
                4.722340634024212,
                3.912441298910913,
                4.60370472663838,
                5.005045463134405,
                4.552691856131078,
                4.905672176449402,
                4.7850266166739335,
                4.629059886141163,
                4.540581795244496,
                4.528530490706445,
                4.589689028752775,
                4.725476165490812,
                4.925279391873566,
                5.1802271435693,
                5.4811974136995945,
                5.016613785085256,
                5.273015598562936,
                4.446331314812113,
                6.873325407803589,
                4.178406282741743,
                4.465521359791227,
                9.116467341870154,
                8.781884058926847,
                7.672601523376316,
                8.017666196229278
            ],