{
    "Pand ID": "0599100000271834",
    "Archetype ID": "D.1965",
    "Construction Year": 1922,
    "Number of Floors": 2,
    "Wall Area": 205.25,
    "Roof Area (Flat)": 0.0,
    "Roof Area (Sloped)": 150.14,
    "Floor Area": 116.9,
    "Shared Wall Area": 0.0,
    "Absolute Height (70%)": 3.6247360706329346,
    "Surfaces": [
        {
            "Type": "G",
            "Centroid": {
                "x": 96745.35663043476,
                "y": 432504.53090217395
            },
            "Distances": [
                5.658195242204644,
                5.597153260036028,
                5.681740456598234,
                5.467784926948165,
                5.703074998817713,
                7.588433209346398,
                6.819554196758602,
                7.151658254598574,
                5.074322431464818,
                5.112987666450013,
                9.064251692614123,
                7.748981599786151,
                5.037632786793698,
                6.869882500641744,
                5.186161696074657,
                4.760185579027222,
                4.7391361677065165,
                5.237513458182616,
                7.546039750785292,
                8.411077290144195,
                6.905868714578794,
                6.023363094136247,
                6.219046404487869
            ],
            "UnitPairs": [
                [
                    -0.47809068421535267,
                    -0.878310479082708
                ],
                [
                    -0.46383050707391565,
                    -0.885923958761447
                ],
                [
                    -0.45358116134640813,
                    -0.8912149741064967
                ],
                [
                    -0.407318587786873,
                    -0.913286137003791
                ],
                [
                    -0.3977030698762537,
                    -0.9175141787520255
                ],
                [
                    -0.2509253731610461,
                    -0.9680064344331549
                ],
                [
                    0.17961138365987847,
                    -0.9837376433072915
                ],
                [
                    0.4407187050929426,
                    -0.8976452656707993
                ],
                [
                    0.5563047290278611,
                    -0.8309783682270183
                ],
                [
                    0.5706779979899886,
                    -0.8211739295728637
                ],
                [
                    0.9381766806146995,
                    -0.3461567794378496
                ],
                [
                    0.9579154976225716,
                    0.28705034299666177
                ],
                [
                    0.9400982099472831,
                    0.34090373370486016
                ],
                [
                    0.5832515424908017,
                    0.8122915967693503
                ],
                [
                    0.2298172781866108,
                    0.9732337944435027
                ],
                [
                    -0.09120031720801625,
                    0.9958325673230201
                ],
                [
                    -0.18044014869015404,
                    0.9835859661161677
                ],
                [
                    -0.18064496488998066,
                    0.983548370269555
                ],
                [
                    -0.18103939018082763,
                    0.983475845764884
                ],
                [
                    -0.5868606677236723,
                    0.8096879378371185
                ],
                [
                    -0.6617748792598721,
                    0.7497026138280309
                ],
                [
                    -0.6828627745801377,
                    0.7305466659240298
                ],
                [
                    -0.7203886485765472,
                    0.6935706128449042
                ]
            ]
        },
        {
            "Type": "F",
            "Centroid": {
                "x": 96745.36543939394,
                "y": 432504.0243106061
            },
            "Distances": [
                5.223444936790939,
                5.1581540192691575,
                5.239645399895127,
                5.013296106947997,
                5.245960527486564,
                7.227092137607281,
                7.101555259137785,
                3.9850890041771008,
                6.320154994879181,
                3.075448123313065,
                6.696500257961252,
                4.6565531024287905,
                4.700419675814223,
                4.642820685375201,
                4.47154158981219,
                4.499720089786071,
                3.742271281033842,
                8.893173483835756,
                7.901033137730043,
                5.224079670242616,
                7.282535258727728,
                5.67854516479953,
                5.265602369172025,
                5.239655413803004,
                5.737960215181578,
                8.046283699351985,
                5.728107015124616,
                8.831196278159902,
                7.298893957785052,
                6.408466164590737,
                6.550288432763064,
                6.610393456020552,
                6.586531154052721
            ],