{
    "Pand ID": "0599100000751752",
    "Archetype ID": "D.2006-2014",
    "Construction Year": 2008,
    "Number of Floors": 3,
    "Wall Area": 227.01,
    "Roof Area (Flat)": 0.0,
    "Roof Area (Sloped)": 161.46,
    "Floor Area": 93.23,
    "Shared Wall Area": 0.0,
    "Absolute Height (70%)": 5.941802978515625,
    "Surfaces": [
        {
            "Type": "G",
            "Centroid": {
                "x": 97869.28000000001,
                "y": 433162.3417083333
            },
            "Distances": [
                4.840070378898284,
                4.564070042847853,
                6.738903844272342,
                6.8005083711465515,
                5.099197422730121,
                6.321322437275756,
                6.483933150925589,
                5.308765332534782,
                7.734627378792671,
                6.0317386815409355,
                6.107984441633444,
                5.981163816991183,
                6.318368560987438,
                3.2813678457489437,
                2.8487138950615227,
                5.4944461373358005,
                4.940676583837639,
                4.940916752590699,
                5.220137364651917,
                5.975750519636421,
                5.193574261148346,
                4.153199863474147,
                3.847664760076734,
                5.071284816429722
            ],
            "UnitPairs": [
                [
                    -0.9991073727142072,
                    -0.04224284304014452
                ],
                [
                    -0.9981770562774765,
                    -0.06035366037972752
                ],
                [
                    -0.8444622644149521,
                    -0.5356150520468703
                ],
                [
                    -0.8397533961200171,
                    -0.5429679858931811
                ],
                [
                    -0.46159224773633306,
                    -0.887092214389079
                ],
                [
                    -0.42044208729818017,
                    -0.9073193766410753
                ],
                [
                    0.048003270968309204,
                    -0.9988471784894539
                ],
                [
                    0.11513976634852309,
                    -0.9933493012053755
                ],
                [
                    0.586356624292118,
                    -0.8100530286029132
                ],
                [
                    0.8878451608624954,
                    -0.4601423370361062
                ],
                [
                    0.8892049499952087,
                    -0.45750907849355116
                ],
                [
                    0.9866390857272002,
                    -0.16292119111826628
                ],
                [
                    0.9961827866223849,
                    0.08729178447746298
                ],
                [
                    0.9027485302569597,
                    0.43016867751952736
                ],
                [
                    0.8366056009050112,
                    0.5478056850146457
                ],
                [
                    0.5720776801568288,
                    0.820199443956396
                ],
                [
                    0.21277450206485096,
                    0.977101331117226
                ],
                [
                    0.09072203043123428,
                    0.9958762539565014
                ],
                [
                    0.08874287545056517,
                    0.996054567810803
                ],
                [
                    -0.2874534327305254,
                    0.9577946147329485
                ],
                [
                    -0.4173907777200996,
                    0.9087270980190976
                ],
                [
                    -0.6098309937567984,
                    0.7925314877363521
                ],
                [
                    -0.6925629352276739,
                    0.7213574569856673
                ],
                [
                    -0.7894942100366507,
                    0.6137580079466216
                ]
            ]
        },
        {
            "Type": "F",
            "Centroid": {
                "x": 97869.28849137931,
                "y": 433162.7353189655
            },
            "Distances": [
                4.881020490486949,
                4.613019905577342,
                6.964618686059965,
                7.028917523065374,
                5.455066594108721,
                0.2484588238693097,
                6.683885806722497,
                6.876736898678653,
                5.699034007199186,
                0.6388981308816796,
                8.052002427821673,
                6.215370130276094,
                6.290476515142696,
                6.049480709629507,
                6.287742333245854,
                3.124239680330589,
                2.6459793169542776,
                5.171355074285654,
                5.214643290670329,
                4.554897359922519,
                4.548240564792292,
                4.827398731292307,
                5.602506058174078,
                5.701734215391612,
                4.842489634050302,
                3.854336781899901,
                3.5804769130481287,
                4.846717121508453,
                1.4181417397488132
            ],