{
    "Pand ID": "0599100000658021",
    "Archetype ID": "D.1965",
    "Construction Year": 1953,
    "Number of Floors": 1,
    "Wall Area": 124.19,
    "Roof Area (Flat)": 86.32,
    "Roof Area (Sloped)": 0.0,
    "Floor Area": 86.3,
    "Shared Wall Area": 0.0,
    "Absolute Height (70%)": -3.0146384239196777,
    "Surfaces": [
        {
            "Type": "G",
            "Centroid": {
                "x": 100373.55675,
                "y": 443182.180875
            },
            "Distances": [
                6.210631945021628,
                1.7125066149714059,
                8.265577197415437,
                8.119525996395263,
                7.111030790685219,
                2.9814181032127243,
                4.342442187997462,
                2.8851202585508995
            ],
            "UnitPairs": [
                [
                    -0.6533352863155619,
                    -0.7570686915035931
                ],
                [
                    -0.19131312962013028,
                    -0.981529055318767
                ],
                [
                    -0.1509422718105795,
                    -0.9885425790428357
                ],
                [
                    0.9980108449174334,
                    -0.06304247320014283
                ],
                [
                    0.27877463315009704,
                    0.9603565504082475
                ],
                [
                    -0.1467841761389857,
                    0.9891685425827084
                ],
                [
                    -0.3172465954333324,
                    0.9483430801592636
                ],
                [
                    -0.9142166577582519,
                    0.4052257428611014
                ]
            ]
        },
        {
            "Type": "F",
            "Centroid": {
                "x": 100373.55675,
                "y": 443182.180875
            },
            "Distances": [
                6.210631945021628,
                1.7125066149714059,
                8.265577197415437,
                8.119525996395263,
                7.111030790685219,
                2.9814181032127243,
                4.342442187997462,
                2.8851202585508995
            ],
            "UnitPairs": [
                [
                    -0.6533352863155619,
                    -0.7570686915035931
                ],
                [
                    -0.19131312962013028,
                    -0.981529055318767
                ],
                [
                    -0.1509422718105795,
                    -0.9885425790428357
                ],
                [
                    0.9980108449174334,
                    -0.06304247320014283
                ],
                [
                    0.27877463315009704,
                    0.9603565504082475
                ],
                [
                    -0.1467841761389857,
                    0.9891685425827084
                ],
                [
                    -0.3172465954333324,
                    0.9483430801592636
                ],
                [
                    -0.9142166577582519,
                    0.4052257428611014
                ]
            ]
        },
        {
            "Type": "R",
            "Centroid": {
                "x": 100373.55675,
                "y": 443182.180875
            },
            "Distances": [
                6.210631945021628,
                1.7125066149714059,
                8.265577197415437,
                8.119525996395263,
                7.111030790685219,
                2.9814181032127243,
                4.342442187997462,
                2.8851202585508995
            ],
            "UnitPairs": [
                [
                    -0.6533352863155619,
                    -0.7570686915035931
                ],
                [
                    -0.19131312962013028,
                    -0.981529055318767
                ],
                [
                    -0.1509422718105795,
                    -0.9885425790428357
                ],
                [
                    0.9980108449174334,
                    -0.06304247320014283
                ],
                [
                    0.27877463315009704,
                    0.9603565504082475
                ],
                [
                    -0.1467841761389857,
                    0.9891685425827084
                ],
                [
                    -0.3172465954333324,
                    0.9483430801592636
                ],
                [
                    -0.9142166577582519,
                    0.4052257428611014
                ]
            ]
        }
    ],
    "Annual Heating [kWh/m2]": 641.0611258074698,
    "Annual Cooling [kWh/m2]": 2.519225998361827
}