{
    "Pand ID": "0599100000336468",
    "Archetype ID": "D.1975-1991",
    "Construction Year": 1990,
    "Number of Floors": 3,
    "Wall Area": 357.89,
    "Roof Area (Flat)": 0.0,
    "Roof Area (Sloped)": 292.68,
    "Floor Area": 205.71,
    "Shared Wall Area": 0.0,
    "Absolute Height (70%)": 1.563302993774414,
    "Surfaces": [
        {
            "Type": "G",
            "Centroid": {
                "x": 93909.63754807692,
                "y": 442744.5460576923
            },
            "Distances": [
                4.356886446123364,
                5.1189227499301895,
                6.230818451967855,
                6.2256026063668735,
                7.899934135832867,
                14.494487258584437,
                13.941226131248008,
                14.146903231580573,
                14.964085141421974,
                7.9930933963439115,
                5.555745609159062,
                6.32321003287287,
                7.18110440701598,
                8.412144273246499,
                8.581567969318735,
                7.882205292552139,
                7.638286328920494,
                6.87677196496433,
                6.574725209572975,
                6.5959543343876135,
                7.273763307812327,
                7.898093643176597,
                7.405771509983203,
                5.967064357182275,
                5.131564512955298,
                4.113738245270948
            ],
            "UnitPairs": [
                [
                    -0.9380375475594845,
                    -0.34653363382013574
                ],
                [
                    -0.913653771582509,
                    -0.40649327875508157
                ],
                [
                    -0.7457965775662699,
                    -0.6661737497758665
                ],
                [
                    -0.6500451976784329,
                    -0.7598955460951242
                ],
                [
                    -0.5079691815051317,
                    -0.8613752438055128
                ],
                [
                    -0.2688555315819411,
                    -0.9631805143054919
                ],
                [
                    -0.06268624213436454,
                    -0.9980332835367125
                ],
                [
                    0.2018163888125893,
                    -0.9794233738310751
                ],
                [
                    0.3851272475803963,
                    -0.9228634802456689
                ],
                [
                    0.7048681459984936,
                    -0.7093383513927936
                ],
                [
                    0.9986196837255513,
                    -0.05252358780471858
                ],
                [
                    0.8688746529866813,
                    0.49503215794256644
                ],
                [
                    0.8528043286901267,
                    0.5222305783534532
                ],
                [
                    0.7208717214191326,
                    0.693068511229746
                ],
                [
                    0.5388382332472588,
                    0.8424092582533579
                ],
                [
                    0.40230833953046713,
                    0.9155042326195102
                ],
                [
                    0.33045068152668067,
                    0.9438232605093775
                ],
                [
                    0.2812477908138223,
                    0.9596351807652449
                ],
                [
                    -0.05383085462012903,
                    0.998550068394603
                ],
                [
                    -0.10399148358906594,
                    0.9945781876458708
                ],
                [
                    -0.17678923859721737,
                    0.9842487313256829
                ],
                [
                    -0.425029536060381,
                    0.905179481360629
                ],
                [
                    -0.6450270671299555,
                    0.7641597232710764
                ],
                [
                    -0.7988724088733122,
                    0.6015005189864358
                ],
                [
                    -0.8098744674119749,
                    0.5866032279438718
                ],
                [
                    -0.9995587545348602,
                    0.029703471728391814
                ]
            ]
        },
        {
            "Type": "F",
            "Centroid": {
                "x": 93910.08636785713,
                "y": 442743.7106785714
            },
            "Distances": [
                4.585609791942015,
                5.274877454869215,
                6.079363607993368,
                5.948618965163372,
                7.452598660355666,
                13.826147553235002,
                5.33181501594167,
                13.145149012597074,
                11.196039869722473,
                13.240907583003201,
                4.583948397045012,
                14.020596482857364,
                5.684283879345303,
                5.088882248173729,
                7.089329393499271,
                1.7104317061093977,
                5.1281471612092835,
                5.097490073539119,
                6.417193809824536,
                7.296301046716655,
                8.715558229415768,
                9.081304120868104,
                8.499322703709046,
                8.307937269759089,
                7.581480139589623,
                6.581498391555909,
                7.443981029283046,
                7.482119893927008,
                8.180617648253644,
                8.845171541153617,
                8.3359370468881,
                6.839649543525329,
                5.999339663058445,
                1.0005476463635667,
                4.660184379371022
            ],