{
    "Pand ID": "0599100000358912",
    "Archetype ID": "D.1992-2005",
    "Construction Year": 1998,
    "Number of Floors": 2,
    "Wall Area": 188.62,
    "Roof Area (Flat)": 0.0,
    "Roof Area (Sloped)": 151.18,
    "Floor Area": 107.12,
    "Shared Wall Area": 0.0,
    "Absolute Height (70%)": 5.464487552642822,
    "Surfaces": [
        {
            "Type": "G",
            "Centroid": {
                "x": 85466.82570833333,
                "y": 431326.24958333327
            },
            "Distances": [
                7.339446440644633,
                5.248576256653002,
                7.300142742101071,
                7.307285227024593,
                5.248746585859758,
                7.3335339859351425
            ],
            "UnitPairs": [
                [
                    -0.8945951695983833,
                    -0.44687748044765
                ],
                [
                    -0.3198645215826354,
                    -0.947463291021194
                ],
                [
                    0.421247470811982,
                    -0.9069457361576316
                ],
                [
                    0.8929672872959078,
                    0.45012156560132466
                ],
                [
                    0.3351593828914484,
                    0.9421614447958607
                ],
                [
                    -0.42473837842705714,
                    0.9053161380927406
                ]
            ]
        },
        {
            "Type": "F",
            "Centroid": {
                "x": 85466.473875,
                "y": 431325.26054999995
            },
            "Distances": [
                6.6228061001149845,
                4.198998861618373,
                6.592533673768894,
                8.099143426320543,
                8.113174732525923
            ],
            "UnitPairs": [
                [
                    -0.9382729776559182,
                    -0.3458956770482927
                ],
                [
                    -0.31602771130039564,
                    -0.9487499595205439
                ],
                [
                    0.519830488488261,
                    -0.8542694324614781
                ],
                [
                    0.8491021380926351,
                    0.5282286996051194
                ],
                [
                    -0.3405571913686017,
                    0.9402238028294805
                ]
            ]
        },
        {
            "Type": "R",
            "Centroid": {
                "x": 85468.584875,
                "y": 431331.19474999997
            },
            "Distances": [
                0.0
            ],
            "UnitPairs": [
                [
                    0.0,
                    0.0
                ]
            ]
        }
    ],
    "Annual Heating [kWh/m2]": 159.1560316938454,
    "Annual Cooling [kWh/m2]": 0.50489365289956
}