{
    "Pand ID": "0599100100018038",
    "Archetype ID": "D.2015-2018",
    "Construction Year": 2018,
    "Number of Floors": 2,
    "Wall Area": 271.38,
    "Roof Area (Flat)": 91.84,
    "Roof Area (Sloped)": 14.77,
    "Floor Area": 106.69,
    "Shared Wall Area": 0.0,
    "Absolute Height (70%)": 1.7951946258544922,
    "Surfaces": [
        {
            "Type": "G",
            "Centroid": {
                "x": 100029.0903125,
                "y": 445115.23979545454
            },
            "Distances": [
                10.524338900744667,
                8.123749466137967,
                1.8543660095814998,
                1.8837177522957989,
                1.7710442547058551,
                3.317047280496036,
                5.4067110677355155,
                5.294623364330378,
                5.390823535281762,
                4.720592790899099,
                8.190551137376932
            ],
            "UnitPairs": [
                [
                    -0.2669051259656439,
                    -0.9637228095947837
                ],
                [
                    0.4510232639820221,
                    -0.892512193388417
                ],
                [
                    0.5904983128081257,
                    -0.8070388730233241
                ],
                [
                    0.6418158975857869,
                    -0.7668587572729092
                ],
                [
                    0.6561100869778183,
                    -0.754665193159165
                ],
                [
                    0.994559233262174,
                    -0.10417260452228647
                ],
                [
                    0.1400111806418924,
                    0.9901499226355892
                ],
                [
                    0.10482332015002678,
                    0.9944908604671663
                ],
                [
                    0.09497621219410442,
                    0.9954795422896747
                ],
                [
                    -0.29572557130945193,
                    0.9552729382086035
                ],
                [
                    -0.9825956599285935,
                    0.18575728542776437
                ]
            ]
        },
        {
            "Type": "F",
            "Centroid": {
                "x": 100029.40292788461,
                "y": 445115.62363461533
            },
            "Distances": [
                10.979492505554928,
                2.0366570619408724,
                8.337602011085085,
                2.036294595678264,
                1.9186394788008536,
                3.157070256341241,
                3.0741657385397083,
                4.989444333558989,
                5.088235169716976,
                4.887629186578015,
                4.986603081909184,
                4.465430419871752,
                8.437657161376537
            ],
            "UnitPairs": [
                [
                    -0.2843132670329447,
                    -0.9587314359032219
                ],
                [
                    0.3841513772727904,
                    -0.9232701226290267
                ],
                [
                    0.401960253190824,
                    -0.9156571164222821
                ],
                [
                    0.4402037982523661,
                    -0.8978978872924194
                ],
                [
                    0.44270152093285214,
                    -0.8966690378081198
                ],
                [
                    0.9630398972818873,
                    -0.26935878720266726
                ],
                [
                    0.9714455463268026,
                    -0.23726261930995377
                ],
                [
                    0.089064951057703,
                    0.9960258201939792
                ],
                [
                    0.07829524424441663,
                    0.9969302155761491
                ],
                [
                    0.0495914493777391,
                    0.9987695871163755
                ],
                [
                    0.03998405569947319,
                    0.9992003178991794
                ],
                [
                    -0.3826317340012789,
                    0.9239009449801285
                ],
                [
                    -0.9908692928281388,
                    0.1348259786920311
                ]
            ]
        },
        {
            "Type": "R",
            "Centroid": {
                "x": 100029.22991249998,
                "y": 445114.78884999995
            },
            "Distances": [
                10.130219766579382,
                7.658717615870762,
                1.4163574830937364,
                1.459745635372995,
                1.35262305170251,
                3.1611576234092222,
                5.837143318462147,
                5.7314732940491,
                5.8293073791559245,
                8.421826139261563
            ],
            "UnitPairs": [
                [
                    -0.2910696971961586,
                    -0.9567018508261268
                ],
                [
                    0.4601814790384628,
                    -0.8878248736941159
                ],
                [
                    0.6745472180648363,
                    -0.7382317052260693
                ],
                [
                    0.7325933875694286,
                    -0.6806665325176119
                ],
                [
                    0.7558646873046692,
                    -0.6547278629215459
                ],
                [
                    0.9994439937470664,
                    0.03334221592686959
                ],
                [
                    0.10577091675136005,
                    0.9943905234713255
                ],
                [
                    0.07247700175867512,
                    0.9973700838786338
                ],
                [
                    0.06388409047343749,
                    0.9979573252320871
                ],
                [
                    -0.9721882005875863,
                    0.23420098769704467
                ]
            ]
        }
    ],
    "Annual Heating [kWh/m2]": 140.49254649018067,
    "Annual Cooling [kWh/m2]": 0.3035534662560719
}