{
    "Pand ID": "0599100000258778",
    "Archetype ID": "D.1965",
    "Construction Year": 1961,
    "Number of Floors": 2,
    "Wall Area": 374.94,
    "Roof Area (Flat)": 0.0,
    "Roof Area (Sloped)": 275.09,
    "Floor Area": 202.08,
    "Shared Wall Area": 0.0,
    "Absolute Height (70%)": 2.6581814289093018,
    "Surfaces": [
        {
            "Type": "G",
            "Centroid": {
                "x": 94941.4901513158,
                "y": 441574.40628947364
            },
            "Distances": [
                7.1353326706890865,
                7.633765050577059,
                8.871923808162185,
                5.437713998669694,
                8.805140490510327,
                5.419221778921369,
                8.92224243731611,
                10.661355619073664,
                9.22479246692287,
                8.256534500188046,
                6.180569540730087,
                7.0529115343182385,
                11.332711909198089,
                8.642896298522508,
                9.958501028914146,
                8.217383186082403,
                10.786364667604225,
                9.613261000228425,
                8.33950622389652
            ],
            "UnitPairs": [
                [
                    -0.967372739907559,
                    -0.25335741963428315
                ],
                [
                    -0.6737863009554028,
                    -0.7389262619807442
                ],
                [
                    -0.46534735927209847,
                    -0.8851281462130127
                ],
                [
                    0.3358899869792803,
                    -0.9419012244641467
                ],
                [
                    0.429462049843204,
                    -0.9030849061657897
                ],
                [
                    0.43760410275744077,
                    -0.8991677536755059
                ],
                [
                    0.5582087372312402,
                    -0.8297005518129443
                ],
                [
                    0.856502119474056,
                    -0.5161435065332607
                ],
                [
                    0.9082560625888073,
                    -0.4184147759946778
                ],
                [
                    0.9473070916166365,
                    -0.3203268239982869
                ],
                [
                    0.9813777911954568,
                    0.1920875606288098
                ],
                [
                    0.5564331361754002,
                    0.8308923907257838
                ],
                [
                    0.12887239134842507,
                    0.9916611854601038
                ],
                [
                    -0.11333310986897895,
                    0.9935570472838617
                ],
                [
                    -0.1555983487168033,
                    0.9878204056793947
                ],
                [
                    -0.46931318991257925,
                    0.8830317829920277
                ],
                [
                    -0.9085105703152733,
                    0.4178618714664174
                ],
                [
                    -0.9489523186336896,
                    0.3154195570343483
                ],
                [
                    -0.9904095151500326,
                    0.1381629194113863
                ]
            ]
        },
        {
            "Type": "F",
            "Centroid": {
                "x": 94941.54089772727,
                "y": 441573.7391363636
            },
            "Distances": [
                7.046208408352443,
                3.4451194895626913,
                3.5931701281923645,
                7.191489959869415,
                6.241721865212386,
                8.312622358754007,
                4.381555372168021,
                8.18439081017608,
                4.803452122918476,
                8.346916089574755,
                5.047847770639153,
                8.324478598311394,
                8.041473029189856,
                6.14503277801429,
                10.288002082161654,
                8.918742539126413,
                8.01843176275359,
                3.2246437755797674,
                3.998070708278302,
                6.2940931563955544,
                2.8006086233632055,
                7.59027265812773,
                5.379738640773444,
                11.988536787196152,
                9.311536296804592,
                10.625560136140495,
                8.834391404015635,
                8.422467254990334,
                11.126630749820425,
                6.660421296206918,
                9.89111843236778,
                8.507098027123869,
                4.092503559971744
            ],