{
    "Pand ID": "0599100000090897",
    "Archetype ID": "D.1965",
    "Construction Year": 1900,
    "Number of Floors": 3,
    "Wall Area": 315.26,
    "Roof Area (Flat)": 0.0,
    "Roof Area (Sloped)": 123.22,
    "Floor Area": 96.48,
    "Shared Wall Area": 10.24,
    "Absolute Height (70%)": 8.91269302368164,
    "Surfaces": [
        {
            "Type": "G",
            "Centroid": {
                "x": 91124.6144423077,
                "y": 433188.80723076925
            },
            "Distances": [
                7.631439419251234,
                7.248974340862828,
                7.3006422579724495,
                8.93997798104645,
                8.834967793783846,
                8.563167417762212,
                8.443990347810532,
                7.002154843714146,
                7.003962213357051,
                6.940476413057728,
                6.905569774990029,
                7.217795737039206,
                6.716229333165816
            ],
            "UnitPairs": [
                [
                    -0.9545633408718167,
                    -0.29800810100337194
                ],
                [
                    -0.9457465270729796,
                    -0.3249053808871099
                ],
                [
                    -0.9416558248974726,
                    -0.3365773424291369
                ],
                [
                    0.8068596709727739,
                    -0.5907431517653905
                ],
                [
                    0.8225618770685139,
                    -0.5686756178996273
                ],
                [
                    0.9932431864697713,
                    0.11605159426468505
                ],
                [
                    0.9926950821862818,
                    0.1206502126113806
                ],
                [
                    0.981884554932342,
                    0.18948013295677443
                ],
                [
                    0.9790612061289886,
                    0.20356609406590787
                ],
                [
                    -0.8190637024592368,
                    0.5737025808847009
                ],
                [
                    -0.8253761084787118,
                    0.5645832795545205
                ],
                [
                    -0.835531030166608,
                    0.5494432615190824
                ],
                [
                    -0.9932198525084589,
                    0.11625112723356776
                ]
            ]
        },
        {
            "Type": "F",
            "Centroid": {
                "x": 91125.40545588234,
                "y": 433188.54452941177
            },
            "Distances": [
                8.322456132201907,
                8.365532496779972,
                7.9278490267080866,
                7.973644462453502,
                8.150552078866957,
                7.8000526892714035,
                8.038317475541467,
                3.9626829980904477,
                7.815948571536506,
                7.698695555053497,
                7.851138539541462,
                6.288485641314712,
                6.296892666169657,
                7.742757728931415,
                7.71019457004016,
                8.05645152597953,
                8.02593512685775
            ],
            "UnitPairs": [
                [
                    -0.9703512705929824,
                    -0.24169901046256834
                ],
                [
                    -0.9677454346697859,
                    -0.25193009680422696
                ],
                [
                    -0.9645372731728821,
                    -0.26394667768362035
                ],
                [
                    -0.9613804476038538,
                    -0.2752228823426821
                ],
                [
                    0.7879581720982793,
                    -0.6157287706641117
                ],
                [
                    0.7969554008545372,
                    -0.6040381519811344
                ],
                [
                    0.8056778221767504,
                    -0.5923539877915303
                ],
                [
                    0.9519545518729269,
                    -0.30623933641584145
                ],
                [
                    0.9869939709877846,
                    0.16075727427946826
                ],
                [
                    0.9860493980284496,
                    0.1664529502524123
                ],
                [
                    0.9851175187787359,
                    0.17188215205549123
                ],
                [
                    0.9675293011212854,
                    0.2527588801046502
                ],
                [
                    0.963378993300539,
                    0.2681434602358227
                ],
                [
                    -0.8363565165093869,
                    0.5481858966557637
                ],
                [
                    -0.841834252479937,
                    0.5397361312266816
                ],
                [
                    -0.8447522908070245,
                    0.5351575162288988
                ],
                [
                    -0.8499577649846323,
                    0.5268508306364605
                ]
            ]
        },
        {
            "Type": "R",
            "Centroid": {
                "x": 91117.94375,
                "y": 433189.588
            },
            "Distances": [
                0.0
            ],
            "UnitPairs": [
                [
                    0.0,
                    0.0
                ]
            ]
        }
    ],
    "Annual Heating [kWh/m2]": 294.20709133164,
    "Annual Cooling [kWh/m2]": 1.3285783519017338
}