{
    "Pand ID": "0599100000116236",
    "Archetype ID": "D.1975-1991",
    "Construction Year": 1987,
    "Number of Floors": 2,
    "Wall Area": 380.62,
    "Roof Area (Flat)": 6.63,
    "Roof Area (Sloped)": 219.89,
    "Floor Area": 204.62,
    "Shared Wall Area": 0.0,
    "Absolute Height (70%)": 1.3030364513397217,
    "Surfaces": [
        {
            "Type": "G",
            "Centroid": {
                "x": 95791.803,
                "y": 440977.358
            },
            "Distances": [
                7.015383702983044,
                7.296694765438293,
                12.136071625528686,
                3.4697833505660487,
                9.711763820212154,
                3.475292002133313,
                3.2882360772916694,
                8.974930779673095,
                8.32078196445303,
                8.57965398487891,
                6.285447040570565,
                12.164539304905484,
                10.995524657787731,
                3.809308664303954,
                3.510639044400654,
                7.308896667755152
            ],
            "UnitPairs": [
                [
                    -0.9766393814056028,
                    -0.21488489636938515
                ],
                [
                    -0.9746193624109888,
                    -0.22386848463684567
                ],
                [
                    -0.39069479369500426,
                    -0.9205202758112491
                ],
                [
                    0.21254929356975477,
                    -0.9771503455471928
                ],
                [
                    0.23039069333072312,
                    -0.9730982110900156
                ],
                [
                    0.29882381087909327,
                    -0.9543082992679546
                ],
                [
                    0.30882819120167054,
                    -0.9511178414471597
                ],
                [
                    0.9894783835115849,
                    -0.14468078159624723
                ],
                [
                    0.9576623968810473,
                    0.2878936150734286
                ],
                [
                    0.8809795841791006,
                    0.47315427955331757
                ],
                [
                    0.8318421850107289,
                    0.5550122334116393
                ],
                [
                    0.26203211811848937,
                    0.9650591531477944
                ],
                [
                    -0.4794223253611594,
                    0.8775843172854096
                ],
                [
                    -0.8779808345100546,
                    0.4786957846409638
                ],
                [
                    -0.9207725314722907,
                    0.390099917054733
                ],
                [
                    -0.9987143520850562,
                    0.05069164565612708
                ]
            ]
        },
        {
            "Type": "F",
            "Centroid": {
                "x": 95792.1115,
                "y": 440977.6694565218
            },
            "Distances": [
                7.901009046848491,
                7.387435470328544,
                7.670675059709262,
                12.544352931955746,
                3.7267308849898373,
                9.950720382618085,
                3.7006713612755497,
                3.510878943915392,
                8.75311817246999,
                8.721877320967298,
                7.938440477765275,
                3.971641167960461,
                3.90179760713044,
                8.161515172731743,
                5.85662063499286,
                4.11755756557464,
                11.785110043620541,
                10.878210146931083,
                3.7318809340574464,
                3.9535660459771194,
                3.695691681107866,
                3.0418127607414007,
                7.608229106185772
            ],
            "UnitPairs": [
                [
                    -0.9999988549753056,
                    -0.0015132904803270212
                ],
                [
                    -0.96921320379196,
                    -0.24622299972854866
                ],
                [
                    -0.9673203391149111,
                    -0.25355741269900495
                ],
                [
                    -0.40257158160294065,
                    -0.9153885086047928
                ],
                [
                    0.11511429540877491,
                    -0.9933522532276964
                ],
                [
                    0.1938553115584779,
                    -0.9810301311277679
                ],
                [
                    0.19726150439478868,
                    -0.9803509059943305
                ],
                [
                    0.20137407506463872,
                    -0.9795144112731886
                ],
                [
                    0.9813645641176746,
                    -0.1921551255994139
                ],
                [
                    0.9828159333763067,
                    -0.18458830163815684
                ],
                [
                    0.9649250405615983,
                    0.2625255532271055
                ],
                [
                    0.9575386695754342,
                    0.28830486688175677
                ],
                [
                    0.9559696261998423,
                    0.29346562623812333
                ],
                [
                    0.888315447139376,
                    0.45923378182965885
                ],
                [
                    0.8400749009764489,
                    0.5424704238476138
                ],
                [
                    0.763316589978933,
                    0.6460245997351287
                ],
                [
                    0.24429131245654012,
                    0.9697018895816699
                ],
                [
                    -0.5129520320561148,
                    0.8584172719659727
                ],
                [
                    -0.9089250326924645,
                    0.4169595723148737
                ],
                [
                    -0.9239759643596185,
                    0.38245054227404773
                ],
                [
                    -0.958142698455826,
                    0.28629105713554526
                ],
                [
                    -0.9984177984894759,
                    0.05623077146392844
                ],
                [
                    -0.9999698870539155,
                    0.0077604758474868595
                ]
            ]
        },
        {
            "Type": "R",
            "Centroid": {
                "x": 95788.7195,
                "y": 440979.2255
            },
            "Distances": [
                0.0
            ],
            "UnitPairs": [
                [
                    0.0,
                    0.0
                ]
            ]
        }
    ],
    "Annual Heating [kWh/m2]": 301.010079044142,
    "Annual Cooling [kWh/m2]": 1.2393366160703847
}