{
    "Pand ID": "0599100000060938",
    "Archetype ID": "D.1965",
    "Construction Year": 1925,
    "Number of Floors": 3,
    "Wall Area": 317.37,
    "Roof Area (Flat)": 0.0,
    "Roof Area (Sloped)": 120.53,
    "Floor Area": 100.45,
    "Shared Wall Area": 0.0,
    "Absolute Height (70%)": 6.700008392333984,
    "Surfaces": [
        {
            "Type": "G",
            "Centroid": {
                "x": 96818.51316666667,
                "y": 432234.9070833334
            },
            "Distances": [
                8.620314232814714,
                8.00899647100686,
                8.580679682073349,
                8.6027600690284,
                8.007362641453458,
                8.594860507215296
            ],
            "UnitPairs": [
                [
                    -0.9931965860460319,
                    -0.1164497379409122
                ],
                [
                    -0.8910812599940486,
                    -0.4538437926064635
                ],
                [
                    -0.6494435025137393,
                    -0.7604098480705563
                ],
                [
                    0.993673340269089,
                    0.1123089170033764
                ],
                [
                    0.8873500116682567,
                    0.461096472326936
                ],
                [
                    0.6535688774253451,
                    0.75686704411077
                ]
            ]
        },
        {
            "Type": "F",
            "Centroid": {
                "x": 96819.9405,
                "y": 432235.63405
            },
            "Distances": [
                10.137839495666395,
                10.079117185525305,
                7.125016325594883,
                6.405629948740943,
                7.13748521824737
            ],
            "UnitPairs": [
                [
                    -0.9853184205837326,
                    -0.1707267116135569
                ],
                [
                    -0.6945052697723122,
                    -0.7194876164733399
                ],
                [
                    0.9994363064711487,
                    0.033571852902516
                ],
                [
                    0.886407745285992,
                    0.4629052917141951
                ],
                [
                    0.5870414959726101,
                    0.8095568429741299
                ]
            ]
        },
        {
            "Type": "R",
            "Centroid": {
                "x": 96811.3765,
                "y": 432231.27225000004
            },
            "Distances": [
                0.0
            ],
            "UnitPairs": [
                [
                    0.0,
                    0.0
                ]
            ]
        }
    ],
    "Annual Heating [kWh/m2]": 282.018653169511,
    "Annual Cooling [kWh/m2]": 1.304844039441786
}