{
    "Pand ID": "0599100000701270",
    "Archetype ID": "D.1965",
    "Construction Year": 1931,
    "Number of Floors": 3,
    "Wall Area": 461.35,
    "Roof Area (Flat)": 10.65,
    "Roof Area (Sloped)": 193.24,
    "Floor Area": 170.62,
    "Shared Wall Area": 0.0,
    "Absolute Height (70%)": 5.993129730224609,
    "Surfaces": [
        {
            "Type": "G",
            "Centroid": {
                "x": 92414.6854325,
                "y": 440969.69966
            },
            "Distances": [
                6.924265763240054,
                6.8318184987531065,
                5.944165546130243,
                6.624744031277212,
                7.638060583677579,
                6.600336442946956,
                6.108664646186979,
                6.571175468650988,
                5.868680182101499,
                8.586882221135149,
                8.91854990227343,
                9.09555736825473,
                6.800449388076129,
                7.353043168623196,
                8.08410135759698,
                7.821924407720641,
                9.486178788124656,
                9.613833942821733,
                7.242067354017128,
                7.130261622149741,
                7.434411107807441,
                7.840008984723266,
                9.046359621429366,
                9.393555599467913,
                6.748730633240591
            ],
            "UnitPairs": [
                [
                    -0.979904618338265,
                    -0.19946663620600572
                ],
                [
                    -0.9785271668465372,
                    -0.20611788797503536
                ],
                [
                    -0.9596166115710482,
                    -0.28131114232625054
                ],
                [
                    -0.9067701290243843,
                    -0.42162534685322406
                ],
                [
                    -0.8360918233147581,
                    -0.5485895213966482
                ],
                [
                    -0.7078608856364405,
                    -0.706351871651795
                ],
                [
                    -0.5811613839721681,
                    -0.8137883298374057
                ],
                [
                    -0.07991264310485728,
                    -0.9968018707205538
                ],
                [
                    -0.05386560354187508,
                    -0.9985481945079414
                ],
                [
                    0.1960991145135632,
                    -0.9805840796622166
                ],
                [
                    0.44243515405945766,
                    -0.8968004986909764
                ],
                [
                    0.49748243200465375,
                    -0.8674740513967751
                ],
                [
                    0.8181635775066858,
                    -0.5749855306366076
                ],
                [
                    0.8873713713310005,
                    -0.4610553647254737
                ],
                [
                    0.9765933961940486,
                    0.2150937900316373
                ],
                [
                    0.9390118872479031,
                    0.34388468358903596
                ],
                [
                    0.8442682958938037,
                    0.535920744652204
                ],
                [
                    0.8377386220634971,
                    0.5460714249099224
                ],
                [
                    0.13185185297608587,
                    0.9912694330336089
                ],
                [
                    0.13097415627721398,
                    0.9913857828249666
                ],
                [
                    -0.05072627737906632,
                    0.9987125936841199
                ],
                [
                    -0.18215795450995412,
                    0.9832692813307804
                ],
                [
                    -0.39829502150948687,
                    0.9172573661959643
                ],
                [
                    -0.43925007483157175,
                    0.8983648322148738
                ],
                [
                    -0.7807571951448723,
                    0.6248345398819689
                ]
            ]
        },
        {
            "Type": "F",
            "Centroid": {
                "x": 92414.09227083334,
                "y": 440970.7140208334
            },
            "Distances": [
                6.639191823176141,
                6.555956339330075,
                2.2416481897029623,
                5.774018468368003,
                6.618773279977438,
                7.787515865594169,
                6.150204497136309,
                6.990049345827122,
                1.6171486938710875,
                6.676081352972725,
                4.731016062292925,
                5.462055251002647,
                4.547931904353407,
                7.564826839190959,
                6.88010092756792,
                9.705416122298972,
                1.838827984491722,
                1.652098621904769,
                10.091007433514449,
                10.270581374639049,
                1.8801307196695665,
                3.453793328574778,
                7.8841656199782495,
                8.370562761228106,
                8.518903767372759,
                8.1129363327668,
                1.9616630970425895,
                9.516080155331204,
                9.628635072322943,
                2.7667922352244636,
                6.244083137731704,
                6.355882031426999,
                5.131844829669196,
                5.693046857567792,
                6.291261139920176,
                3.1968865292982525,
                6.414118579133562,
                2.548549681915954,
                2.56413206193666,
                6.746347658627291,
                6.526513577786948,
                7.880921135189232,
                8.222206849793158,
                4.816229410116632,
                5.656978387899233,
                6.899704454872424,
                5.5480750511079,
                5.667491433403101
            ],