{
    "Pand ID": "0599100000388963",
    "Archetype ID": "D.1992-2005",
    "Construction Year": 2005,
    "Number of Floors": 3,
    "Wall Area": 270.68,
    "Roof Area (Flat)": 59.31,
    "Roof Area (Sloped)": 0.0,
    "Floor Area": 60.01,
    "Shared Wall Area": 0.0,
    "Absolute Height (70%)": 8.925284385681152,
    "Surfaces": [
        {
            "Type": "G",
            "Centroid": {
                "x": 83652.472875,
                "y": 431620.145
            },
            "Distances": [
                5.47528954143263,
                5.500841986704629,
                5.467226359180239,
                5.473506788367148
            ],
            "UnitPairs": [
                [
                    -0.9975728148561768,
                    -0.06963102081632912
                ],
                [
                    0.09634888645771501,
                    -0.9953476237367317
                ],
                [
                    0.9972149755332704,
                    0.07458077883864485
                ],
                [
                    -0.09500307939860991,
                    0.9954769785910579
                ]
            ]
        },
        {
            "Type": "F",
            "Centroid": {
                "x": 83650.72570833334,
                "y": 431620.00708333333
            },
            "Distances": [
                3.641021395914598,
                3.5047441379051176,
                3.590570076216104,
                5.80281096873284,
                7.219816673961783,
                5.71985860596658
            ],
            "UnitPairs": [
                [
                    -0.9991244043247529,
                    -0.04183807694801005
                ],
                [
                    -0.9968868470424151,
                    -0.07884550839351948
                ],
                [
                    -0.9947816802114569,
                    -0.10202650986714554
                ],
                [
                    0.3924247539574789,
                    -0.9197841118878997
                ],
                [
                    0.9971398155629664,
                    0.07557901970159038
                ],
                [
                    0.21454493042603087,
                    0.9767141203179617
                ]
            ]
        },
        {
            "Type": "R",
            "Centroid": {
                "x": 83653.002875,
                "y": 431614.66975
            },
            "Distances": [
                0.0
            ],
            "UnitPairs": [
                [
                    0.0,
                    0.0
                ]
            ]
        }
    ],
    "Annual Heating [kWh/m2]": 120.4166306854772,
    "Annual Cooling [kWh/m2]": 0.33414219401735046
}