{
    "Pand ID": "0599100000152402",
    "Archetype ID": "D.1965",
    "Construction Year": 1922,
    "Number of Floors": 3,
    "Wall Area": 341.45,
    "Roof Area (Flat)": 75.94,
    "Roof Area (Sloped)": 108.79,
    "Floor Area": 126.09,
    "Shared Wall Area": 0.0,
    "Absolute Height (70%)": 7.826580047607422,
    "Surfaces": [
        {
            "Type": "G",
            "Centroid": {
                "x": 93287.89334375,
                "y": 440899.38831249997
            },
            "Distances": [
                8.07481312023908,
                6.5132369536349835,
                7.5057966883340566,
                6.796833968058985,
                6.961285602450581,
                6.033816235552664,
                6.282419820530909,
                5.988735351818312,
                5.9141435074630415,
                6.353291493506286,
                6.48740436745199,
                7.114761893531913,
                6.664213099768876,
                6.709234582028539,
                6.661756650973036,
                6.84909803289631,
                6.90259223873784,
                4.235592666836592,
                4.433973942939925,
                4.6449467894474425,
                7.838824109988449,
                7.800094529977349,
                7.726605718349216,
                8.069217871132535,
                8.982026228916496,
                8.303215438274417,
                7.297679056669039,
                6.898234814190739,
                6.93550759151405,
                6.973960100924513,
                6.74724320475968,
                6.997337926078976
            ],
            "UnitPairs": [
                [
                    -0.9985641314461356,
                    -0.05356935121153374
                ],
                [
                    -0.9586966963505614,
                    -0.2844303858706369
                ],
                [
                    0.18262968035398303,
                    -0.9831817735565493
                ],
                [
                    0.25420383344886316,
                    -0.9671506661631902
                ],
                [
                    0.2786527318046993,
                    -0.9603919278387226
                ],
                [
                    0.4278852966701596,
                    -0.9038330448116453
                ],
                [
                    0.44835928359929655,
                    -0.893853429153978
                ],
                [
                    0.5600149368733753,
                    -0.8284825106655598
                ],
                [
                    0.5976826983545817,
                    -0.8017327435546001
                ],
                [
                    0.6124040198648659,
                    -0.7905449490404406
                ],
                [
                    0.6200910290372872,
                    -0.7845298692258175
                ],
                [
                    0.9859474364658443,
                    -0.1670558365530217
                ],
                [
                    0.9912319956008179,
                    -0.13213300457198485
                ],
                [
                    0.9936724030863779,
                    -0.11231720858596404
                ],
                [
                    0.9941493808592923,
                    -0.10801392751439853
                ],
                [
                    0.9983476973398057,
                    -0.057461945810316405
                ],
                [
                    0.9990132708841685,
                    -0.04441266257853789
                ],
                [
                    0.8489440635196421,
                    0.5284827121247752
                ],
                [
                    0.8400548352183979,
                    0.5425014966119359
                ],
                [
                    0.80835829132169,
                    0.5886908126100472
                ],
                [
                    -0.3155088971639821,
                    0.9489226184522992
                ],
                [
                    -0.3224600343418497,
                    0.9465830794242274
                ],
                [
                    -0.33562198519355435,
                    0.941996753208172
                ],
                [
                    -0.3615243505128699,
                    0.932362667627918
                ],
                [
                    -0.41830413920509946,
                    0.9083070225005865
                ],
                [
                    -0.9430345157508984,
                    0.33269490844085453
                ],
                [
                    -0.9567725157240309,
                    0.2908373310892347
                ],
                [
                    -0.962741763491936,
                    0.27042244142903
                ],
                [
                    -0.9662189337384577,
                    0.2577226650593969
                ],
                [
                    -0.9696382904597062,
                    0.24454362734362625
                ],
                [
                    -0.9731706047540111,
                    0.23008471058006513
                ],
                [
                    -0.9876925800941417,
                    0.15640769554909192
                ]
            ]
        },
        {
            "Type": "F",
            "Centroid": {
                "x": 93288.61072499999,
                "y": 440899.1046
            },
            "Distances": [
                8.781861572723951,
                7.136186998850022,
                7.125869686086305,
                6.370488300220284,
                6.517510658434107,
                5.495756215770709,
                5.730279642627115,
                5.0295116744141515,
                4.67171078759921,
                5.369626205133535,
                5.2735348091269145,
                5.703259321012808,
                5.842205652234901,
                5.832826363186536,
                6.362075155366985,
                6.429098613539678,
                5.918571152101817,
                5.967924210520914,
                5.921462182822525,
                5.2954643972428865,
                6.121385724042554,
                6.1784422537203145,
                6.196401389718746,
                3.8270650872938146,
                4.034350317232293,
                4.311519683609252,
                4.281942104029923,
                8.355329376051442,
                8.320750680168983,
                8.255070259046192,
                8.611730852839553,
                9.55468166826184,
                6.434669710430568,
                9.074166384979543,
                8.066808413622065,
                7.666018502598857,
                7.702291106058024,
                7.739582280865721,
                7.511476271823887,
                7.752085872995438
            ],