{
    "Pand ID": "0599100100019224",
    "Archetype ID": "D.2015-2018",
    "Construction Year": 2020,
    "Number of Floors": 3,
    "Wall Area": 280.97,
    "Roof Area (Flat)": 0.0,
    "Roof Area (Sloped)": 263.36,
    "Floor Area": 158.38,
    "Shared Wall Area": 0.0,
    "Absolute Height (70%)": 6.583442211151123,
    "Surfaces": [
        {
            "Type": "G",
            "Centroid": {
                "x": 90910.99575,
                "y": 432321.2761
            },
            "Distances": [
                2.356680912326776,
                2.3034273859928303,
                3.729325464837669,
                3.347089380738638,
                7.090287351194964,
                7.063476171340812,
                7.205919790219539,
                6.777493277227,
                8.058792516433108,
                4.532277255705088,
                4.5961672426653735,
                6.222310248011154,
                7.199600733528889,
                10.137172614808676,
                9.9995262598877,
                10.079733459868267,
                10.709846386468916,
                7.663485279048539,
                7.859432601799811,
                7.022267876013725
            ],
            "UnitPairs": [
                [
                    -0.9950434900777132,
                    -0.09944070018842394
                ],
                [
                    -0.9941706927397264,
                    -0.10781759456328428
                ],
                [
                    -0.8744208653133868,
                    -0.4851681670355011
                ],
                [
                    -0.813542660577897,
                    -0.5815052359350144
                ],
                [
                    -0.5988473794765996,
                    -0.8008631693953776
                ],
                [
                    -0.5914934656326308,
                    -0.8063097916520051
                ],
                [
                    -0.5863234844412694,
                    -0.8100770158402525
                ],
                [
                    -0.11774264722276896,
                    -0.9930441425359573
                ],
                [
                    0.32498665211332356,
                    -0.945718602940734
                ],
                [
                    0.9068289003782908,
                    -0.42149892697218116
                ],
                [
                    0.9079304080273749,
                    -0.41912095411616535
                ],
                [
                    0.9265047498784061,
                    -0.37628306958027213
                ],
                [
                    0.9593587555245576,
                    0.28218925953758783
                ],
                [
                    0.7892733313345921,
                    0.6140420249820001
                ],
                [
                    0.778136863464776,
                    0.6280947553651444
                ],
                [
                    0.7746236575690746,
                    0.6324224767782285
                ],
                [
                    -0.4367009414724266,
                    0.8996067405911853
                ],
                [
                    -0.7340002355557957,
                    0.6791492135046882
                ],
                [
                    -0.7431834199663166,
                    0.6690877403503739
                ],
                [
                    -0.9904207761367594,
                    0.1380821719001374
                ]
            ]
        },
        {
            "Type": "F",
            "Centroid": {
                "x": 90910.99693518518,
                "y": 432321.8717129629
            },
            "Distances": [
                2.2378548008435475,
                2.488658964784091,
                2.4416803712953263,
                4.0528630664709935,
                3.7259576793229274,
                7.57635751909068,
                7.715676015013919,
                7.552602453014563,
                7.69698991178514,
                7.369425370708687,
                8.623887449342464,
                4.812713325566898,
                4.8748677967246135,
                6.468949888899186,
                7.053543834722673,
                9.781773614045491,
                9.85651082989611,
                9.635619578721736,
                9.713064739238838,
                2.319734610985267,
                2.054068645105114,
                0.938420224233991,
                10.177897974732552,
                10.195623421920857,
                7.2730449020280465,
                7.474961013072462,
                6.9662339923065595
            ],