{
    "Pand ID": "0599100000020087",
    "Archetype ID": "D.1975-1991",
    "Construction Year": 1977,
    "Number of Floors": 1,
    "Wall Area": 160.9,
    "Roof Area (Flat)": 14.86,
    "Roof Area (Sloped)": 133.94,
    "Floor Area": 108.45,
    "Shared Wall Area": 0.0,
    "Absolute Height (70%)": 4.690653324127197,
    "Surfaces": [
        {
            "Type": "G",
            "Centroid": {
                "x": 86669.43975,
                "y": 433892.375
            },
            "Distances": [
                8.564211026126227,
                8.560178882456132,
                7.897951158353561,
                8.6581903709712,
                8.65146302658523,
                7.898598894748626
            ],
            "UnitPairs": [
                [
                    -0.9819351688502989,
                    -0.18921766348556113
                ],
                [
                    0.8246907099636364,
                    -0.5655839751086246
                ],
                [
                    0.9715810906064809,
                    -0.23670695886669907
                ],
                [
                    0.975896768026377,
                    0.21823266977167208
                ],
                [
                    -0.8078980374223919,
                    0.5893222896930401
                ],
                [
                    -0.9854279352227717,
                    0.17009345808285742
                ]
            ]
        },
        {
            "Type": "F",
            "Centroid": {
                "x": 86669.03058333333,
                "y": 433893.1431666667
            },
            "Distances": [
                1.4950414338343827,
                8.34931505506222,
                1.6110184839245725,
                9.340735618182626,
                3.4075572221431374,
                3.3578726234901652,
                8.929354039103227,
                3.809080145599766,
                2.5895796741580015,
                2.6895633887960253,
                7.877345590720378,
                7.396742563821965
            ],
            "UnitPairs": [
                [
                    -0.9680891114956296,
                    -0.2506062094274649
                ],
                [
                    -0.9582023531953237,
                    -0.28609133214927035
                ],
                [
                    -0.9145353377564859,
                    -0.40450601478177095
                ],
                [
                    0.7995801371499149,
                    -0.6005594094469947
                ],
                [
                    0.8852871632130791,
                    -0.46504477058681026
                ],
                [
                    0.9228064950991108,
                    -0.3852637701664855
                ],
                [
                    0.9920837081689563,
                    0.12557832609862776
                ],
                [
                    0.9731133305102653,
                    0.23032682428067114
                ],
                [
                    -0.031021765475368033,
                    0.9995187092129848
                ],
                [
                    -0.4436903544642823,
                    0.8961801545199267
                ],
                [
                    -0.8353490725458628,
                    0.5497198622905733
                ],
                [
                    -0.9969703919931392,
                    0.07778198691886402
                ]
            ]
        },
        {
            "Type": "R",
            "Centroid": {
                "x": 86677.11325,
                "y": 433890.5055
            },
            "Distances": [
                0.0
            ],
            "UnitPairs": [
                [
                    0.0,
                    0.0
                ]
            ]
        }
    ],
    "Annual Heating [kWh/m2]": 592.3846490423006,
    "Annual Cooling [kWh/m2]": 2.4410422252115977
}