{
    "Pand ID": "0599100000380258",
    "Archetype ID": "D.1992-2005",
    "Construction Year": 2002,
    "Number of Floors": null,
    "Wall Area": 386.59,
    "Roof Area (Flat)": 58.7,
    "Roof Area (Sloped)": 86.17,
    "Floor Area": 139.16,
    "Shared Wall Area": 0.0,
    "Absolute Height (70%)": 6.653526306152344,
    "Surfaces": [
        {
            "Type": "G",
            "Centroid": {
                "x": 98001.81432638889,
                "y": 437676.4563055556
            },
            "Distances": [
                6.849903915735303,
                9.496765735366688,
                7.517038046210815,
                7.593537997606118,
                7.245813273053703,
                7.277760727759292,
                8.386419007253961,
                4.9886511413164625,
                5.245800626194684,
                8.078838261414319,
                8.034657635551055,
                8.163097491392588,
                6.941839884914984,
                6.875688231296225,
                6.933305431755884,
                5.139445472570402,
                7.554125244513711,
                6.456316750869919
            ],
            "UnitPairs": [
                [
                    -0.7794107705128364,
                    -0.626513248709544
                ],
                [
                    -0.5100566891792683,
                    -0.8601407872107236
                ],
                [
                    0.08848047688596394,
                    -0.9960779112147967
                ],
                [
                    0.26524014388755285,
                    -0.9641823821614406
                ],
                [
                    0.2720344889979981,
                    -0.9622875021507855
                ],
                [
                    0.29735947526481454,
                    -0.9547655955627193
                ],
                [
                    0.6235213273477219,
                    -0.7818063406896459
                ],
                [
                    0.9291311378162767,
                    -0.3697503600271828
                ],
                [
                    0.9392486413795048,
                    -0.34323751203321917
                ],
                [
                    0.4677790282236045,
                    0.8838454507175902
                ],
                [
                    0.46064328798898,
                    0.8875853543354023
                ],
                [
                    0.4518028989594415,
                    0.8921177839791362
                ],
                [
                    -0.35622960625565514,
                    0.9343984522819699
                ],
                [
                    -0.3582025254850734,
                    0.9336439100300046
                ],
                [
                    -0.3865239913747468,
                    0.9222793525238081
                ],
                [
                    -0.4743486241659274,
                    0.8803370847305546
                ],
                [
                    -0.8469397424331208,
                    0.5316888871203903
                ],
                [
                    -0.9509894148342495,
                    0.3092234351940548
                ]
            ]
        },
        {
            "Type": "F",
            "Centroid": {
                "x": 98002.0913263889,
                "y": 437676.33289814816
            },
            "Distances": [
                6.993687653703421,
                9.53666145660897,
                7.374368324312145,
                6.986088233936086,
                7.404788435518792,
                7.055554040048502,
                7.081231219932686,
                6.99253064168091,
                3.393139024785245,
                3.5012871967375805,
                8.118423464706565,
                1.7600117521085745,
                4.685667871761228,
                4.943314602200899,
                8.064014258439945,
                8.02230716772974,
                8.193102080475626,
                8.153669153449865,
                2.8247705179140246,
                7.159052339879346,
                7.093370248247185,
                7.219730232308527,
                7.157205087489723,
                5.382671132077356,
                3.3019371022092114,
                7.854458290323703,
                6.757975650013213
            ],
            "UnitPairs": [
                [
                    -0.802993952114831,
                    -0.5959871750860116
                ],
                [
                    -0.5369687193147981,
                    -0.8436021541446097
                ],
                [
                    0.052629743189971004,
                    -0.9986140946991274
                ],
                [
                    0.06314135984626101,
                    -0.998004593514862
                ],
                [
                    0.23459294296192532,
                    -0.9720936946161429
                ],
                [
                    0.24011028779485724,
                    -0.9707456153365158
                ],
                [
                    0.26649477364833934,
                    -0.963836363506856
                ],
                [
                    0.268302165159754,
                    -0.9633348058544278
                ],
                [
                    0.27824121092944826,
                    -0.9605112329069944
                ],
                [
                    0.41273709635816935,
                    -0.9108502013447806
                ],
                [
                    0.6099843316407101,
                    -0.7924134748682887
                ],
                [
                    0.689263074326114,
                    -0.7245111554493237
                ],
                [
                    0.9300939013118447,
                    -0.3673218408188007
                ],
                [
                    0.9406868640383302,
                    -0.3392760289583273
                ],
                [
                    0.434288804416836,
                    0.9007736865374094
                ],
                [
                    0.42682373530620366,
                    0.9043348378666276
                ],
                [
                    0.4251272688763775,
                    0.9051335842060619
                ],
                [
                    0.4183528969475775,
                    0.9082845664303504
                ],
                [
                    0.2570513627550828,
                    0.9663977426017483
                ],
                [
                    -0.3841135332363381,
                    0.9232858677488227
                ],
                [
                    -0.3862605211644227,
                    0.9223897277126348
                ],
                [
                    -0.410664774650923,
                    0.9117864019938589
                ],
                [
                    -0.4131345759635681,
                    0.910669985309389
                ],
                [
                    -0.5043757685124762,
                    0.8634842697683895
                ],
                [
                    -0.659579156561663,
                    0.7516351084332114
                ],
                [
                    -0.8498216735227898,
                    0.5270703209353804
                ],
                [
                    -0.9495282642641164,
                    0.31368148712280464
                ]
            ]
        },
        {
            "Type": "R",
            "Centroid": {
                "x": 97995.6744375,
                "y": 437678.45275
            },
            "Distances": [
                0.0
            ],