{
    "Pand ID": "0599100000404944",
    "Archetype ID": "D.1992-2005",
    "Construction Year": 2004,
    "Number of Floors": 2,
    "Wall Area": 191.85,
    "Roof Area (Flat)": 21.46,
    "Roof Area (Sloped)": 163.73,
    "Floor Area": 122.15,
    "Shared Wall Area": 0.0,
    "Absolute Height (70%)": 1.8338998556137085,
    "Surfaces": [
        {
            "Type": "G",
            "Centroid": {
                "x": 100375.874435,
                "y": 444734.76165
            },
            "Distances": [
                8.401561982970959,
                7.621493711457672,
                7.764561081841125,
                8.028591921005283,
                8.115357670105059,
                4.27752235221187,
                4.543114688575061,
                4.787263727182928,
                4.823531241090438,
                3.868040665983114,
                3.2777496722062174,
                2.916554116335449,
                2.451208288485305,
                5.03113894397262,
                4.87872222960039,
                6.135912427147667,
                8.357672110918122,
                8.699214520491498,
                6.372150229965958,
                6.02553851811618,
                7.010680599900418,
                7.053868288617884,
                6.814896758817896,
                6.895078940351875,
                9.400801301670496
            ],
            "UnitPairs": [
                [
                    -0.999761713004115,
                    -0.021829274176614146
                ],
                [
                    -0.8983225938653895,
                    -0.43933645119766523
                ],
                [
                    -0.8907857027712115,
                    -0.4544236258585142
                ],
                [
                    -0.777665630715086,
                    -0.628678110645271
                ],
                [
                    -0.7538250621453606,
                    -0.6570751674515961
                ],
                [
                    -0.5284741525257607,
                    -0.8489493919617229
                ],
                [
                    -0.45465724323384676,
                    -0.8906664870617951
                ],
                [
                    -0.3972122925254844,
                    -0.9177267538143632
                ],
                [
                    -0.22360381763602755,
                    -0.97468011816113
                ],
                [
                    0.3938531498394373,
                    -0.919173376660548
                ],
                [
                    0.5560034115652549,
                    -0.8311800083783282
                ],
                [
                    0.5734301279127938,
                    -0.8192544710905866
                ],
                [
                    0.6035554003897902,
                    -0.7973210637254732
                ],
                [
                    0.9897242066751036,
                    -0.14298949164654287
                ],
                [
                    0.9958427168734884,
                    -0.09108942446864705
                ],
                [
                    0.9994340813713248,
                    -0.03363802897697707
                ],
                [
                    0.99578445882454,
                    0.09172410568393745
                ],
                [
                    0.6620643721829902,
                    0.7494469741655797
                ],
                [
                    0.5218709352397506,
                    0.853024458589546
                ],
                [
                    0.48733237555055847,
                    0.8732165571839837
                ],
                [
                    0.33298336256242467,
                    0.9429327018704043
                ],
                [
                    0.3142162440969066,
                    0.9493514375328207
                ],
                [
                    0.27681123673093755,
                    0.9609243150318806
                ],
                [
                    0.2644552753901233,
                    0.9643979507020606
                ],
                [
                    -0.9831672538761561,
                    0.1827078293495331
                ]
            ]
        },
        {
            "Type": "F",
            "Centroid": {
                "x": 100376.22460833334,
                "y": 444735.15365
            },
            "Distances": [
                8.76863265080038,
                6.482692709402888,
                8.110706678912265,
                8.256812308503752,
                8.547771149930087,
                8.637148246455553,
                4.79621476769229,
                5.053232836282547,
                5.288700801180041,
                5.289990784293209,
                4.118072538353701,
                3.4466676802040728,
                3.0797037353656562,
                2.604003871795873,
                4.760810837556849,
                4.5851971928955155,
                5.813148059735477,
                5.799382860649805,
                7.981062646313869,
                4.844094614172813,
                8.173594535519163,
                5.08821870250456,
                5.855776011554357,
                5.513780865329505,
                6.527503363822698,
                6.575023378724529,
                6.711134799527647,
                6.345379329161053,
                6.4286913467097815,
                9.683891168558937
            ],