{
    "Pand ID": "0599100000766108",
    "Archetype ID": "D.2006-2014",
    "Construction Year": 2010,
    "Number of Floors": 3,
    "Wall Area": 303.88,
    "Roof Area (Flat)": 25.38,
    "Roof Area (Sloped)": 73.19,
    "Floor Area": 93.13,
    "Shared Wall Area": 0.0,
    "Absolute Height (70%)": 10.025986671447754,
    "Surfaces": [
        {
            "Type": "G",
            "Centroid": {
                "x": 68779.0485625,
                "y": 445543.87525000004
            },
            "Distances": [
                6.834589462813131,
                9.285006011074538,
                7.496758774651734,
                1.8305058385588178,
                4.213266918297264,
                6.423290560515518,
                3.9781828923235882,
                5.169096112948413
            ],
            "UnitPairs": [
                [
                    -0.9294998674859202,
                    -0.36882244555294763
                ],
                [
                    0.33034442803099645,
                    -0.9438604551886225
                ],
                [
                    0.8938863049264333,
                    -0.44829373614290835
                ],
                [
                    0.9976750478086895,
                    -0.06815056111235725
                ],
                [
                    0.8231735770000659,
                    0.5677898045306173
                ],
                [
                    -0.3242496941994541,
                    0.9459715301273925
                ],
                [
                    -0.7072952843446826,
                    0.7069182277631371
                ],
                [
                    -0.7377982371904147,
                    0.6750213042554409
                ]
            ]
        },
        {
            "Type": "F",
            "Centroid": {
                "x": 68778.3090625,
                "y": 445544.15191666665
            },
            "Distances": [
                6.215027492793864,
                5.728138607160664,
                9.766070477387531,
                8.282243691738662,
                2.596961378750167,
                2.6318275784599146,
                4.709655284921174,
                5.953107373734768,
                2.7465990308277357,
                3.2759267242810624,
                4.512241172976608,
                4.2538448180627615
            ],
            "UnitPairs": [
                [
                    -0.8973813883338891,
                    -0.4412557578909782
                ],
                [
                    -0.8092070248111971,
                    -0.5875236088841117
                ],
                [
                    0.394401208644302,
                    -0.9189383475619645
                ],
                [
                    0.8983978589541218,
                    -0.4391825213127795
                ],
                [
                    0.9879815776194205,
                    -0.15457167361661342
                ],
                [
                    0.9919912768450815,
                    -0.1263063999299515
                ],
                [
                    0.8934305687846685,
                    0.4492013120652071
                ],
                [
                    -0.2256384633564316,
                    0.9742111084637397
                ],
                [
                    -0.44063585052638543,
                    0.8976859401989589
                ],
                [
                    -0.6331796082711035,
                    0.7740048989958991
                ],
                [
                    -0.6482920322463779,
                    0.7613917788667418
                ],
                [
                    -0.6843808659034406,
                    0.729124701532774
                ]
            ]
        },
        {
            "Type": "R",
            "Centroid": {
                "x": 68777.0988125,
                "y": 445546.6175
            },
            "Distances": [
                0.0
            ],
            "UnitPairs": [
                [
                    0.0,
                    0.0
                ]
            ]
        }
    ],
    "Annual Heating [kWh/m2]": 116.2137138406594,
    "Annual Cooling [kWh/m2]": 0.305712785861325
}