{
    "Pand ID": "0599100000216642",
    "Archetype ID": "D.1965-1974",
    "Construction Year": 1971,
    "Number of Floors": null,
    "Wall Area": 270.11,
    "Roof Area (Flat)": 203.2,
    "Roof Area (Sloped)": 0.0,
    "Floor Area": 193.18,
    "Shared Wall Area": 0.0,
    "Absolute Height (70%)": 1.658494472503662,
    "Surfaces": [
        {
            "Type": "G",
            "Centroid": {
                "x": 94768.11195,
                "y": 432575.1242000001
            },
            "Distances": [
                7.671283919970729,
                4.0372081665908235,
                4.58489687782969,
                9.81863282645198,
                3.332171511188031,
                0.3850259471441154,
                12.436847163926283,
                0.8522160406104557,
                12.226768705528926,
                12.682701564734629
            ],
            "UnitPairs": [
                [
                    0.09754560094483757,
                    -0.9952310564568966
                ],
                [
                    0.12664692502840696,
                    -0.9919478597087898
                ],
                [
                    0.4388975485430516,
                    -0.8985371121344403
                ],
                [
                    0.6750736194289328,
                    -0.7377503699430591
                ],
                [
                    0.9970375140790104,
                    0.07691680908063717
                ],
                [
                    0.595544278749489,
                    0.8033224832212472
                ],
                [
                    0.4371927972035927,
                    0.8993678102274388
                ],
                [
                    0.23034065382688557,
                    0.9731100570822413
                ],
                [
                    -0.5236624781419735,
                    0.851925823640889
                ],
                [
                    -0.9999998766248833,
                    0.0004967395879995855
                ]
            ]
        },
        {
            "Type": "F",
            "Centroid": {
                "x": 94768.11195,
                "y": 432575.1242000001
            },
            "Distances": [
                7.671283919970729,
                4.0372081665908235,
                4.58489687782969,
                9.81863282645198,
                3.332171511188031,
                0.3850259471441154,
                12.436847163926283,
                0.8522160406104557,
                12.226768705528926,
                12.682701564734629
            ],
            "UnitPairs": [
                [
                    0.09754560094483757,
                    -0.9952310564568966
                ],
                [
                    0.12664692502840696,
                    -0.9919478597087898
                ],
                [
                    0.4388975485430516,
                    -0.8985371121344403
                ],
                [
                    0.6750736194289328,
                    -0.7377503699430591
                ],
                [
                    0.9970375140790104,
                    0.07691680908063717
                ],
                [
                    0.595544278749489,
                    0.8033224832212472
                ],
                [
                    0.4371927972035927,
                    0.8993678102274388
                ],
                [
                    0.23034065382688557,
                    0.9731100570822413
                ],
                [
                    -0.5236624781419735,
                    0.851925823640889
                ],
                [
                    -0.9999998766248833,
                    0.0004967395879995855
                ]
            ]
        },
        {
            "Type": "R",
            "Centroid": {
                "x": 94773.54925,
                "y": 432586.30950000003
            },
            "Distances": [
                0.0
            ],
            "UnitPairs": [
                [
                    0.0,
                    0.0
                ]
            ]
        }
    ],
    "Annual Heating [kWh/m2]": 643.293112774144,
    "Annual Cooling [kWh/m2]": 2.6862014857203733
}