{
    "Pand ID": "0599100000232509",
    "Archetype ID": "D.1965",
    "Construction Year": 1922,
    "Number of Floors": 3,
    "Wall Area": 308.9,
    "Roof Area (Flat)": 7.37,
    "Roof Area (Sloped)": 91.55,
    "Floor Area": 73.66,
    "Shared Wall Area": 0.0,
    "Absolute Height (70%)": 10.31778335571289,
    "Surfaces": [
        {
            "Type": "G",
            "Centroid": {
                "x": 97014.01900000001,
                "y": 434757.6786666667
            },
            "Distances": [
                2.6694926068168474,
                5.359177559212778,
                4.053395421677122,
                6.3646682116444255,
                8.024136346735016,
                6.583171306055608
            ],
            "UnitPairs": [
                [
                    -0.9732186533794498,
                    -0.22988138835993305
                ],
                [
                    -0.9680589871650519,
                    -0.2507225505792686
                ],
                [
                    -0.8360891665999625,
                    -0.5485935704090783
                ],
                [
                    0.7496070244894496,
                    -0.6618831534614502
                ],
                [
                    0.9698239989601407,
                    0.2438060931169713
                ],
                [
                    -0.20932160746659526,
                    0.9778468513257076
                ]
            ]
        },
        {
            "Type": "F",
            "Centroid": {
                "x": 97015.90286363637,
                "y": 434758.27368181816
            },
            "Distances": [
                6.216637276612103,
                4.641983777707293,
                7.332785451876139,
                5.9789679811470196,
                3.491557340944825,
                3.577990768268088,
                4.668628544116476,
                5.607972971294966,
                3.812127076415645,
                3.5354301437752476,
                3.7057739875879756,
                4.485403816007725,
                4.6916165010292445,
                6.053197482020978,
                5.187677333841193,
                3.445559161900744,
                3.161613674883713,
                3.5871171423266373,
                3.8248687359453393,
                6.691220824374717,
                5.530844661117831,
                5.666719664512831
            ],
            "UnitPairs": [
                [
                    -0.9995538359209866,
                    -0.029868530188837582
                ],
                [
                    -0.9655060963132096,
                    -0.26038044854026043
                ],
                [
                    -0.9644170939912802,
                    -0.2643854550035126
                ],
                [
                    -0.8819019692005934,
                    -0.4714328337315038
                ],
                [
                    -0.8671957355127272,
                    -0.49796742494719487
                ],
                [
                    -0.8431725601760586,
                    -0.5376430356343797
                ],
                [
                    0.39264986415530506,
                    -0.9196880363355938
                ],
                [
                    0.5148270825164044,
                    -0.8572940423843194
                ],
                [
                    0.6597724349746681,
                    -0.7514654576543073
                ],
                [
                    0.8364290180762406,
                    -0.5480752664735165
                ],
                [
                    0.9580013178175034,
                    -0.28676379663396645
                ],
                [
                    0.9977109190648417,
                    0.06762338337283229
                ],
                [
                    0.981993383865261,
                    0.18891530918603225
                ],
                [
                    0.974383601585725,
                    0.22489241196810333
                ],
                [
                    0.931849853518808,
                    0.3628441132180265
                ],
                [
                    0.8718864551389031,
                    0.4897080858484139
                ],
                [
                    0.6357944297887346,
                    0.7718584345912259
                ],
                [
                    0.5759879818996515,
                    0.8174581608297558
                ],
                [
                    0.504105237787599,
                    0.8636422345132899
                ],
                [
                    -0.48748408130246773,
                    0.8731318746195725
                ],
                [
                    -0.8459582438205546,
                    0.5332491441268736
                ],
                [
                    -0.9776138514573344,
                    0.21040712307038736
                ]
            ]
        },
        {
            "Type": "R",
            "Centroid": {
                "x": 97011.224,
                "y": 434761.223
            },
            "Distances": [
                0.0
            ],
            "UnitPairs": [
                [
                    0.0,
                    0.0
                ]
            ]
        }
    ],
    "Annual Heating [kWh/m2]": 333.20820937753865,
    "Annual Cooling [kWh/m2]": 1.7707130283818004
}