{
    "Pand ID": "0599100000612858",
    "Archetype ID": "D.1965",
    "Construction Year": 1930,
    "Number of Floors": 4,
    "Wall Area": 579.96,
    "Roof Area (Flat)": 7.13,
    "Roof Area (Sloped)": 150.14,
    "Floor Area": 142.91,
    "Shared Wall Area": 0.0,
    "Absolute Height (70%)": 14.126777648925781,
    "Surfaces": [
        {
            "Type": "G",
            "Centroid": {
                "x": 97587.98611111111,
                "y": 435121.12413888884
            },
            "Distances": [
                7.823730033410085,
                8.035259013433333,
                7.2619987814693125,
                8.013179038450104,
                5.9027464861627905,
                6.653591634254441,
                6.365793454220531,
                3.107850037862042,
                5.412041786823166,
                8.370715585516786,
                5.314582713023546,
                10.723039664021988,
                5.587548803896001,
                6.843266883309444,
                6.793478692635617,
                5.535060520819301,
                8.824654571291259,
                7.941719144465298
            ],
            "UnitPairs": [
                [
                    -0.8008470492153126,
                    -0.5988689370497745
                ],
                [
                    -0.7823781536596522,
                    -0.6228036806860678
                ],
                [
                    -0.705812719797401,
                    -0.7083984786631006
                ],
                [
                    -0.6534998264704935,
                    -0.7569266654062565
                ],
                [
                    -0.2364341945525493,
                    -0.9716475038028387
                ],
                [
                    -0.22342986958362065,
                    -0.9747200076831533
                ],
                [
                    0.3321485222693062,
                    -0.9432270983990634
                ],
                [
                    0.8505522649684895,
                    -0.525890525258796
                ],
                [
                    0.9374260378487542,
                    -0.348184467722479
                ],
                [
                    0.9992441868844808,
                    -0.03887229061391834
                ],
                [
                    0.9999635297546485,
                    -0.008540442648017791
                ],
                [
                    0.8536188595484533,
                    0.5208981115565674
                ],
                [
                    0.3728627636210748,
                    0.927886501413214
                ],
                [
                    0.33220812919562737,
                    0.9432061062654022
                ],
                [
                    -0.09208994970315472,
                    0.9957506922737591
                ],
                [
                    -0.13470694824475832,
                    0.9908854818265247
                ],
                [
                    -0.5492125580611306,
                    0.8356826946083958
                ],
                [
                    -0.6302931418309922,
                    0.776357234371405
                ]
            ]
        },
        {
            "Type": "F",
            "Centroid": {
                "x": 97588.45922580645,
                "y": 435121.3430080645
            },
            "Distances": [
                7.891595313570841,
                7.8696080063782015,
                8.176138096571895,
                8.04825534367511,
                5.215399893079481,
                3.6285618736303524,
                2.495536624669262,
                8.334396958267646,
                8.542617736180276,
                4.8085517650331555,
                7.753081176036533,
                8.128498731356622,
                4.765983381550612,
                7.790598439445497,
                5.560164659893893,
                7.898587234618324,
                2.7340585122324983,
                4.5577469016314245,
                6.240618978788665,
                5.0233961311084006,
                6.984812197328687,
                6.122951771803602,
                3.453277575385548,
                4.912050486359814,
                6.327600945238864,
                5.448847529522322,
                2.8538842879017925,
                3.1457749924318303,
                5.058282034610981,
                2.782956483129508,
                4.839792382233824,
                7.910020558670096,
                4.848481013859145,
                7.963274197730822,
                9.91954905712893,
                3.570946790492663,
                5.661546544087078,
                9.820707934543572,
                5.9677941010254445,
                10.09274109541848,
                9.95877570755512,
                6.482988350148236,
                5.515141999166776,
                5.461004012011678,
                5.419153943600546,
                6.2325673899802405,
                6.010064337058561,
                7.07556273698851,
                5.220304200729872,
                6.490413288694196,
                3.497711202795676,
                3.8924242814757832,
                6.637313905779184,
                2.566639615514902,
                5.404935774107812,
                5.08984617107341,
                8.893642811857244,
                8.224299363050088,
                8.15130122877121,
                3.665779367005254,
                2.41012231249347,
                8.085800894761432
            ],