{
    "Pand ID": "0599100000140048",
    "Archetype ID": "D.1965",
    "Construction Year": 1937,
    "Number of Floors": 2,
    "Wall Area": 474.63,
    "Roof Area (Flat)": 6.44,
    "Roof Area (Sloped)": 405.47,
    "Floor Area": 309.34,
    "Shared Wall Area": 0.0,
    "Absolute Height (70%)": 3.1880884170532227,
    "Surfaces": [
        {
            "Type": "G",
            "Centroid": {
                "x": 96795.52009868421,
                "y": 442590.05234210525
            },
            "Distances": [
                10.273764038159944,
                15.06556156956578,
                19.09127702948166,
                18.970926395452327,
                19.965766879621487,
                16.14276350946485,
                11.951815245809836,
                7.556351628558794,
                15.555128844067443,
                14.318868548627972,
                14.514911016909883,
                9.614237481732015,
                9.474641972799528,
                9.880012917469337,
                9.84571805871342,
                6.78732368671771,
                6.790625196938543,
                7.160290396730415,
                5.1106313841158215
            ],
            "UnitPairs": [
                [
                    0.2517603388770748,
                    -0.9677896113146186
                ],
                [
                    0.33948461145503567,
                    -0.9406116087871887
                ],
                [
                    0.37773933638142015,
                    -0.9259119794829983
                ],
                [
                    0.5885071758264375,
                    -0.808491993776556
                ],
                [
                    0.7608285926297899,
                    -0.6489528893817895
                ],
                [
                    0.8111081047622994,
                    -0.5848962663489231
                ],
                [
                    0.892795453772913,
                    -0.4504622933414276
                ],
                [
                    0.4551834648342138,
                    0.8903976714600729
                ],
                [
                    -0.11375500016410171,
                    0.9935088323400377
                ],
                [
                    -0.39908695752008333,
                    0.9169130822151919
                ],
                [
                    -0.6716867690643984,
                    0.740835261217924
                ],
                [
                    -0.7277200815459829,
                    0.6858742471581128
                ],
                [
                    -0.7304206010185209,
                    0.682997617571059
                ],
                [
                    -0.7409376632755232,
                    0.6715738076636157
                ],
                [
                    -0.7930832101462426,
                    0.6091133078369991
                ],
                [
                    -0.8292625995163251,
                    0.5588591423994305
                ],
                [
                    -0.8297429943181703,
                    0.5581456471029015
                ],
                [
                    -0.8782428275648203,
                    0.4782149473102542
                ],
                [
                    -0.9080039892197269,
                    0.41896152038231615
                ]
            ]
        },
        {
            "Type": "F",
            "Centroid": {
                "x": 96797.36777884616,
                "y": 442587.8795512821
            },
            "Distances": [
                7.805100291802481,
                12.434850958504066,
                16.405683518802046,
                16.128304235552143,
                11.912953497207617,
                11.917192236237824,
                11.924946921377813,
                12.667940763240479,
                11.930752300759512,
                12.646282799371118,
                7.172841464009462,
                7.2030229907792815,
                7.216231248852128,
                7.319326219551804,
                17.155969967916057,
                8.145907906185524,
                7.799020924781019,
                13.089026501997717,
                13.390599772126263,
                9.389007646729976,
                9.042171324255996,
                17.99425250048246,
                7.052132885265125,
                17.06856190071498,
                11.945940814728933,
                9.832510688340406,
                17.365889772478194,
                12.25674729512983,
                12.453049709912111,
                12.312529037851084,
                12.713575640394993,
                12.633427247814359,
                12.85365134195124,
                12.648690412614714,
                9.966734646482575,
                9.564801118480949,
                9.56762162662349,
                9.87536502413232,
                7.791424380217788
            ],