{
    "Pand ID": "0599100000129713",
    "Archetype ID": "D.1965-1974",
    "Construction Year": 1969,
    "Number of Floors": 2,
    "Wall Area": 425.15,
    "Roof Area (Flat)": 182.69,
    "Roof Area (Sloped)": 3.39,
    "Floor Area": 188.26,
    "Shared Wall Area": 0.0,
    "Absolute Height (70%)": 4.243760108947754,
    "Surfaces": [
        {
            "Type": "G",
            "Centroid": {
                "x": 98048.56048750001,
                "y": 437547.9504
            },
            "Distances": [
                10.816296174018847,
                11.159524695276676,
                5.477037796509863,
                5.374774444065601,
                7.5276608401571785,
                8.228424826469865,
                9.719550145169219,
                10.465146841985806,
                8.88412804526172,
                9.463768864722894,
                9.475818715288298,
                9.804751201609722,
                3.9612610776494677,
                4.874232249861284,
                7.946668926367419,
                4.2177996544689895,
                4.366793254252249,
                10.920453586092538,
                10.80322592680424,
                10.864293176534021
            ],
            "UnitPairs": [
                [
                    -0.6435705798009974,
                    -0.7653867707339916
                ],
                [
                    -0.6183103840373763,
                    -0.785934010583301
                ],
                [
                    -0.33029715463412346,
                    -0.9438769992115509
                ],
                [
                    -0.29192852952888815,
                    -0.9564401359453194
                ],
                [
                    -0.20445262249282564,
                    -0.9788764606199324
                ],
                [
                    -0.17622449382406433,
                    -0.9843500026801709
                ],
                [
                    0.9180414594010515,
                    -0.39648439921488393
                ],
                [
                    0.9335702735474716,
                    -0.3583943977638311
                ],
                [
                    0.9939017036898972,
                    -0.1102696848744919
                ],
                [
                    0.9953698293614974,
                    -0.09611921138286417
                ],
                [
                    0.8559629773099479,
                    0.5170371180821448
                ],
                [
                    0.8179656816452875,
                    0.5752670194358096
                ],
                [
                    0.28297806633018174,
                    0.9591263806068683
                ],
                [
                    0.2053554177717734,
                    0.9786874641027034
                ],
                [
                    -0.4176655691534795,
                    0.9086008322380625
                ],
                [
                    -0.6093343000031429,
                    0.7929134321221201
                ],
                [
                    -0.6524352846863168,
                    0.7578444426769155
                ],
                [
                    -0.7995134937559643,
                    0.6006481276938533
                ],
                [
                    -0.8061527231784189,
                    0.5917075180458836
                ],
                [
                    -0.8089849801725074,
                    0.5878293135386222
                ]
            ]
        },
        {
            "Type": "F",
            "Centroid": {
                "x": 98048.14100892858,
                "y": 437548.2622738096
            },
            "Distances": [
                10.79765048876458,
                11.157510689768667,
                5.654910435165584,
                5.572390004591917,
                7.761693511923549,
                8.474420940031344,
                10.229005827557769,
                10.969437283439053,
                9.339162845160383,
                9.914962179943323,
                9.68571883804953,
                9.980812247725174,
                3.812533326083263,
                4.679276361508159,
                7.492299896748955,
                3.717642978401712,
                3.85845575830587,
                10.397748716072511,
                10.454234452193118,
                10.280524557226341,
                10.34161432688933
            ],
            "UnitPairs": [
                [
                    -0.605832855525754,
                    -0.7955919501638454
                ],
                [
                    -0.5808259215488281,
                    -0.8140277936636775
                ],
                [
                    -0.24572828243826075,
                    -0.969338749462716
                ],
                [
                    -0.20629773357982767,
                    -0.9784892667371607
                ],
                [
                    -0.1442431895631374,
                    -0.9895422690641632
                ],
                [
                    -0.12160965756497866,
                    -0.9925780025705428
                ],
                [
                    0.9133271335381308,
                    -0.40722665328170937
                ],
                [
                    0.9288925501042619,
                    -0.37034933557494276
                ],
                [
                    0.9903916148344342,
                    -0.13829117566078403
                ],
                [
                    0.9923818561138923,
                    -0.12320004730496585
                ],
                [
                    0.880722299919728,
                    0.4736330123883943
                ],
                [
                    0.8455653069063575,
                    0.5338719994121788
                ],
                [
                    0.4040433065538892,
                    0.9147398572430305
                ],
                [
                    0.3035573156368183,
                    0.9528131800743361
                ],
                [
                    -0.3870068561762156,
                    0.9220768369678322
                ],
                [
                    -0.5784771267892466,
                    0.8156986047442143
                ],
                [
                    -0.6296745591391164,
                    0.7768590281209065
                ],
                [
                    -0.7993625981491175,
                    0.6008489299984584
                ],
                [
                    -0.8025046182903856,
                    0.5966459063989316
                ],
                [
                    -0.8063373986829054,
                    0.59145583054467
                ],
                [
                    -0.809309955294848,
                    0.5873818147173533
                ]
            ]
        },
        {
            "Type": "R",
            "Centroid": {
                "x": 98056.6714375,
                "y": 437552.84975
            },
            "Distances": [
                0.0
            ],
            "UnitPairs": [
                [
                    0.0,
                    0.0
                ]
            ]
        }
    ],
    "Annual Heating [kWh/m2]": 357.14122096989246,
    "Annual Cooling [kWh/m2]": 1.5002758181844713
}