{
    "Pand ID": "0599100000282954",
    "Archetype ID": "D.1965",
    "Construction Year": 1916,
    "Number of Floors": 3,
    "Wall Area": 215.98,
    "Roof Area (Flat)": 7.35,
    "Roof Area (Sloped)": 97.08,
    "Floor Area": 74.96,
    "Shared Wall Area": 0.0,
    "Absolute Height (70%)": 6.7104339599609375,
    "Surfaces": [
        {
            "Type": "G",
            "Centroid": {
                "x": 86225.75825,
                "y": 433580.2393
            },
            "Distances": [
                6.628676416910093,
                4.877090858313142,
                4.765303772089583,
                5.295387185123923,
                5.369097507058025,
                5.029568255833201,
                5.587187757747645,
                5.304686610930334,
                5.592835223759711,
                5.942333753683588,
                5.637019730309027,
                4.913353075023589,
                4.746744509656322,
                5.751863005986113,
                6.022891219314047,
                5.827658195169636,
                5.681580998251959,
                5.105406843712877,
                5.533121636092147,
                6.86636777633442
            ],
            "UnitPairs": [
                [
                    -0.8882617931041475,
                    -0.4593375522547713
                ],
                [
                    -0.8318483534268025,
                    -0.5550029881911606
                ],
                [
                    -0.8261802790127235,
                    -0.5634058453463706
                ],
                [
                    -0.708163514565034,
                    -0.7060484662109952
                ],
                [
                    -0.6941576298622945,
                    -0.7198230233216786
                ],
                [
                    0.8811889559030333,
                    -0.47276423722033173
                ],
                [
                    0.9149504583803459,
                    -0.40356617636961944
                ],
                [
                    0.9450134131726037,
                    -0.32703157175396075
                ],
                [
                    0.9696334297418627,
                    -0.2445628997354916
                ],
                [
                    0.9864811104516765,
                    -0.1638750094493577
                ],
                [
                    0.9655811511060493,
                    0.2601019812087503
                ],
                [
                    0.9327642304591995,
                    0.3604870183180769
                ],
                [
                    0.9212629816310645,
                    0.3889402507792693
                ],
                [
                    0.6841261684957405,
                    0.7293636853993607
                ],
                [
                    0.6387297827425205,
                    0.7694311305358605
                ],
                [
                    -0.8557468253933085,
                    0.5173947920391877
                ],
                [
                    -0.8707083471171405,
                    0.4917997298296707
                ],
                [
                    -0.9339118597116329,
                    0.3575033402500725
                ],
                [
                    -0.9495544008520177,
                    0.313602359402103
                ],
                [
                    -0.9769357276664483,
                    0.2135335664686632
                ]
            ]
        },
        {
            "Type": "F",
            "Centroid": {
                "x": 86225.50482692308,
                "y": 433580.3874230769
            },
            "Distances": [
                6.476358149228668,
                4.755815722348862,
                4.646955143754605,
                5.228213957461537,
                5.140326840862574,
                5.307474753762685,
                5.322919950571465,
                5.878928823191251,
                4.86893813572559,
                5.592907234954866,
                5.8753554550684,
                6.217484282279604,
                5.846927624527141,
                5.101506334133421,
                4.928210194733212,
                5.824235528596379,
                6.081805484733309,
                6.077693277023338,
                5.534155813625862,
                5.261154651002419,
                5.3880782673972005,
                4.8160140988443185,
                5.246387587979275,
                5.315337057147142,
                6.5877833928460845,
                0.6706684038971861
            ],
            "UnitPairs": [
                [
                    -0.8700224405809701,
                    -0.4930121224529193
                ],
                [
                    -0.7997738232798444,
                    -0.6003014506032284
                ],
                [
                    -0.7926861372941459,
                    -0.6096299596818436
                ],
                [
                    -0.668789944620848,
                    -0.7434514173596303
                ],
                [
                    -0.6586306723064528,
                    -0.752466369678506
                ],
                [
                    -0.6544688546305448,
                    -0.7560889619076466
                ],
                [
                    0.8802354948849136,
                    -0.4745371150339152
                ],
                [
                    0.912653178546073,
                    -0.40873484765768353
                ],
                [
                    0.9275991912467757,
                    -0.3735769537837252
                ],
                [
                    0.9416253221607636,
                    -0.33666266895163505
                ],
                [
                    0.9661412182341736,
                    -0.25801384929686777
                ],
                [
                    0.9835848068584802,
                    -0.18044646773258344
                ],
                [
                    0.9742592080372028,
                    0.22543068902596752
                ],
                [
                    0.9480382381498353,
                    0.3181564065137713
                ],
                [
                    0.9387633429017477,
                    0.3445626010232907
                ],
                [
                    0.719136967651173,
                    0.6948683485074534
                ],
                [
                    0.675033604285411,
                    0.7377869835429783
                ],
                [
                    0.6746676559706066,
                    0.7381216390183445
                ],
                [
                    -0.8553385705938444,
                    0.5180694255160007
                ],
                [
                    -0.8601870165913811,
                    0.5099787216027932
                ],
                [
                    -0.8711040727595205,
                    0.4910984569531613
                ],
                [
                    -0.9374094075339986,
                    0.34822923867297223
                ],
                [
                    -0.9531466822113894,
                    0.3025085158957027
                ],
                [
                    -0.9611012186332064,
                    0.27619639306436555
                ],
                [
                    -0.979779773889443,
                    0.20007897110179199
                ],
                [
                    -0.9998635975380078,
                    0.016516244075235678
                ]
            ]
        },
        {
            "Type": "R",
            "Centroid": {
                "x": 86226.75425,
                "y": 433580.7545
            },