{
    "Pand ID": "0599100000292959",
    "Archetype ID": "D.1965-1974",
    "Construction Year": 1974,
    "Number of Floors": 2,
    "Wall Area": 318.53,
    "Roof Area (Flat)": 238.98,
    "Roof Area (Sloped)": 0.0,
    "Floor Area": 242.12,
    "Shared Wall Area": 0.0,
    "Absolute Height (70%)": 2.2138874530792236,
    "Surfaces": [
        {
            "Type": "G",
            "Centroid": {
                "x": 94671.17371666667,
                "y": 432615.46476666664
            },
            "Distances": [
                12.4931156837888,
                10.652500342878522,
                11.599971940563268,
                11.427681107200135,
                7.041789660401593,
                6.882728980687095,
                9.311815982296192,
                11.41001874184997,
                11.147213213275307,
                6.539877146329178,
                8.813029900273111,
                6.543774952006481,
                8.333017254064252,
                7.170872356737017,
                10.629058736473795
            ],
            "UnitPairs": [
                [
                    -0.9176627317674014,
                    -0.3973601775784664
                ],
                [
                    -0.7400578655636012,
                    -0.6725431998150354
                ],
                [
                    -0.7245247410715739,
                    -0.6892487936697232
                ],
                [
                    -0.3477929274874849,
                    -0.9375713730643045
                ],
                [
                    -0.22742324663286093,
                    -0.9737960088699116
                ],
                [
                    -0.21989339852224976,
                    -0.9755239070808747
                ],
                [
                    0.2423301037760384,
                    -0.9701938573315615
                ],
                [
                    0.9224816866187616,
                    0.38604084997964233
                ],
                [
                    0.9089745696489937,
                    0.41685157038378395
                ],
                [
                    0.5422935712664678,
                    0.8401890754842392
                ],
                [
                    0.537673579568296,
                    0.8431530832738591
                ],
                [
                    0.48496981583411686,
                    0.8745308900946969
                ],
                [
                    0.1865510757907342,
                    0.9824452636769744
                ],
                [
                    0.12488485204836118,
                    0.9921712421396112
                ],
                [
                    -0.18641976827914797,
                    0.9824701878401954
                ]
            ]
        },
        {
            "Type": "F",
            "Centroid": {
                "x": 94671.24082692308,
                "y": 432616.5628846154
            },
            "Distances": [
                13.028037978048838,
                1.4934373425478893,
                2.6541298189882583,
                11.466414999557438,
                12.428083493721184,
                2.82212074167597,
                7.753544892707629,
                12.48466156234738,
                8.128486533560897,
                7.970669782904276,
                10.366233231194519,
                1.0191005177774466,
                10.96869721333985,
                10.67264788443786,
                2.1292085429093883,
                5.606836165646516,
                7.869193807088727,
                8.31979408148863,
                5.5710799481318976,
                2.363819127056114,
                2.5944279234883227,
                7.462238699211112,
                7.242989402261349,
                6.073380070551433,
                9.688070373296348,
                9.566530410590618
            ],
            "UnitPairs": [
                [
                    -0.8851353475104914,
                    -0.46533366156714
                ],
                [
                    -0.8434079470210795,
                    -0.5372737057605629
                ],
                [
                    -0.8294910472456175,
                    -0.5585200108674431
                ],
                [
                    -0.693379484641138,
                    -0.7205726127731958
                ],
                [
                    -0.6816478926426917,
                    -0.7316803608514973
                ],
                [
                    -0.4303773772497695,
                    -0.9026490531494561
                ],
                [
                    -0.43020024637002396,
                    -0.9027334867075502
                ],
                [
                    -0.3237233867247097,
                    -0.9461517684216861
                ],
                [
                    -0.20527522758306382,
                    -0.9787042867693598
                ],
                [
                    -0.19829913496972035,
                    -0.98014154746662
                ],
                [
                    0.21120719822667708,
                    -0.977441312518167
                ],
                [
                    0.5420692731343137,
                    -0.8403338045822248
                ],
                [
                    0.9534790571304889,
                    0.3014592636054724
                ],
                [
                    0.9431045777862571,
                    0.3324962486383954
                ],
                [
                    0.8258576092836443,
                    0.5638787185098438
                ],
                [
                    0.6205679948768857,
                    0.7841526405837587
                ],
                [
                    0.5936342643773513,
                    0.8047349626784964
                ],
                [
                    0.589969298380032,
                    0.8074256789135286
                ],
                [
                    0.5575980071813184,
                    0.8301111144825267
                ],
                [
                    0.4486058450016425,
                    0.8937297107237524
                ],
                [
                    0.41990878492175254,
                    0.9075663129190822
                ],
                [
                    0.2156756359312475,
                    0.9764650634127429
                ],
                [
                    0.2053603828904821,
                    0.9786864222717482
                ],
                [
                    0.13640231095321972,
                    0.9906535264998662
                ],
                [
                    -0.20237021899509391,
                    0.9793090903610964
                ],
                [
                    -0.2141400105538121,
                    0.9768029770020223
                ]
            ]
        },
        {
            "Type": "R",
            "Centroid": {
                "x": 94669.03925,
                "y": 432615.08050000004
            },
            "Distances": [
                0.0
            ],
            "UnitPairs": [
                [
                    0.0,
                    0.0
                ]
            ]
        }
    ],
    "Annual Heating [kWh/m2]": 320.1640691024411,
    "Annual Cooling [kWh/m2]": 1.321913308462674
}