{
    "Pand ID": "0599100000751877",
    "Archetype ID": "D.2006-2014",
    "Construction Year": 2008,
    "Number of Floors": 3,
    "Wall Area": 224.34,
    "Roof Area (Flat)": 0.0,
    "Roof Area (Sloped)": 111.36,
    "Floor Area": 79.09,
    "Shared Wall Area": 0.0,
    "Absolute Height (70%)": 6.448569297790527,
    "Surfaces": [
        {
            "Type": "G",
            "Centroid": {
                "x": 97056.497125,
                "y": 437401.429
            },
            "Distances": [
                6.157050115526476,
                5.919594549054193,
                6.245210254667215,
                7.631678689860966,
                7.539083274846835,
                6.952432353139329,
                7.104922246240254,
                7.023021402861535,
                5.240102873512942,
                5.351913968364389,
                5.047330990220196,
                5.540306004619457
            ],
            "UnitPairs": [
                [
                    -0.9163073053065142,
                    -0.4004758697373847
                ],
                [
                    -0.9027222989205909,
                    -0.43022372206971965
                ],
                [
                    -0.9008103443415203,
                    -0.4342127629714628
                ],
                [
                    0.6834996875513444,
                    -0.729950804587004
                ],
                [
                    0.6979960040461588,
                    -0.716101653632775
                ],
                [
                    0.9880355034165283,
                    0.15422659948415995
                ],
                [
                    0.9873788560773604,
                    0.1583761174273546
                ],
                [
                    0.9845121641213301,
                    0.1753162818939962
                ],
                [
                    -0.6524203975608545,
                    0.757857258886221
                ],
                [
                    -0.6970870649342773,
                    0.7169864879489114
                ],
                [
                    -0.7078493577922097,
                    0.7063634239349855
                ],
                [
                    -0.7118289128259352,
                    0.7023529019410735
                ]
            ]
        },
        {
            "Type": "F",
            "Centroid": {
                "x": 97056.56731617647,
                "y": 437401.25319117645
            },
            "Distances": [
                1.4459853167696317,
                6.153868912743039,
                6.296049083804412,
                5.910340186885668,
                6.234961390120366,
                7.455689888452467,
                7.240676029213548,
                7.364549501472729,
                6.912658801990247,
                7.0658754676716065,
                7.099495135809541,
                6.987199418424217,
                5.419484054678084,
                5.8236722704096096,
                5.527367813714504,
                5.22173740591897,
                5.714253340748921
            ],
            "UnitPairs": [
                [
                    -0.9992779039370876,
                    -0.03799566689901215
                ],
                [
                    -0.9281870084435081,
                    -0.3721140649810098
                ],
                [
                    -0.9167560639445362,
                    -0.39944751747998336
                ],
                [
                    -0.9160117700991425,
                    -0.40115138917849424
                ],
                [
                    -0.9135487487532372,
                    -0.4067292510397977
                ],
                [
                    0.690219000592462,
                    -0.7236005329055134
                ],
                [
                    0.6978711384323316,
                    -0.7162233409650661
                ],
                [
                    0.7050069827759047,
                    -0.7092003625472955
                ],
                [
                    0.9835663842642716,
                    0.18054685747834878
                ],
                [
                    0.9829013906782929,
                    0.18413271355920957
                ],
                [
                    0.981063961631881,
                    0.19368402925166292
                ],
                [
                    0.9795138815528315,
                    0.20137665168858437
                ],
                [
                    -0.6437773672316063,
                    0.7652128471479955
                ],
                [
                    -0.6798015054162789,
                    0.7333961502719801
                ],
                [
                    -0.6876584487528107,
                    0.7260343365563905
                ],
                [
                    -0.6976492483785103,
                    0.7164394784187283
                ],
                [
                    -0.7024436854846257,
                    0.7117393263848615
                ]
            ]
        },
        {
            "Type": "R",
            "Centroid": {
                "x": 97059.279375,
                "y": 437400.10524999996
            },
            "Distances": [
                0.0
            ],
            "UnitPairs": [
                [
                    0.0,
                    0.0
                ]
            ]
        }
    ],
    "Annual Heating [kWh/m2]": 114.61390662411748,
    "Annual Cooling [kWh/m2]": 0.2969189047336903
}