{
    "Pand ID": "0599100000067794",
    "Archetype ID": "D.1965",
    "Construction Year": 1961,
    "Number of Floors": 2,
    "Wall Area": 234.04,
    "Roof Area (Flat)": 177.64,
    "Roof Area (Sloped)": 0.0,
    "Floor Area": 174.17,
    "Shared Wall Area": 0.0,
    "Absolute Height (70%)": -1.1824332475662231,
    "Surfaces": [
        {
            "Type": "G",
            "Centroid": {
                "x": 94950.61493269232,
                "y": 441495.39934615383
            },
            "Distances": [
                8.975268354824152,
                5.855111025306636,
                10.678831636392987,
                10.826356783112333,
                10.632681109671513,
                10.669783093974681,
                4.893487725337148,
                4.534130444495506,
                10.409895342461303,
                10.19826600093658,
                10.134340347189804,
                7.70490815368365,
                10.499252960758618
            ],
            "UnitPairs": [
                [
                    -0.4818026070480298,
                    -0.8762797771498106
                ],
                [
                    0.009511742380193401,
                    -0.9999547623552242
                ],
                [
                    0.20373879669339282,
                    -0.9790252819625896
                ],
                [
                    0.6506983326718292,
                    -0.7593363417209145
                ],
                [
                    0.6548388158987843,
                    -0.7557685658932092
                ],
                [
                    0.6637147395893935,
                    -0.7479857916108991
                ],
                [
                    0.38555165836361566,
                    0.9226862515140591
                ],
                [
                    0.314435661951643,
                    0.9492787864969027
                ],
                [
                    -0.0780322631097127,
                    0.9969508342511062
                ],
                [
                    -0.29253087652701254,
                    0.9562560777732803
                ],
                [
                    -0.48294289757834186,
                    0.8756518472992764
                ],
                [
                    -0.504134197946354,
                    0.8636253299093227
                ],
                [
                    -0.9271428861363583,
                    0.37470797787976645
                ]
            ]
        },
        {
            "Type": "F",
            "Centroid": {
                "x": 94950.61493269232,
                "y": 441495.39934615383
            },
            "Distances": [
                8.975268354824152,
                5.855111025306636,
                10.678831636392987,
                10.826356783112333,
                10.632681109671513,
                10.669783093974681,
                4.893487725337148,
                4.534130444495506,
                10.409895342461303,
                10.19826600093658,
                10.134340347189804,
                7.70490815368365,
                10.499252960758618
            ],
            "UnitPairs": [
                [
                    -0.4818026070480298,
                    -0.8762797771498106
                ],
                [
                    0.009511742380193401,
                    -0.9999547623552242
                ],
                [
                    0.20373879669339282,
                    -0.9790252819625896
                ],
                [
                    0.6506983326718292,
                    -0.7593363417209145
                ],
                [
                    0.6548388158987843,
                    -0.7557685658932092
                ],
                [
                    0.6637147395893935,
                    -0.7479857916108991
                ],
                [
                    0.38555165836361566,
                    0.9226862515140591
                ],
                [
                    0.314435661951643,
                    0.9492787864969027
                ],
                [
                    -0.0780322631097127,
                    0.9969508342511062
                ],
                [
                    -0.29253087652701254,
                    0.9562560777732803
                ],
                [
                    -0.48294289757834186,
                    0.8756518472992764
                ],
                [
                    -0.504134197946354,
                    0.8636253299093227
                ],
                [
                    -0.9271428861363583,
                    0.37470797787976645
                ]
            ]
        },
        {
            "Type": "R",
            "Centroid": {
                "x": 94949.506825,
                "y": 441496.0619
            },
            "Distances": [
                9.113752970063036,
                6.6204934257303245,
                11.592235556602962,
                12.100122379544802,
                4.879687879350226,
                4.436371603039485,
                10.022780103380992,
                9.042438000929481,
                6.603526103534574,
                9.225762461727344
            ],
            "UnitPairs": [
                [
                    -0.35289523542715157,
                    -0.9356628414192878
                ],
                [
                    0.175787501800355,
                    -0.9844281356253437
                ],
                [
                    0.2832758171597232,
                    -0.959038482758899
                ],
                [
                    0.6838608520181367,
                    -0.7296124554015154
                ],
                [
                    0.6137277780969835,
                    0.7895177099927143
                ],
                [
                    0.5711424169852508,
                    0.8208509849663617
                ],
                [
                    0.015345043831517875,
                    0.9998822578833013
                ],
                [
                    -0.4187145103580577,
                    0.9081179212060579
                ],
                [
                    -0.42041175524497315,
                    0.9073334315739946
                ],
                [
                    -0.9350121505712062,
                    0.35461567687315804
                ]
            ]
        }
    ],
    "Annual Heating [kWh/m2]": 315.3483723042547,
    "Annual Cooling [kWh/m2]": 1.1958537959534596
}