{
    "Pand ID": "0599100000315532",
    "Archetype ID": "D.1992-2005",
    "Construction Year": 1998,
    "Number of Floors": 3,
    "Wall Area": 445.61,
    "Roof Area (Flat)": 173.44,
    "Roof Area (Sloped)": 0.0,
    "Floor Area": 140.83,
    "Shared Wall Area": 0.0,
    "Absolute Height (70%)": 4.769171237945557,
    "Surfaces": [
        {
            "Type": "G",
            "Centroid": {
                "x": 96236.20165131579,
                "y": 437806.14039473684
            },
            "Distances": [
                8.654763736848125,
                7.974354293170736,
                5.440665228647056,
                6.458891625105139,
                9.837042314574159,
                10.279169904187944,
                7.809736883057698,
                7.879549387594059,
                3.187044600908363,
                3.7855894658382714,
                4.065321865139227,
                4.015973529987244,
                8.47545877499446,
                8.343056746026221,
                7.992792310593078,
                8.23007949529859,
                6.480954078029946,
                5.904744664359826,
                8.938411564046554
            ],
            "UnitPairs": [
                [
                    -0.8981789165063913,
                    -0.4396301103693935
                ],
                [
                    -0.8492883645234107,
                    -0.527929231891122
                ],
                [
                    -0.32946822501465317,
                    -0.9441666636276108
                ],
                [
                    -0.3089580119317867,
                    -0.9510756788306376
                ],
                [
                    -0.27137489403896925,
                    -0.9624737226986191
                ],
                [
                    0.11999740209704976,
                    -0.9927742056932981
                ],
                [
                    0.21453650863026322,
                    -0.9767159702107553
                ],
                [
                    0.2269766450147719,
                    -0.9739002015698724
                ],
                [
                    0.9926041459610121,
                    -0.12139608486689253
                ],
                [
                    0.9260047123038198,
                    0.37751195052755604
                ],
                [
                    0.8841793598298656,
                    0.4671475780209603
                ],
                [
                    0.8791078073250856,
                    0.47662297793967096
                ],
                [
                    0.540439615816381,
                    0.8413828032805535
                ],
                [
                    0.4731447722807499,
                    0.8809846902548293
                ],
                [
                    0.2699274046388569,
                    0.9628806760055634
                ],
                [
                    -0.06227477098796327,
                    0.9980590427917563
                ],
                [
                    -0.13216052844493195,
                    0.9912283262302164
                ],
                [
                    -0.16470251823831256,
                    0.9863432873426767
                ],
                [
                    -0.6524119273319269,
                    0.7578645506124696
                ]
            ]
        },
        {
            "Type": "F",
            "Centroid": {
                "x": 96236.044725,
                "y": 437805.90374
            },
            "Distances": [
                1.8767829436475358,
                8.411000669210482,
                8.537160863979281,
                7.717046031816482,
                5.16599839503115,
                6.185799939970965,
                9.567076392368772,
                10.064741469942469,
                10.090362226256333,
                7.614993007030661,
                7.687465120417389,
                1.6713350165359258,
                3.3237972588099214,
                4.023422689405068,
                4.316766467832889,
                4.268803970420478,
                8.759386175896442,
                8.846572693338585,
                8.625834838334056,
                8.263481625711673,
                8.458238347209589,
                6.697399789289446,
                6.115391658581427,
                3.332843509368724,
                9.019525538411434
            ],
            "UnitPairs": [
                [
                    -0.9945742560757601,
                    -0.10402907839324689
                ],
                [
                    -0.9055521809521949,
                    -0.42423489669371045
                ],
                [
                    -0.896621268118694,
                    -0.44279826282092033
                ],
                [
                    -0.8572710299659654,
                    -0.5148654010332147
                ],
                [
                    -0.3166086930199856,
                    -0.9485562373966957
                ],
                [
                    -0.2972291405849845,
                    -0.9548061782304885
                ],
                [
                    -0.2626298669457135,
                    -0.9648966540454355
                ],
                [
                    0.13814562491805493,
                    -0.990411927591747
                ],
                [
                    0.14532679472983115,
                    -0.9893837085446442
                ],
                [
                    0.24063055583997686,
                    -0.9706167810192361
                ],
                [
                    0.25306131078820515,
                    -0.9674502431557684
                ],
                [
                    0.6775421975836369,
                    -0.7354839022667568
                ],
                [
                    0.9989778983090847,
                    -0.04520131292301187
                ],
                [
                    0.9102697585429731,
                    0.4140156599479268
                ],
                [
                    0.8690301011098183,
                    0.49475921756452296
                ],
                [
                    0.8638016703415389,
                    0.5038319901665311
                ],
                [
                    0.5408369838800815,
                    0.8411274320027236
                ],
                [
                    0.5375415050384303,
                    0.8432372918467369
                ],
                [
                    0.47582640717519037,
                    0.8795392147225444
                ],
                [
                    0.2800756515028387,
                    0.9599779317438815
                ],
                [
                    -0.04204185143501355,
                    0.9991158505037923
                ],
                [
                    -0.10445844984667788,
                    0.9945292515836973
                ],
                [
                    -0.1333683998542726,
                    0.9910665315307096
                ],
                [
                    -0.24441591623129497,
                    0.9696704903691854
                ],
                [
                    -0.6291461757973916,
                    0.7772870058604592
                ]
            ]
        },
        {
            "Type": "R",
            "Centroid": {
                "x": 96234.178125,
                "y": 437805.7085
            },
            "Distances": [
                0.0
            ],
            "UnitPairs": [
                [
                    0.0,
                    0.0
                ]
            ]
        }
    ],
    "Annual Heating [kWh/m2]": 110.55829272232641,
    "Annual Cooling [kWh/m2]": 0.32273670358655665
}