{
    "Pand ID": "0599100000413474",
    "Archetype ID": "D.1992-2005",
    "Construction Year": 2004,
    "Number of Floors": 3,
    "Wall Area": 358.36,
    "Roof Area (Flat)": 127.36,
    "Roof Area (Sloped)": 0.0,
    "Floor Area": 124.8,
    "Shared Wall Area": 0.0,
    "Absolute Height (70%)": 4.093185901641846,
    "Surfaces": [
        {
            "Type": "G",
            "Centroid": {
                "x": 100568.15296195653,
                "y": 444778.18259782606
            },
            "Distances": [
                7.933289566482755,
                5.934999728801266,
                5.791406936363886,
                6.120118658129051,
                8.953498325177291,
                8.563399431545085,
                5.342393316272644,
                2.615156275619613,
                2.7186450745700315,
                2.803718849918502,
                2.868521918705763,
                2.914926607737839,
                2.9397737709168994,
                2.9435778433408895,
                2.9278876118358697,
                2.736844429803921,
                2.8641522074685763,
                2.833095748444431,
                5.839630947842817,
                9.834662242971469,
                7.277122929337564,
                6.196568022634393,
                11.3565796537902
            ],
            "UnitPairs": [
                [
                    -0.5189634037712547,
                    -0.8547964585479714
                ],
                [
                    -0.28358669476653664,
                    -0.9589466025547988
                ],
                [
                    -0.2553933738011125,
                    -0.9668372275716763
                ],
                [
                    -0.213245368176087,
                    -0.9769986760233839
                ],
                [
                    0.005798073734325728,
                    -0.999983191029215
                ],
                [
                    0.6581396895619547,
                    -0.7528958420812896
                ],
                [
                    0.7891431412644969,
                    -0.6142093312505128
                ],
                [
                    0.9918768785074767,
                    0.12720164260835665
                ],
                [
                    0.9769252589478495,
                    0.21358145619336247
                ],
                [
                    0.9547722816598931,
                    0.29733800660857607
                ],
                [
                    0.925184857805061,
                    0.3795167702331862
                ],
                [
                    0.8888433199642559,
                    0.45821125319542233
                ],
                [
                    0.8459538853193989,
                    0.5332560584869274
                ],
                [
                    0.7962802984039776,
                    0.6049278356743657
                ],
                [
                    0.7472667443325322,
                    0.6645242003228009
                ],
                [
                    0.7223329985234435,
                    0.6915453992646693
                ],
                [
                    0.65321704572616,
                    0.7571707146824868
                ],
                [
                    0.6137854833990982,
                    0.7894728496715612
                ],
                [
                    0.018308184955086765,
                    0.9998323911354594
                ],
                [
                    -0.6850349091906595,
                    0.7285102423371582
                ],
                [
                    -0.7705087588839898,
                    0.6374294098039825
                ],
                [
                    -0.8236957841646027,
                    0.567031970129957
                ],
                [
                    -0.8589810712308479,
                    0.5120073429816265
                ]
            ]
        },
        {
            "Type": "F",
            "Centroid": {
                "x": 100568.02898611111,
                "y": 444778.3648055555
            },
            "Distances": [
                8.027206383305348,
                6.07696324826149,
                5.938241386566046,
                6.273738145692607,
                9.137248612642011,
                8.782216512712653,
                5.552553705634522,
                2.7220495115307,
                2.808298454551994,
                2.8756492192459167,
                2.9220383655855553,
                2.9497552043354482,
                2.955705854591121,
                2.9403231472028826,
                2.907673733972724,
                2.9048259058506107,
                2.709124272007587,
                2.8497941229605384,
                2.8152341305687654,
                2.77328270968232,
                5.661154779077745,
                9.617056149802995,
                7.065720383908394,
                5.991663272058966,
                11.157182962314591,
                3.4084605011168403,
                3.84453311554705
            ],