{
    "Pand ID": "0599100000058293",
    "Archetype ID": "D.1965",
    "Construction Year": 1924,
    "Number of Floors": 2,
    "Wall Area": 321.94,
    "Roof Area (Flat)": 19.53,
    "Roof Area (Sloped)": 133.29,
    "Floor Area": 133.14,
    "Shared Wall Area": 10.72,
    "Absolute Height (70%)": 5.824238300323486,
    "Surfaces": [
        {
            "Type": "G",
            "Centroid": {
                "x": 97458.66730769232,
                "y": 434714.7168076923
            },
            "Distances": [
                6.831334269465139,
                7.462441530311026,
                7.770561917686408,
                7.4104802590990095,
                7.5107312955308805,
                5.063285819088734,
                3.916734243212702,
                3.9590291808672564,
                3.129098256835116,
                3.2752308046954033,
                2.307035972371553,
                2.157387054029602,
                3.099193626038687,
                13.223417004911122,
                13.387443743214112,
                14.062945978453264,
                5.8913740248416415,
                5.639646127094844,
                6.0640034485397045,
                6.550862155265253,
                4.905220121358955,
                4.790161950919817,
                5.916702087568829,
                6.931661149052843,
                6.4793112983383665,
                6.472937537352667
            ],
            "UnitPairs": [
                [
                    -0.9677915662643701,
                    -0.2517528237528968
                ],
                [
                    -0.9430301951082793,
                    -0.33270715518912525
                ],
                [
                    -0.9203076647568813,
                    -0.3911953504193726
                ],
                [
                    -0.9060556748754801,
                    -0.42315849752301826
                ],
                [
                    -0.8958259092990128,
                    -0.4444051532426203
                ],
                [
                    0.23555697827408972,
                    -0.971860540399897
                ],
                [
                    0.34944732593515804,
                    -0.936956010918745
                ],
                [
                    0.3644055756534127,
                    -0.9312403430010455
                ],
                [
                    0.471283477426071,
                    -0.8819817934091326
                ],
                [
                    0.4917797870545823,
                    -0.8707196110370719
                ],
                [
                    0.8377382627896736,
                    -0.5460719760783738
                ],
                [
                    0.9519350289282101,
                    -0.3063000174656338
                ],
                [
                    0.9617638222536307,
                    -0.27388017490151884
                ],
                [
                    0.9763506893033508,
                    -0.21619281092781933
                ],
                [
                    0.9991222046753372,
                    -0.041890573219920874
                ],
                [
                    0.9890311979433992,
                    0.14770676861486254
                ],
                [
                    0.740522039389294,
                    0.6720320745163292
                ],
                [
                    0.6971523069142149,
                    0.7169230509365621
                ],
                [
                    0.664196902569196,
                    0.7475576731045479
                ],
                [
                    -0.43067731016830507,
                    0.9025059858561568
                ],
                [
                    -0.671184495468856,
                    0.7412903432813739
                ],
                [
                    -0.6960741049014032,
                    0.7179699439988488
                ],
                [
                    -0.7820754913504865,
                    0.623183701510955
                ],
                [
                    -0.8266860668882576,
                    0.5626634400890316
                ],
                [
                    -0.9353320767083009,
                    0.35377097998639906
                ],
                [
                    -0.9988212700963943,
                    0.04853936961916328
                ]
            ]
        },
        {
            "Type": "F",
            "Centroid": {
                "x": 97458.09413157895,
                "y": 434714.8846052631
            },
            "Distances": [
                1.7826084862535443,
                6.326301177961221,
                6.986465868441225,
                7.318507128795542,
                6.878746593648164,
                7.448412113688394,
                1.445462287896202,
                6.973328101044656,
                7.083425231864187,
                5.386296947314644,
                4.3009379349807855,
                4.349908875566904,
                3.572763306835289,
                3.726566412346733,
                2.8839960698570897,
                2.7544553696929124,
                3.696412722522021,
                13.819372164300004,
                13.967884444586968,
                3.787079608691231,
                14.607200321270168,
                4.193288266846415,
                4.751426496544923,
                4.868268357931571,
                6.223943373818069,
                5.942434169359055,
                6.342291497287708,
                6.168643812766802,
                4.4072030352644935,
                4.280872705473971,
                5.36862386214488,
                6.366064450992405,
                4.785853535981179,
                4.602614836280643,
                5.884017841798039,
                4.4412610661023715,
                2.82060644179266,
                5.893949945716696
            ],