{
    "Pand ID": "0599100000168663",
    "Archetype ID": "D.1992-2005",
    "Construction Year": 1994,
    "Number of Floors": 3,
    "Wall Area": 316.28,
    "Roof Area (Flat)": 139.9,
    "Roof Area (Sloped)": 0.0,
    "Floor Area": 119.62,
    "Shared Wall Area": 0.0,
    "Absolute Height (70%)": 6.929643154144287,
    "Surfaces": [
        {
            "Type": "G",
            "Centroid": {
                "x": 97349.98070833333,
                "y": 437617.8631388889
            },
            "Distances": [
                8.653688668296866,
                7.862767763397212,
                2.6099606449147092,
                2.3665904239385416,
                2.5164444297342876,
                3.412985791451882,
                4.474536066728349,
                4.773806251145944,
                4.637138343033641,
                5.485660429320191,
                6.163061722079963,
                6.637639834149183,
                6.914501252295629,
                9.061906152874949,
                9.309240857643708,
                7.968908660180562,
                7.868708662299652,
                8.880540793786421
            ],
            "UnitPairs": [
                [
                    -0.9997278230059615,
                    -0.023329807280833965
                ],
                [
                    -0.9985457499933335,
                    -0.05391090029160462
                ],
                [
                    -0.5177600420749003,
                    -0.8555258843720613
                ],
                [
                    -0.5126925728508097,
                    -0.8585722600594649
                ],
                [
                    -0.22505298612184363,
                    -0.9743465263640249
                ],
                [
                    0.4540501371422117,
                    -0.8909761348998854
                ],
                [
                    0.7329623938123869,
                    -0.6802691594191344
                ],
                [
                    0.7701750915810003,
                    -0.6378325237146487
                ],
                [
                    0.8127138739201357,
                    -0.5826629893323632
                ],
                [
                    0.8640102185951085,
                    -0.5034742716000816
                ],
                [
                    0.9181583637880804,
                    -0.3962136027523475
                ],
                [
                    0.9624907084891141,
                    -0.27131464404289557
                ],
                [
                    0.9904787658254374,
                    -0.13766558919685978
                ],
                [
                    0.9037465769907957,
                    0.4280678971581726
                ],
                [
                    -0.5715109765318547,
                    0.820594420955691
                ],
                [
                    -0.7510856992549251,
                    0.6602047200488196
                ],
                [
                    -0.7687834933211134,
                    0.6395091401981566
                ],
                [
                    -0.8007770583419738,
                    0.5989625220605838
                ]
            ]
        },
        {
            "Type": "F",
            "Centroid": {
                "x": 97350.43366071429,
                "y": 437617.9175357143
            },
            "Distances": [
                9.107892222394504,
                8.318047754671188,
                2.6700367344523643,
                2.9132667021044516,
                2.705625888575164,
                3.2838355436461266,
                4.770263921160073,
                4.194006201752648,
                4.471901802872648,
                4.311736560039328,
                5.129072488449503,
                5.77329226626223,
                6.218905785028937,
                6.474393574938214,
                4.775986945756785,
                8.630480131845793,
                2.997585674763389,
                9.531983987346754,
                8.28018095163954,
                8.18885578213016,
                9.216053107370925
            ],
            "UnitPairs": [
                [
                    -0.9996040238490804,
                    -0.028138861112831877
                ],
                [
                    -0.9983455203924406,
                    -0.05749975575901882
                ],
                [
                    -0.6240684604799668,
                    -0.7813696670809305
                ],
                [
                    -0.61933420410257,
                    -0.785127469668866
                ],
                [
                    -0.376728253003102,
                    -0.9263238220996104
                ],
                [
                    0.3339735717988884,
                    -0.9425824384847687
                ],
                [
                    0.6447681588560298,
                    -0.7643781926019381
                ],
                [
                    0.6739890571755237,
                    -0.7387413287529326
                ],
                [
                    0.7208821722413341,
                    -0.6930576409972085
                ],
                [
                    0.7689974189143691,
                    -0.6392518828310467
                ],
                [
                    0.8357679278987584,
                    -0.5490828450205085
                ],
                [
                    0.9016890269230537,
                    -0.43238512778142163
                ],
                [
                    0.9544628091960534,
                    -0.29832992786775187
                ],
                [
                    0.9878476202725666,
                    -0.15542547771143242
                ],
                [
                    0.9352442409155718,
                    0.35400312122106514
                ],
                [
                    0.8964407735744842,
                    0.44316355837679205
                ],
                [
                    0.20373538973341393,
                    0.979025990957428
                ],
                [
                    -0.605675137720275,
                    0.7957120255139581
                ],
                [
                    -0.7775537457326969,
                    0.628816485548091
                ],
                [
                    -0.794040814405319,
                    0.607864446285961
                ],
                [
                    -0.8207728000445047,
                    0.5712547686515217
                ]
            ]
        },
        {
            "Type": "R",
            "Centroid": {
                "x": 97341.329375,
                "y": 437617.66125
            },
            "Distances": [
                0.0
            ],
            "UnitPairs": [
                [
                    0.0,
                    0.0
                ]
            ]
        }
    ],
    "Annual Heating [kWh/m2]": 110.75669241923612,
    "Annual Cooling [kWh/m2]": 0.28625577662576396
}