{
    "Pand ID": "0599100000433989",
    "Archetype ID": "D.2006-2014",
    "Construction Year": 2006,
    "Number of Floors": 3,
    "Wall Area": 321.34,
    "Roof Area (Flat)": 0.0,
    "Roof Area (Sloped)": 173.58,
    "Floor Area": 137.18,
    "Shared Wall Area": 0.0,
    "Absolute Height (70%)": 5.154300212860107,
    "Surfaces": [
        {
            "Type": "G",
            "Centroid": {
                "x": 96816.23106730769,
                "y": 437747.11778846156
            },
            "Distances": [
                8.211496504651533,
                8.229370365662986,
                8.096186015659848,
                7.404946714620085,
                7.707922417896656,
                7.657179160282305,
                7.581707870333449,
                8.484767550413414,
                8.434033271843624,
                8.318213500866793,
                8.839567131756587,
                8.705776106413296,
                8.857555735948852
            ],
            "UnitPairs": [
                [
                    -0.7515916622741267,
                    -0.6596286631128266
                ],
                [
                    -0.7441264684410221,
                    -0.6680387705556411
                ],
                [
                    -0.741792777003323,
                    -0.6706291642820927
                ],
                [
                    0.5487288226245968,
                    -0.836000406232571
                ],
                [
                    0.552718029753344,
                    -0.8333683336830009
                ],
                [
                    0.5571644078081985,
                    -0.8304022053630032
                ],
                [
                    0.5733942492458244,
                    -0.8192795828847547
                ],
                [
                    0.6458995676370193,
                    0.7634223919471523
                ],
                [
                    0.6284428246227451,
                    0.7778557810932472
                ],
                [
                    0.62408925808016,
                    0.7813530558902009
                ],
                [
                    -0.5402631414523,
                    0.8414961307029831
                ],
                [
                    -0.550748405320168,
                    0.8346713089817404
                ],
                [
                    -0.5687451999018215,
                    0.8225137674158635
                ]
            ]
        },
        {
            "Type": "F",
            "Centroid": {
                "x": 96815.90884868421,
                "y": 437747.7950921053
            },
            "Distances": [
                8.446967147201066,
                8.5075011785043,
                8.472648460392026,
                8.342385367383457,
                8.148625420859366,
                8.451124542867754,
                8.39985999176234,
                8.494045820881722,
                8.322296652088964,
                8.204336856153395,
                8.254645380296779,
                8.137834416229525,
                8.01850952397003,
                2.8657241367937156,
                7.838874763936161,
                8.096090657440488,
                7.963668916864664,
                8.252047257102094,
                8.11809354641638
            ],
            "UnitPairs": [
                [
                    -0.6924939546082532,
                    -0.7214236777587929
                ],
                [
                    -0.6883894061638759,
                    -0.7253413165409416
                ],
                [
                    -0.6847296581861964,
                    -0.7287971564161146
                ],
                [
                    -0.6812768092007254,
                    -0.7320258938352376
                ],
                [
                    0.5381921599393897,
                    -0.8428221633178462
                ],
                [
                    0.5422386444010953,
                    -0.8402245250634277
                ],
                [
                    0.5462622377394215,
                    -0.8376142116869315
                ],
                [
                    0.5475042652060937,
                    -0.8368028917141331
                ],
                [
                    0.5610862615209568,
                    -0.8277573358976872
                ],
                [
                    0.7072511060340734,
                    0.7069624268754174
                ],
                [
                    0.7035464333401152,
                    0.710649291939704
                ],
                [
                    0.6909118603573962,
                    0.7229390024182413
                ],
                [
                    0.6875998961283895,
                    0.7260897897947802
                ],
                [
                    0.06229710442198565,
                    0.9980576490266663
                ],
                [
                    -0.5446538964816514,
                    0.8386609166089443
                ],
                [
                    -0.55007705232531,
                    0.8351139063056595
                ],
                [
                    -0.5616096965975342,
                    0.8274022895107468
                ],
                [
                    -0.5694918530862685,
                    0.8219969764350522
                ],
                [
                    -0.5808597372331796,
                    0.8140036644029321
                ]
            ]
        },
        {
            "Type": "R",
            "Centroid": {
                "x": 96815.591375,
                "y": 437744.82625000004
            },
            "Distances": [
                0.0
            ],
            "UnitPairs": [
                [
                    0.0,
                    0.0
                ]
            ]
        }
    ],
    "Annual Heating [kWh/m2]": 109.3688503874209,
    "Annual Cooling [kWh/m2]": 0.3156168497500431
}