{
    "Pand ID": "0599100000095073",
    "Archetype ID": "D.1975-1991",
    "Construction Year": 1990,
    "Number of Floors": 2,
    "Wall Area": 150.36,
    "Roof Area (Flat)": 0.0,
    "Roof Area (Sloped)": 115.58,
    "Floor Area": 73.78,
    "Shared Wall Area": 20.93,
    "Absolute Height (70%)": 0.5473393797874451,
    "Surfaces": [
        {
            "Type": "G",
            "Centroid": {
                "x": 95721.42887500001,
                "y": 440647.52080000006
            },
            "Distances": [
                8.086192632542332,
                7.289034825702922,
                8.090959516069917,
                4.609683209245541,
                4.5221902756830765,
                4.701888630093848,
                3.235620541670846,
                4.66027246949136,
                4.574770539590461,
                4.6758490234291115
            ],
            "UnitPairs": [
                [
                    -0.19879565984230693,
                    -0.980040961199001
                ],
                [
                    0.23562790425180988,
                    -0.9718433468095051
                ],
                [
                    0.6416420684950506,
                    -0.7670042085525953
                ],
                [
                    0.5830118639410491,
                    0.8124636401119646
                ],
                [
                    0.568861512490468,
                    0.8224333283659272
                ],
                [
                    0.5337217015176363,
                    0.8456601831286129
                ],
                [
                    -0.2647096558382816,
                    0.9643281589303396
                ],
                [
                    -0.8687260297564301,
                    0.495292928703439
                ],
                [
                    -0.878186122174643,
                    0.47831907218912245
                ],
                [
                    -0.887218552015581,
                    0.46134936973987084
                ]
            ]
        },
        {
            "Type": "F",
            "Centroid": {
                "x": 95721.36528409092,
                "y": 440647.80809090915
            },
            "Distances": [
                8.355961487514573,
                7.5832226669743426,
                8.353215549553868,
                4.418782238432593,
                4.327467537574127,
                4.586127036832523,
                4.497649064482202,
                4.468061550204596,
                4.569029498908664,
                4.3871234848094405,
                4.492554094182415
            ],
            "UnitPairs": [
                [
                    -0.18476737754388875,
                    -0.9827822832120826
                ],
                [
                    0.2348725584503948,
                    -0.9720261731491421
                ],
                [
                    0.6291099371156459,
                    -0.7773163365209482
                ],
                [
                    0.6225902886013923,
                    0.7825479745927626
                ],
                [
                    0.6091532486838582,
                    0.7930525326974888
                ],
                [
                    0.5854811450972763,
                    0.8106860235230295
                ],
                [
                    0.5720968604269709,
                    0.8201860656519365
                ],
                [
                    -0.8918653080617247,
                    0.45230108586644446
                ],
                [
                    -0.9003901357816605,
                    0.4350834441656945
                ],
                [
                    -0.901253202605268,
                    0.4332928164575866
                ],
                [
                    -0.9092620823881675,
                    0.4162240568865924
                ]
            ]
        },
        {
            "Type": "R",
            "Centroid": {
                "x": 95720.572375,
                "y": 440650.641
            },
            "Distances": [
                0.0
            ],
            "UnitPairs": [
                [
                    0.0,
                    0.0
                ]
            ]
        }
    ],
    "Annual Heating [kWh/m2]": 321.04970390384335,
    "Annual Cooling [kWh/m2]": 1.3151412619865654
}