{
    "Pand ID": "0599100000100911",
    "Archetype ID": "D.1965",
    "Construction Year": 1900,
    "Number of Floors": 3,
    "Wall Area": 217.8,
    "Roof Area (Flat)": 0.0,
    "Roof Area (Sloped)": 60.36,
    "Floor Area": 51.92,
    "Shared Wall Area": 0.0,
    "Absolute Height (70%)": 7.505457401275635,
    "Surfaces": [
        {
            "Type": "G",
            "Centroid": {
                "x": 91591.51944999999,
                "y": 434372.54399999994
            },
            "Distances": [
                5.524785397610552,
                4.682394119413513,
                5.24418543621708,
                4.561505923399456,
                4.617246396903221,
                5.0446856879681485,
                4.653431431804935,
                4.896129419277821,
                5.916460909246505,
                4.220596342999738
            ],
            "UnitPairs": [
                [
                    -0.9120173250836632,
                    -0.4101516777330551
                ],
                [
                    -0.5731469695956042,
                    -0.8194525924319085
                ],
                [
                    -0.12045722022355085,
                    -0.9927185190657093
                ],
                [
                    -0.04443707920109498,
                    -0.9990121851069064
                ],
                [
                    -0.010330832685802073,
                    -0.9999466355241253
                ],
                [
                    0.9081437939596388,
                    0.4186583923589651
                ],
                [
                    0.5759835595058186,
                    0.8174612768682117
                ],
                [
                    0.38240410734054664,
                    0.9239951832607569
                ],
                [
                    0.053461014085555744,
                    0.9985699374470193
                ],
                [
                    -0.20037452797243469,
                    0.9797193723407861
                ]
            ]
        },
        {
            "Type": "F",
            "Centroid": {
                "x": 91591.7453653846,
                "y": 434372.68784615386
            },
            "Distances": [
                5.789951090732397,
                4.930821208181436,
                5.418150793209922,
                5.481430710436501,
                4.72034593117364,
                4.768702284659128,
                4.779435605819403,
                4.406895734835709,
                2.8901148663833838,
                4.679351452649485,
                4.62224310537024,
                5.764862438998853,
                4.132513588134412
            ],
            "UnitPairs": [
                [
                    -0.9092676781029505,
                    -0.4162118325531715
                ],
                [
                    -0.5900873833705843,
                    -0.8073393833988635
                ],
                [
                    -0.15828562499001408,
                    -0.9873933668612124
                ],
                [
                    -0.13420134695934507,
                    -0.9909540849475809
                ],
                [
                    -0.09080168929433341,
                    -0.9958689940053839
                ],
                [
                    -0.0573773257948147,
                    -0.9983525642199932
                ],
                [
                    0.9112759276623309,
                    0.41179628903519555
                ],
                [
                    0.5569418391263415,
                    0.8305514961942869
                ],
                [
                    0.47762275176680447,
                    0.8785650271862098
                ],
                [
                    0.3518403419902761,
                    0.9360600267868324
                ],
                [
                    0.3492643243981022,
                    0.9370242428575352
                ],
                [
                    0.015678538100855285,
                    0.9998770841673591
                ],
                [
                    -0.259313215007325,
                    0.9657932783585547
                ]
            ]
        },
        {
            "Type": "R",
            "Centroid": {
                "x": 91594.19975,
                "y": 434376.348
            },
            "Distances": [
                0.0
            ],
            "UnitPairs": [
                [
                    0.0,
                    0.0
                ]
            ]
        }
    ],
    "Annual Heating [kWh/m2]": 304.1065306979422,
    "Annual Cooling [kWh/m2]": 1.7939217904646252
}