{
    "Pand ID": "0599100000198910",
    "Archetype ID": "D.1992-2005",
    "Construction Year": 1997,
    "Number of Floors": 3,
    "Wall Area": 276.04,
    "Roof Area (Flat)": 0.21,
    "Roof Area (Sloped)": 126.74,
    "Floor Area": 116.57,
    "Shared Wall Area": 0.0,
    "Absolute Height (70%)": 3.668609380722046,
    "Surfaces": [
        {
            "Type": "G",
            "Centroid": {
                "x": 97660.603625,
                "y": 442437.02999193553
            },
            "Distances": [
                7.3235106976264825,
                8.334038313791904,
                8.513238499205753,
                8.244512343164715,
                6.284893339796019,
                7.0625431248118025,
                7.042332417125311,
                7.2359580770302685,
                7.199495148215845,
                7.890699323176617,
                7.925595119756712,
                8.213965466182858,
                5.485887019349214,
                5.771140553850132,
                5.1851613159876715,
                5.5230509978243205,
                4.398624352626556,
                6.547202389614609,
                7.132150779662574,
                6.021898409433083,
                6.081724267562073,
                5.737816087449191,
                5.630134611538427,
                7.0237718202237565,
                7.099108894715065,
                6.972413827559344,
                7.1277420395552955,
                6.211987259444753,
                6.286879224957268,
                5.628903683611619,
                5.710621493403589
            ],
            "UnitPairs": [
                [
                    -0.4120974385944522,
                    -0.9111397813200188
                ],
                [
                    -0.3494104406974156,
                    -0.9369697668183523
                ],
                [
                    -0.33618228835892205,
                    -0.9417969361777296
                ],
                [
                    -0.3351320108456153,
                    -0.9421711815304978
                ],
                [
                    0.044233049784767726,
                    -0.9990212396674748
                ],
                [
                    0.06470756948575171,
                    -0.9979042691817921
                ],
                [
                    0.08349506458385082,
                    -0.996508190729077
                ],
                [
                    0.08665058494236888,
                    -0.9962387646187763
                ],
                [
                    0.6933819520991651,
                    -0.7205702384245072
                ],
                [
                    0.7824401548117228,
                    -0.6227257856699103
                ],
                [
                    0.7858084984007384,
                    -0.6184698891952435
                ],
                [
                    0.8249365093991466,
                    -0.56522540234879
                ],
                [
                    0.8871856060527725,
                    0.46141272242188425
                ],
                [
                    0.8798953954788624,
                    0.4751674368210602
                ],
                [
                    0.8794326197600819,
                    0.47602338944837497
                ],
                [
                    0.8741545210963909,
                    0.485647890190763
                ],
                [
                    0.8520845836163,
                    0.5234041099986095
                ],
                [
                    0.4543925516508109,
                    0.890801554221963
                ],
                [
                    0.39497201994497566,
                    0.9186931497842933
                ],
                [
                    0.12288483625554092,
                    0.9924209374143862
                ],
                [
                    0.10934399041082633,
                    0.994003969690784
                ],
                [
                    -0.18822492452557366,
                    0.9821259480266988
                ],
                [
                    -0.1884502011420996,
                    0.9820827468647956
                ],
                [
                    -0.7493124968627787,
                    0.6622165673291995
                ],
                [
                    -0.7591093586438675,
                    0.6509631184785327
                ],
                [
                    -0.768026702437564,
                    0.640417820132202
                ],
                [
                    -0.7863640363113052,
                    0.6177633870635197
                ],
                [
                    -0.8568916479844397,
                    0.515496560235382
                ],
                [
                    -0.8624310736687948,
                    0.5061745184918833
                ],
                [
                    -0.9101239402838471,
                    0.4143361115353142
                ],
                [
                    -0.9144363719502064,
                    0.4047296896133809
                ]
            ]
        },
        {
            "Type": "F",
            "Centroid": {
                "x": 97661.12824662162,
                "y": 442436.7621148649
            },
            "Distances": [
                7.319321135975062,
                8.287038740150514,
                8.18879899119271,
                8.457518042054927,
                1.907817764051684,
                6.015922094564122,
                6.780202081787425,
                6.750162406397188,
                6.9416198689147794,
                6.645490189892476,
                7.314337728376051,
                7.348552817585398,
                7.690263781311894,
                7.580621850988709,
                7.8355837844039256,
                7.630149029702772,
                4.912036144047616,
                5.166372759081946,
                5.458403446843303,
                4.875521934551798,
                5.217505417641555,
                4.122591755568099,
                6.573887956442812,
                7.195084564568775,
                6.247848544244319,
                6.314695663603605,
                6.117337245253982,
                6.010072520547647,
                7.595686572838189,
                7.672976153597585,
                7.548014217069055,
                7.83248162321411,
                7.706605262682847,
                6.799743854410402,
                6.875008448108662,
                6.217421708546721,
                6.298856888959863
            ],