{
    "Pand ID": "0599100015001712",
    "Archetype ID": "D.1965",
    "Construction Year": 1961,
    "Number of Floors": 2,
    "Wall Area": 183.2,
    "Roof Area (Flat)": 0.0,
    "Roof Area (Sloped)": 138.58,
    "Floor Area": 126.71,
    "Shared Wall Area": 0.0,
    "Absolute Height (70%)": 5.9536004066467285,
    "Surfaces": [
        {
            "Type": "G",
            "Centroid": {
                "x": 76734.55419642858,
                "y": 436050.80557142856
            },
            "Distances": [
                4.034146259817363,
                4.825900986473364,
                3.2250400289819976,
                5.948620996484757,
                6.010874589555396,
                5.504024025594007,
                6.104684645171717,
                9.228064201302873,
                5.868993249331803,
                7.527517256451967,
                9.87798831691506,
                8.04960978046159,
                8.247638998297987,
                8.68674312075934
            ],
            "UnitPairs": [
                [
                    0.09839221135341596,
                    -0.9951477140329393
                ],
                [
                    0.15891925125930448,
                    -0.9872915838693157
                ],
                [
                    0.22199060011082117,
                    -0.9750488056822785
                ],
                [
                    0.42143020590966446,
                    -0.9068608391296527
                ],
                [
                    0.54350303316901,
                    -0.8394072032905637
                ],
                [
                    0.6515103412976159,
                    -0.7586397532309154
                ],
                [
                    0.6924073587907404,
                    -0.7215067910230858
                ],
                [
                    0.8286600964855558,
                    0.5597521277248969
                ],
                [
                    0.5033109506069975,
                    0.8641053679957558
                ],
                [
                    0.46720963255281345,
                    0.8841465711350495
                ],
                [
                    -0.5712773944992844,
                    0.8207570520769889
                ],
                [
                    -0.935954864156513,
                    0.3521199969637672
                ],
                [
                    -0.9363978503638574,
                    0.3509402596368031
                ],
                [
                    -0.9996924402917003,
                    0.024799694022811312
                ]
            ]
        },
        {
            "Type": "F",
            "Centroid": {
                "x": 76734.4746875,
                "y": 436051.063
            },
            "Distances": [
                8.604665003145415,
                4.298485395042141,
                5.092832261265325,
                3.4937551168355343,
                6.2156868439034865,
                6.2706022790148195,
                5.752123179020733,
                6.346624925223986,
                5.824190378626532,
                9.153485698983651,
                5.690021007570032,
                7.339534500992683,
                9.621628120595574,
                8.027424746848338,
                7.88742233346215,
                8.085654994579102
            ],
            "UnitPairs": [
                [
                    -0.9999880874910988,
                    -0.0048810732318433645
                ],
                [
                    0.11083845964863256,
                    -0.9938384354927708
                ],
                [
                    0.16620172363455357,
                    -0.9860917741574075
                ],
                [
                    0.22767408515960125,
                    -0.9737373932158191
                ],
                [
                    0.41611451235611147,
                    -0.9093122195410306
                ],
                [
                    0.5336708263579619,
                    -0.8456922898397561
                ],
                [
                    0.6372320942944623,
                    -0.770671952260554
                ],
                [
                    0.6785397830712087,
                    -0.734563654688739
                ],
                [
                    0.9967801741699874,
                    -0.08018281849404783
                ],
                [
                    0.8440978392380635,
                    0.5361891809740593
                ],
                [
                    0.533115342803412,
                    0.8460425706000855
                ],
                [
                    0.49000893714956095,
                    0.8717174092064226
                ],
                [
                    -0.5782350377988993,
                    0.8158702354306753
                ],
                [
                    -0.8618657562267114,
                    0.5071364887717693
                ],
                [
                    -0.9451202414224782,
                    0.3267227100363799
                ],
                [
                    -0.9453238488564977,
                    0.32613313352546297
                ]
            ]
        },
        {
            "Type": "R",
            "Centroid": {
                "x": 76727.556125,
                "y": 436055.134
            },
            "Distances": [
                0.0
            ],
            "UnitPairs": [
                [
                    0.0,
                    0.0
                ]
            ]
        }
    ],
    "Annual Heating [kWh/m2]": 349.5286605856552,
    "Annual Cooling [kWh/m2]": 1.3355655480591972
}