{
    "Pand ID": "0599100000235338",
    "Archetype ID": "D.1965",
    "Construction Year": 1880,
    "Number of Floors": 2,
    "Wall Area": 187.13,
    "Roof Area (Flat)": 13.17,
    "Roof Area (Sloped)": 110.66,
    "Floor Area": 86.21,
    "Shared Wall Area": 19.31,
    "Absolute Height (70%)": 5.722903728485107,
    "Surfaces": [
        {
            "Type": "G",
            "Centroid": {
                "x": 88354.44879464284,
                "y": 439307.8166785714
            },
            "Distances": [
                2.4015629115833144,
                11.09227739678345,
                10.63346322382044,
                10.430368059048327,
                10.596984806547233,
                2.7043081747699174,
                5.5569175798954555,
                8.8396316255535,
                8.472011811424936,
                8.334881085201385,
                4.890720848557782,
                2.2745492152600297,
                2.297567748992992,
                2.9883237759310095
            ],
            "UnitPairs": [
                [
                    -0.9599403503972526,
                    -0.2802044319406814
                ],
                [
                    0.32478838459216447,
                    -0.945786712337413
                ],
                [
                    0.5342232100293213,
                    -0.8453434579305429
                ],
                [
                    0.5342709696918492,
                    -0.8453132738485367
                ],
                [
                    0.722907789055333,
                    -0.6909445191353139
                ],
                [
                    0.6606654056022538,
                    0.7506805058348123
                ],
                [
                    -0.07546578419030994,
                    0.9971483918738181
                ],
                [
                    -0.2602322404693689,
                    0.9655460532881343
                ],
                [
                    -0.40950806255629113,
                    0.9123064982238112
                ],
                [
                    -0.6466027634656624,
                    0.7628268914233222
                ],
                [
                    -0.7108066991542906,
                    0.7033874013922781
                ],
                [
                    -0.8658230517230204,
                    0.5003503203806667
                ],
                [
                    -0.8767346006365961,
                    0.48097446922533016
                ],
                [
                    -0.9903067287057588,
                    0.1388977432505611
                ]
            ]
        },
        {
            "Type": "F",
            "Centroid": {
                "x": 88354.15574184782,
                "y": 439308.0956195652
            },
            "Distances": [
                2.977660845307522,
                0.9433404227238216,
                2.2260782685011415,
                11.452795949774972,
                11.649540822334064,
                11.026261652209005,
                10.823180153368229,
                11.001567737178163,
                2.718748205550088,
                1.5123855546971294,
                0.9999162252054606,
                5.263646027280876,
                5.1050185176956635,
                8.496644072828571,
                0.5125022808399874,
                4.5043917483403595,
                8.098972330181217,
                7.932726192724834,
                4.485506241217503,
                4.486220257248518,
                1.8836404567910265,
                1.909287865428313,
                2.669777213652573
            ],
            "UnitPairs": [
                [
                    -0.9995444419135013,
                    -0.03018126305884131
                ],
                [
                    -0.9914812567159317,
                    -0.13024944368785862
                ],
                [
                    -0.9039683717762065,
                    -0.4275993251026877
                ],
                [
                    0.34015236709503927,
                    -0.9403703351125244
                ],
                [
                    0.34110319992723054,
                    -0.9400258544313576
                ],
                [
                    0.5417698074473208,
                    -0.8405269036375296
                ],
                [
                    0.5419567603102462,
                    -0.84040637191422
                ],
                [
                    0.7229602036897562,
                    -0.6908896756218509
                ],
                [
                    0.7649460321243796,
                    0.6440943781288325
                ],
                [
                    0.5618247605786606,
                    0.8272562712973113
                ],
                [
                    0.4097299772126689,
                    0.9122068547063795
                ],
                [
                    -0.02399560061032789,
                    0.99971206412214
                ],
                [
                    -0.07371263130983306,
                    0.9972795234964872
                ],
                [
                    -0.23624672642671693,
                    0.9716931018859092
                ],
                [
                    -0.2581536761199804,
                    0.9661038657958781
                ],
                [
                    -0.3850252031189838,
                    0.9229060585797372
                ],
                [
                    -0.3921860969929515,
                    0.9198858979924821
                ],
                [
                    -0.6424404705282525,
                    0.766335593475494
                ],
                [
                    -0.7092408697594043,
                    0.7049662322855783
                ],
                [
                    -0.709573798273081,
                    0.7046311267637223
                ],
                [
                    -0.8899279805677123,
                    0.45610107366972247
                ],
                [
                    -0.901542600774762,
                    0.4326903500059577
                ],
                [
                    -0.9986991926510221,
                    0.05098943614315056
                ]
            ]
        },
        {
            "Type": "R",
            "Centroid": {
                "x": 88360.1294375,
                "y": 439298.82775
            },
            "Distances": [
                0.0
            ],
            "UnitPairs": [
                [
                    0.0,
                    0.0
                ]
            ]
        }
    ],
    "Annual Heating [kWh/m2]": 413.02747545753084,
    "Annual Cooling [kWh/m2]": 2.297031555568776
}