{
    "Pand ID": "0599100000065220",
    "Archetype ID": "D.1965-1974",
    "Construction Year": 1966,
    "Number of Floors": 2,
    "Wall Area": 312.86,
    "Roof Area (Flat)": 163.18,
    "Roof Area (Sloped)": 0.0,
    "Floor Area": 163.17,
    "Shared Wall Area": 17.13,
    "Absolute Height (70%)": 0.67829829454422,
    "Surfaces": [
        {
            "Type": "G",
            "Centroid": {
                "x": 94528.09509166666,
                "y": 441914.53864999994
            },
            "Distances": [
                8.953925949589983,
                9.894432773581078,
                9.788606184931943,
                9.856445149070868,
                8.082886046736935,
                8.094898840907849,
                6.1461764030925465,
                6.427190457588056,
                5.168601930046643,
                5.490225463929491,
                9.588591268335165,
                8.309145357839618,
                8.049854531469933,
                7.948461342367467,
                4.876409899828474
            ],
            "UnitPairs": [
                [
                    -0.9486862762188756,
                    -0.31621883137150963
                ],
                [
                    -0.0025738379593377206,
                    -0.9999966876735937
                ],
                [
                    0.006490539321753426,
                    -0.9999789362278152
                ],
                [
                    0.014562383413023525,
                    -0.9998939628727298
                ],
                [
                    0.9992140538218641,
                    -0.03963930681629761
                ],
                [
                    0.9995842434063253,
                    -0.028832973030959573
                ],
                [
                    0.9673548143451688,
                    0.2534258533836357
                ],
                [
                    0.9591334462580943,
                    0.2829541168971945
                ],
                [
                    0.8117346605774274,
                    0.5840264042123857
                ],
                [
                    0.8022499917874729,
                    0.5969882332818626
                ],
                [
                    -0.3217851903694868,
                    0.946812701255572
                ],
                [
                    -0.8622386970152968,
                    0.5065021513965793
                ],
                [
                    -0.8650425469715722,
                    0.5016985070028962
                ],
                [
                    -0.8656350418388424,
                    0.5006755180160755
                ],
                [
                    -0.9169587377821367,
                    0.39898204621886263
                ]
            ]
        },
        {
            "Type": "F",
            "Centroid": {
                "x": 94528.57627205884,
                "y": 441913.93724999996
            },
            "Distances": [
                9.248520969573939,
                9.306800752262925,
                9.369718657064888,
                9.196488355090297,
                9.260157748955534,
                7.600549144690269,
                7.65186597432853,
                7.619245099685445,
                5.875409267923803,
                6.177127216924868,
                5.186599827588573,
                5.517185813539703,
                10.316170376750627,
                9.032830063063729,
                8.772249986786516,
                8.670606000669771,
                5.569194007166397
            ],
            "UnitPairs": [
                [
                    -0.9704954001143582,
                    -0.2411196349467871
                ],
                [
                    -0.05443836956670418,
                    -0.9985171325114651
                ],
                [
                    -0.04553467125845086,
                    -0.9989627589221657
                ],
                [
                    -0.045413753891938795,
                    -0.9989682632383485
                ],
                [
                    -0.0364623441608745,
                    -0.9993350276350239
                ],
                [
                    0.9993163384082168,
                    0.03697101283971509
                ],
                [
                    0.9990181436539683,
                    0.0443029192060659
                ],
                [
                    0.9988329344434907,
                    0.04829874813082945
                ],
                [
                    0.9300378394066459,
                    0.3674637632091332
                ],
                [
                    0.9200640915399955,
                    0.3917678744597149
                ],
                [
                    0.716144114572372,
                    0.6979524390410519
                ],
                [
                    0.7111148824358813,
                    0.7030758308875386
                ],
                [
                    -0.3457336325959807,
                    0.9383326996817213
                ],
                [
                    -0.8464287499545539,
                    0.5325019917806613
                ],
                [
                    -0.8486587899391551,
                    0.5289406944630077
                ],
                [
                    -0.8490348953997721,
                    0.5283367736524671
                ],
                [
                    -0.8892933254719831,
                    0.457337272995523
                ]
            ]
        },
        {
            "Type": "R",
            "Centroid": {
                "x": 94528.069625,
                "y": 441904.64424999995
            },
            "Distances": [
                0.0
            ],
            "UnitPairs": [
                [
                    0.0,
                    0.0
                ]
            ]
        }
    ],
    "Annual Heating [kWh/m2]": 347.6973693635333,
    "Annual Cooling [kWh/m2]": 1.5601445470777728
}