{
    "Pand ID": "0599100000231953",
    "Archetype ID": "D.1965",
    "Construction Year": 1923,
    "Number of Floors": 2,
    "Wall Area": 237.19,
    "Roof Area (Flat)": 11.57,
    "Roof Area (Sloped)": 97.62,
    "Floor Area": 72.07,
    "Shared Wall Area": 0.0,
    "Absolute Height (70%)": 7.618968963623047,
    "Surfaces": [
        {
            "Type": "G",
            "Centroid": {
                "x": 97494.11236666668,
                "y": 434897.81815
            },
            "Distances": [
                6.332556559392768,
                6.5526231371913495,
                5.02640299262839,
                3.3519935428089336,
                3.3328965346927135,
                8.38097996921251,
                3.526190897327483,
                3.4276317739328337,
                8.937444488089923,
                4.719062213799836,
                6.251039821079702,
                5.126104418687121,
                5.354762152634315,
                5.145882189798834,
                5.198312602301708
            ],
            "UnitPairs": [
                [
                    -0.9308825924247367,
                    -0.36531848997908883
                ],
                [
                    -0.9110651630180221,
                    -0.4122623785102696
                ],
                [
                    0.5063528207052146,
                    -0.8623264004794662
                ],
                [
                    0.9439556767979518,
                    -0.3300722348833976
                ],
                [
                    0.9961705377748267,
                    -0.08743145697866692
                ],
                [
                    0.9963194476063969,
                    -0.08571789965511417
                ],
                [
                    0.9982821225000224,
                    0.0585901348082628
                ],
                [
                    0.9978123552619211,
                    0.06610978510521462
                ],
                [
                    0.9838531970792269,
                    0.17897733542821545
                ],
                [
                    0.8455352255491049,
                    0.5339196403538873
                ],
                [
                    -0.744174857276483,
                    0.6679848664434892
                ],
                [
                    -0.9798603884013782,
                    0.1996837981457184
                ],
                [
                    -0.9800373045710121,
                    0.19881368576932804
                ],
                [
                    -0.9947500696446958,
                    0.10233425106909605
                ],
                [
                    -0.9997218451962249,
                    0.023584576261946356
                ]
            ]
        },
        {
            "Type": "F",
            "Centroid": {
                "x": 97493.56185,
                "y": 434898.22709999996
            },
            "Distances": [
                3.5831635247316713,
                4.655165372457744,
                5.997771789978078,
                6.248490341258227,
                5.66413436850739,
                4.011846238939732,
                3.9334999103717982,
                8.971760610109394,
                4.07567625616151,
                3.9748349582100118,
                9.419206057058712,
                5.007229358166478,
                2.9801735092635453,
                1.943047411960627,
                5.56854775012779,
                3.4656277995885887,
                4.742886667954393,
                4.514389122023373,
                3.411641971990293,
                4.569864685635608
            ],
            "UnitPairs": [
                [
                    -0.9997729590823566,
                    -0.021307986477106564
                ],
                [
                    -0.9981063245326443,
                    -0.06151231525423063
                ],
                [
                    -0.8910559099513402,
                    -0.4538935616868661
                ],
                [
                    -0.8673054936506819,
                    -0.49777623555504047
                ],
                [
                    0.5465354101086938,
                    -0.8374359948660685
                ],
                [
                    0.9259203316303346,
                    -0.3777188630100055
                ],
                [
                    0.9840218859014174,
                    -0.17804754440041576
                ],
                [
                    0.99207395145845,
                    -0.12565538125212572
                ],
                [
                    0.9987667675652213,
                    -0.04964820245808921
                ],
                [
                    0.9989471366104311,
                    -0.045876118600212935
                ],
                [
                    0.9919785110771318,
                    0.12640661992631932
                ],
                [
                    0.9068188563410625,
                    0.42152053542418005
                ],
                [
                    0.7760118640134555,
                    0.6307183102704109
                ],
                [
                    -0.4808683484738536,
                    0.8767928098678892
                ],
                [
                    -0.7365205766446131,
                    0.6764151389339883
                ],
                [
                    -0.7696585306477514,
                    0.6384557511692915
                ],
                [
                    -0.9903989550794298,
                    0.13823859727866766
                ],
                [
                    -0.9906877495734876,
                    0.13615352674469602
                ],
                [
                    -0.9925865691074075,
                    0.12153971707876281
                ],
                [
                    -0.9996685491281624,
                    0.025744744784030726
                ]
            ]
        },
        {
            "Type": "R",
            "Centroid": {
                "x": 97489.9795,
                "y": 434898.15075000003
            },
            "Distances": [
                0.0
            ],
            "UnitPairs": [
                [
                    0.0,
                    0.0
                ]
            ]
        }
    ],
    "Annual Heating [kWh/m2]": 475.55936648902525,
    "Annual Cooling [kWh/m2]": 2.208367711570438
}