{
    "Pand ID": "0599100000140944",
    "Archetype ID": "D.1965",
    "Construction Year": 1960,
    "Number of Floors": 3,
    "Wall Area": 521.01,
    "Roof Area (Flat)": 112.57,
    "Roof Area (Sloped)": 161.17,
    "Floor Area": 247.91,
    "Shared Wall Area": 0.0,
    "Absolute Height (70%)": 5.610208988189697,
    "Surfaces": [
        {
            "Type": "G",
            "Centroid": {
                "x": 95794.6184280303,
                "y": 437195.93289393943
            },
            "Distances": [
                11.126788122081216,
                10.367969154984742,
                7.197145101417153,
                7.073785449145678,
                6.689881831075952,
                7.490145647643006,
                6.781269401942848,
                7.22694495192305,
                6.536162714875381,
                7.1568422001701615,
                7.046556606236448,
                10.940096742363268,
                18.770905498858472,
                18.008164881483594,
                18.671718967914146,
                18.148723475566477,
                10.948495294646321,
                5.973532998947531,
                4.876568587234258,
                5.354756594469885,
                5.101919722282182,
                4.312423983168343,
                6.357673998456044,
                6.29901871900466,
                6.345021635101903,
                6.132897790365687,
                6.491334102337833,
                10.531558151331438,
                5.899274038923774,
                4.82134586122284,
                5.560683463407005,
                5.958641812249505,
                8.953079443382858
            ],
            "UnitPairs": [
                [
                    -0.9659843354945606,
                    -0.2586005869659465
                ],
                [
                    -0.9546038266851739,
                    -0.29787838806805494
                ],
                [
                    -0.8171716628501717,
                    -0.5763943731809716
                ],
                [
                    -0.805552143369387,
                    -0.5925248891928394
                ],
                [
                    -0.7798796992286487,
                    -0.6259294327086979
                ],
                [
                    -0.7747917468222514,
                    -0.6322165365253619
                ],
                [
                    -0.773203764591703,
                    -0.634157660539726
                ],
                [
                    -0.7428177557744176,
                    -0.6694936756282748
                ],
                [
                    0.39223273372208906,
                    -0.9198660133937425
                ],
                [
                    0.4635699484375798,
                    -0.8860603268996866
                ],
                [
                    0.4756503292320194,
                    -0.8796344492466581
                ],
                [
                    0.7315014810351407,
                    -0.6818398516098891
                ],
                [
                    0.8648861915949019,
                    -0.5019680025544125
                ],
                [
                    0.9996408344868256,
                    0.02679929152949574
                ],
                [
                    0.998981240117945,
                    0.04512739625120146
                ],
                [
                    0.9985659318739566,
                    0.05353577963097904
                ],
                [
                    0.9797416613910087,
                    0.20026551608997978
                ],
                [
                    0.7988064970173263,
                    0.601588048686897
                ],
                [
                    0.543762877987264,
                    0.8392389007446021
                ],
                [
                    0.5176139980982789,
                    0.8556142524366427
                ],
                [
                    0.17673680080827314,
                    0.9842581486785145
                ],
                [
                    0.1673529719064264,
                    0.9858970447232748
                ],
                [
                    -0.5601581696634488,
                    0.8283856740427703
                ],
                [
                    -0.5779158933631042,
                    0.8160963302198614
                ],
                [
                    -0.5833397020768412,
                    0.8122282880944877
                ],
                [
                    -0.6159083616600036,
                    0.7878178025643303
                ],
                [
                    -0.6495279651023332,
                    0.7603377029649536
                ],
                [
                    -0.8229839218231969,
                    0.5680646657032191
                ],
                [
                    -0.9257584906662676,
                    0.3781153487486511
                ],
                [
                    -0.9348640732361141,
                    0.3550058655464461
                ],
                [
                    -0.9409460302364209,
                    0.3385565952426871
                ],
                [
                    -0.9435544554357129,
                    0.3312174355727899
                ],
                [
                    -0.9547891409160094,
                    0.29728386499920995
                ]
            ]
        },
        {
            "Type": "F",
            "Centroid": {
                "x": 95794.62585472973,
                "y": 437195.49706756754
            },
            "Distances": [
                11.029368712933238,
                10.253769342026112,
                6.961342957601814,
                6.830786155565448,
                7.365650039406313,
                6.432111625462694,
                6.51958934126157,
                7.228475721733808,
                6.948458196880529,
                6.1345434654891635,
                7.168608743259869,
                6.770052995162694,
                6.662681788206849,
                10.642126106668444,
                18.688020784821468,
                18.549466220609347,
                18.01769354530307,
                18.689047405783068,
                18.169861942700084,
                11.036820745998323,
                5.243936074879264,
                5.728509259945712,
                5.530215915407479,
                4.74154034340536,
                6.7270771907590365,
                6.806315242423732,
                6.663522405977299,
                6.707937919027901,
                6.486140883258125,
                6.833167582170342,
                6.132213776500327,
                10.791070881698623,
                6.084148812601078,
                4.999425025392237,
                5.729737915872655,
                6.1236607904319404,
                9.099153745373274
            ],