{
    "Pand ID": "0599100000258522",
    "Archetype ID": "D.1965",
    "Construction Year": 1930,
    "Number of Floors": 3,
    "Wall Area": 263.22,
    "Roof Area (Flat)": 37.49,
    "Roof Area (Sloped)": 116.39,
    "Floor Area": 103.36,
    "Shared Wall Area": 0.0,
    "Absolute Height (70%)": 6.103295803070068,
    "Surfaces": [
        {
            "Type": "G",
            "Centroid": {
                "x": 89235.60934539473,
                "y": 438799.5332763158
            },
            "Distances": [
                6.650659206469267,
                6.275177790434963,
                6.274195397090837,
                6.426575947359976,
                5.69863077612218,
                5.059734238544993,
                4.66283429582392,
                4.666261959039512,
                6.102862291072113,
                4.589500710907957,
                4.061431448043087,
                4.662750683197099,
                6.4700797592941575,
                9.669016032610978,
                5.366545010977082,
                6.044995710855218,
                8.812662032079432,
                5.742575186796225,
                7.162177979310665
            ],
            "UnitPairs": [
                [
                    -0.9501551197485901,
                    -0.3117775623991284
                ],
                [
                    -0.9289231459879614,
                    -0.37027258722166895
                ],
                [
                    -0.9228526573175588,
                    -0.3851531810616659
                ],
                [
                    -0.8183452491357623,
                    -0.5747269379600429
                ],
                [
                    -0.6107007159166818,
                    -0.791861500250424
                ],
                [
                    -0.5214024631245566,
                    -0.8533108879228282
                ],
                [
                    -0.44161078093195594,
                    -0.8972067310072233
                ],
                [
                    -0.39263931404170055,
                    -0.9196925405095241
                ],
                [
                    0.25411717179563487,
                    -0.9671734399778499
                ],
                [
                    0.5605930290330509,
                    -0.828091453765554
                ],
                [
                    0.7910615127640991,
                    -0.6117366124594596
                ],
                [
                    0.9953013619193675,
                    0.096825611082256
                ],
                [
                    0.8976461375024624,
                    0.4407169293627264
                ],
                [
                    0.7685210242911904,
                    0.6398245347143383
                ],
                [
                    0.4732732326052818,
                    0.8809156868278296
                ],
                [
                    0.4694531213943847,
                    0.8829573980736948
                ],
                [
                    0.45966157450720246,
                    0.8880941599411403
                ],
                [
                    0.0856483527464343,
                    0.9963254285984185
                ],
                [
                    -0.26935352630208254,
                    0.96304136872132
                ]
            ]
        },
        {
            "Type": "F",
            "Centroid": {
                "x": 89235.53202083333,
                "y": 438799.73375
            },
            "Distances": [
                6.643158839061649,
                6.2812548662081635,
                6.283721325349113,
                1.4960703062130947,
                6.481869537000776,
                2.635000131771498,
                3.0931184955748043,
                5.382638760673224,
                0.9866196638537403,
                3.4479402104137264,
                5.813058032936798,
                5.193283292962546,
                4.811145327394305,
                4.822603449180454,
                6.316449611487681,
                4.799102453695089,
                4.246695385175845,
                4.724838377605949,
                6.45468726542413,
                2.057435465429899,
                9.602331107296116,
                5.057714638143152,
                5.197176640019414,
                5.155033335937846,
                5.229081215769181,
                5.906518915093488,
                8.67165705200423,
                1.6452337304132147,
                5.550260506907167,
                6.948316032986253
            ],