{
    "Pand ID": "0599100000270611",
    "Archetype ID": "D.1965",
    "Construction Year": 1948,
    "Number of Floors": 2,
    "Wall Area": 212.39,
    "Roof Area (Flat)": 0.0,
    "Roof Area (Sloped)": 125.93,
    "Floor Area": 105.35,
    "Shared Wall Area": 0.0,
    "Absolute Height (70%)": 1.6398993730545044,
    "Surfaces": [
        {
            "Type": "G",
            "Centroid": {
                "x": 96839.90754999999,
                "y": 437923.90865
            },
            "Distances": [
                3.508531922328566,
                4.057452852452401,
                4.62616091915655,
                4.457884189855798,
                5.051993809373292,
                9.260528140983563,
                8.556217555090168,
                9.861433985500684,
                6.088317308573598,
                3.58487442597051
            ],
            "UnitPairs": [
                [
                    -0.9938059784517005,
                    -0.11112910147057993
                ],
                [
                    -0.9798758345602372,
                    -0.1996079879285358
                ],
                [
                    -0.7405276340066983,
                    -0.6720259096734601
                ],
                [
                    -0.6139235304108013,
                    -0.7893655039384088
                ],
                [
                    -0.5021383825293757,
                    -0.8647872829723979
                ],
                [
                    0.9851705929844341,
                    -0.17157768712364246
                ],
                [
                    0.9415609114816924,
                    0.33684276742979724
                ],
                [
                    0.7213149741169113,
                    0.692607181680005
                ],
                [
                    -0.7466430820862734,
                    0.665224855197632
                ],
                [
                    -0.9999792388896337,
                    0.006443740350819081
                ]
            ]
        },
        {
            "Type": "F",
            "Centroid": {
                "x": 96840.3058611111,
                "y": 437923.9060833333
            },
            "Distances": [
                3.904371326705928,
                4.447992257560562,
                4.926777097424872,
                4.711000083861365,
                5.2611542471296655,
                8.86792758020107,
                8.18318788813066,
                9.579930405204587,
                6.3928351918566415
            ],
            "UnitPairs": [
                [
                    -0.9950670123356853,
                    -0.09920504503972082
                ],
                [
                    -0.9833900011103318,
                    -0.18150511209390646
                ],
                [
                    -0.7761891872704484,
                    -0.6305000757846433
                ],
                [
                    -0.6654873817248362,
                    -0.7464091001354567
                ],
                [
                    -0.5578834934756103,
                    -0.8299192778261322
                ],
                [
                    0.983870110573047,
                    -0.17888433559420566
                ],
                [
                    0.9358075353491707,
                    0.352511356957064
                ],
                [
                    0.7009329509579079,
                    0.7132271715669833
                ],
                [
                    -0.7733831645474217,
                    0.6339388620321487
                ]
            ]
        },
        {
            "Type": "R",
            "Centroid": {
                "x": 96836.32274999999,
                "y": 437923.93175
            },
            "Distances": [
                0.0
            ],
            "UnitPairs": [
                [
                    0.0,
                    0.0
                ]
            ]
        }
    ],
    "Annual Heating [kWh/m2]": 371.2465710005588,
    "Annual Cooling [kWh/m2]": 1.5280637548492058
}