{
    "Pand ID": "0599100000436432",
    "Archetype ID": "D.2006-2014",
    "Construction Year": 2007,
    "Number of Floors": 2,
    "Wall Area": 298.15,
    "Roof Area (Flat)": 0.0,
    "Roof Area (Sloped)": 170.44,
    "Floor Area": 108.16,
    "Shared Wall Area": 0.0,
    "Absolute Height (70%)": 2.0331857204437256,
    "Surfaces": [
        {
            "Type": "G",
            "Centroid": {
                "x": 89680.55437499999,
                "y": 442756.40437500004
            },
            "Distances": [
                6.408946834802597,
                9.33919264614163,
                7.4816151185310265,
                7.648063743934776,
                7.394084732494084,
                7.625726655946592,
                1.8638675600073114,
                2.1753653213364568,
                5.389856749607315,
                8.174481346271467,
                6.325131048506305,
                6.5474530758815295,
                6.276956629683119,
                4.7848210030513,
                2.783299755895241,
                3.279657989969064
            ],
            "UnitPairs": [
                [
                    -0.9667930097898931,
                    -0.2555607094633279
                ],
                [
                    0.016797490526699117,
                    -0.9998589122031195
                ],
                [
                    0.3978920263666356,
                    -0.9174322510975143
                ],
                [
                    0.4034844770287815,
                    -0.9149864899531636
                ],
                [
                    0.606684283760617,
                    -0.7949428783490466
                ],
                [
                    0.7968912700614633,
                    -0.6041227554891703
                ],
                [
                    0.793980769748863,
                    0.6079428733598272
                ],
                [
                    0.7919934105358851,
                    0.610529637010143
                ],
                [
                    0.7857119765414423,
                    0.6185925071639164
                ],
                [
                    0.03619495689853307,
                    0.9993447478698797
                ],
                [
                    -0.32159412736142434,
                    0.9468776147140896
                ],
                [
                    -0.3332784480778106,
                    0.9428284446530271
                ],
                [
                    -0.7514987402794452,
                    0.6597345249101392
                ],
                [
                    -0.7850084669007654,
                    0.6194850336320562
                ],
                [
                    -0.8752650499943458,
                    0.4836435590994624
                ],
                [
                    -0.9739201495289629,
                    0.22689103627398483
                ]
            ]
        },
        {
            "Type": "F",
            "Centroid": {
                "x": 89680.10628999998,
                "y": 442757.4943
            },
            "Distances": [
                6.362456811756247,
                10.445333381071034,
                8.659866363980743,
                8.826175962520411,
                8.537809913641171,
                8.661907021058031,
                1.1383850146654577,
                1.778564016750376,
                1.3219191963300814,
                1.7710137666410266,
                1.928443932724211,
                2.183988681675563,
                5.192932505035867,
                7.118184397815448,
                0.7737269554300126,
                5.149532359485936,
                5.370830192946928,
                5.107623572828178,
                7.777833598198142,
                1.6921472635552186,
                7.94050809465581,
                5.247334938937163,
                3.8020723666972502,
                1.7163376362345446,
                2.004480351994044
            ],
            "UnitPairs": [
                [
                    -0.9034308868502414,
                    -0.42873375501001354
                ],
                [
                    0.057916772776998436,
                    -0.9983214148915657
                ],
                [
                    0.39549801995375095,
                    -0.9184668291302971
                ],
                [
                    0.40039537111223106,
                    -0.9163424833499201
                ],
                [
                    0.5778952740709563,
                    -0.8161109313117024
                ],
                [
                    0.7532937012769658,
                    -0.6576842704645212
                ],
                [
                    0.8300882283536515,
                    -0.5576320768649307
                ],
                [
                    0.9198207006364814,
                    -0.3923389844007508
                ],
                [
                    0.9538858377386824,
                    -0.30016963297704174
                ],
                [
                    0.999969640759935,
                    -0.007792147229523897
                ],
                [
                    0.9997490553390984,
                    0.02240148094614055
                ],
                [
                    0.9940344555046369,
                    0.10906649930019734
                ],
                [
                    0.9017948905514915,
                    0.4321642921103309
                ],
                [
                    0.10451541550895807,
                    0.9945232666564366
                ],
                [
                    -0.22881456919396886,
                    0.9734700267212023
                ],
                [
                    -0.3079968993802887,
                    0.9513873606329487
                ],
                [
                    -0.32286256271113367,
                    0.9464458598354156
                ],
                [
                    -0.5000446809696956,
                    0.8659996056776904
                ],
                [
                    -0.5378155687154383,
                    0.8430625208413013
                ],
                [
                    -0.5726688337667475,
                    0.8197868057197758
                ],
                [
                    -0.7571354286551459,
                    0.6532579449767056
                ],
                [
                    -0.8135634659618957,
                    0.5814761274997174
                ],
                [
                    -0.8700623452000668,
                    0.49294169580687724
                ],
                [
                    -0.9514678030185115,
                    0.30774830595655084
                ],
                [
                    -0.9917981974751229,
                    0.1278136748751764
                ]
            ]
        },
        {
            "Type": "R",
            "Centroid": {
                "x": 89677.36025,
                "y": 442757.1485
            },
            "Distances": [
                0.0
            ],
            "UnitPairs": [
                [
                    0.0,
                    0.0
                ]
            ]
        }
    ],
    "Annual Heating [kWh/m2]": 169.1945234268606,
    "Annual Cooling [kWh/m2]": 0.4928245349388305
}