{
    "Pand ID": "0599100000117184",
    "Archetype ID": "D.1965",
    "Construction Year": 1962,
    "Number of Floors": null,
    "Wall Area": 387.1,
    "Roof Area (Flat)": 193.37,
    "Roof Area (Sloped)": 0.0,
    "Floor Area": 205.2,
    "Shared Wall Area": 0.0,
    "Absolute Height (70%)": 4.992574214935303,
    "Surfaces": [
        {
            "Type": "G",
            "Centroid": {
                "x": 92057.90874166667,
                "y": 436676.5835333334
            },
            "Distances": [
                11.095351166262951,
                7.469559882328418,
                6.874194117806112,
                4.406554984972252,
                4.324090937485749,
                8.617033567431198,
                8.451698888514288,
                8.564071261316945,
                11.878716798052224,
                9.145251968551896,
                5.2630674359372644,
                5.276955457652386,
                6.913189498009425,
                5.814337305500123,
                9.523615358797445
            ],
            "UnitPairs": [
                [
                    -0.5395833423350673,
                    -0.8419321924445683
                ],
                [
                    -0.08807301595264466,
                    -0.996114021516114
                ],
                [
                    0.4371615467681911,
                    -0.8993830007439783
                ],
                [
                    0.4759122127106096,
                    -0.8794927889374032
                ],
                [
                    0.4778191215672701,
                    -0.8784582443489745
                ],
                [
                    0.9862017209085201,
                    -0.16554807663356694
                ],
                [
                    0.9915324059537161,
                    -0.12985949308246642
                ],
                [
                    0.9925341667495305,
                    -0.12196691286908454
                ],
                [
                    0.34036785303176403,
                    0.9402923612486425
                ],
                [
                    -0.41309596276428173,
                    0.9106875015875924
                ],
                [
                    -0.4725127878264741,
                    0.8813238141230801
                ],
                [
                    -0.48680848024651807,
                    0.8735087312443278
                ],
                [
                    -0.8759873671075141,
                    0.48233404676432007
                ],
                [
                    -0.9526221778413083,
                    0.3041561873197432
                ],
                [
                    -0.999291372879846,
                    0.03763976737325325
                ]
            ]
        },
        {
            "Type": "F",
            "Centroid": {
                "x": 92058.47699264705,
                "y": 436676.2468235294
            },
            "Distances": [
                11.138061508277058,
                7.208860743626809,
                4.034281128174823,
                6.333407324586017,
                3.8549647496790462,
                3.7719853780098416,
                8.004420619691935,
                8.121243040055422,
                7.848844395146426,
                7.963402024885542,
                12.019438603343424,
                9.694019902414471,
                5.838332360424658,
                5.857146814769524,
                7.573405527246488,
                6.459771971761797,
                10.109048831619045
            ],
            "UnitPairs": [
                [
                    -0.5885330802111151,
                    -0.8084731371525076
                ],
                [
                    -0.17008480128198247,
                    -0.9854294294229641
                ],
                [
                    0.11647238702960876,
                    -0.9931939302370031
                ],
                [
                    0.3847664026741723,
                    -0.923013984386573
                ],
                [
                    0.3966008646597085,
                    -0.9179911514558142
                ],
                [
                    0.3971071472559724,
                    -0.9177722558446749
                ],
                [
                    0.9906878623350786,
                    -0.13615270626011183
                ],
                [
                    0.9917056186136037,
                    -0.12853001987944146
                ],
                [
                    0.9952907663428686,
                    -0.09693446462752765
                ],
                [
                    0.9960419338586785,
                    -0.0888845655615419
                ],
                [
                    0.28910521261659256,
                    0.9572973289620705
                ],
                [
                    -0.44832976317307893,
                    0.8938682360690366
                ],
                [
                    -0.5232860101895496,
                    0.8521571166985009
                ],
                [
                    -0.5356050900297394,
                    0.84446858291723
                ],
                [
                    -0.8746550839274377,
                    0.48474579333903145
                ],
                [
                    -0.945407620228672,
                    0.3258902140500068
                ],
                [
                    -0.9976326967084972,
                    0.06876774286052785
                ]
            ]
        },
        {
            "Type": "R",
            "Centroid": {
                "x": 92058.946875,
                "y": 436672.24000000005
            },
            "Distances": [
                0.0
            ],
            "UnitPairs": [
                [
                    0.0,
                    0.0
                ]
            ]
        }
    ],
    "Annual Heating [kWh/m2]": 698.8708463966043,
    "Annual Cooling [kWh/m2]": 2.7460449573007994
}