{
    "Pand ID": "0599100000206549",
    "Archetype ID": "D.1965",
    "Construction Year": 1923,
    "Number of Floors": 3,
    "Wall Area": 158.77,
    "Roof Area (Flat)": 0.0,
    "Roof Area (Sloped)": 92.09,
    "Floor Area": 62.99,
    "Shared Wall Area": 32.74,
    "Absolute Height (70%)": 5.096139430999756,
    "Surfaces": [
        {
            "Type": "G",
            "Centroid": {
                "x": 93687.05304166667,
                "y": 442470.3126666667
            },
            "Distances": [
                7.183840338846544,
                7.592589864292248,
                4.384377855602279,
                3.620697103329495,
                3.1503577861251153,
                4.08984172642552,
                4.0928243525149135,
                4.601328287976009,
                3.9602477212764633,
                4.23954070002024,
                7.526669793503671,
                6.935938293693131
            ],
            "UnitPairs": [
                [
                    -0.9757199959977293,
                    -0.21902166424851946
                ],
                [
                    -0.9301722854650586,
                    -0.36712330265553783
                ],
                [
                    0.6768539188608829,
                    -0.7361173632802486
                ],
                [
                    0.8331498734197834,
                    -0.5530472750322514
                ],
                [
                    0.9737253802877327,
                    -0.2277254570387565
                ],
                [
                    0.9970027218866548,
                    -0.07736648208754011
                ],
                [
                    0.9999411117695562,
                    -0.01085232661985003
                ],
                [
                    0.9124720234160643,
                    0.40913910407463316
                ],
                [
                    0.8023698407213485,
                    0.5968271430663972
                ],
                [
                    0.7544645893636011,
                    0.6563407525031588
                ],
                [
                    -0.9036422286705488,
                    0.428288130308702
                ],
                [
                    -0.9981946743914181,
                    0.060061568549372654
                ]
            ]
        },
        {
            "Type": "F",
            "Centroid": {
                "x": 93686.68098863636,
                "y": 442470.3167045454
            },
            "Distances": [
                6.822240019531344,
                7.249357493302548,
                4.647092587881301,
                3.93811074600974,
                3.5144836000744815,
                4.461160710432192,
                4.941624206027194,
                4.262320150637819,
                4.524351764031614,
                7.190423471727632,
                6.56433997047105
            ],
            "UnitPairs": [
                [
                    -0.9729009265805413,
                    -0.2312223757743275
                ],
                [
                    -0.922890565479464,
                    -0.38506233800385514
                ],
                [
                    0.7186507048194325,
                    -0.6953712421883241
                ],
                [
                    0.8604725926193506,
                    -0.5094967294801147
                ],
                [
                    0.9787032050953326,
                    -0.20528038468427376
                ],
                [
                    0.9974167380335339,
                    -0.0718321006970051
                ],
                [
                    0.9249259298323649,
                    0.38014737184904385
                ],
                [
                    0.8327944026253606,
                    0.5535824084595432
                ],
                [
                    0.7892039677436704,
                    0.6141311727128395
                ],
                [
                    -0.8941564654207219,
                    0.44775463743698
                ],
                [
                    -0.9980232080958299,
                    0.06284644860378112
                ]
            ]
        },
        {
            "Type": "R",
            "Centroid": {
                "x": 93691.145625,
                "y": 442470.26825
            },
            "Distances": [
                0.0
            ],
            "UnitPairs": [
                [
                    0.0,
                    0.0
                ]
            ]
        }
    ],
    "Annual Heating [kWh/m2]": 291.45057343707947,
    "Annual Cooling [kWh/m2]": 1.3402157099415917
}