{
    "Pand ID": "0599100000141640",
    "Archetype ID": "D.1992-2005",
    "Construction Year": 1995,
    "Number of Floors": 3,
    "Wall Area": 262.39,
    "Roof Area (Flat)": 0.0,
    "Roof Area (Sloped)": 195.18,
    "Floor Area": 142.24,
    "Shared Wall Area": 0.0,
    "Absolute Height (70%)": 2.9868619441986084,
    "Surfaces": [
        {
            "Type": "G",
            "Centroid": {
                "x": 97505.60190789474,
                "y": 438343.86817105266
            },
            "Distances": [
                5.392982637533751,
                4.355872943157585,
                7.362844729994483,
                8.223812202978962,
                7.26573838692805,
                7.432564223698219,
                7.427868989751107,
                7.281527770735946,
                9.86822016650933,
                7.292222153686588,
                5.448438867878013,
                7.358839181354164,
                7.325804711837027,
                7.5887752525131225,
                6.302594857575519,
                6.281933627224201,
                7.924674709716827,
                7.636590362220494,
                7.682061797803125
            ],
            "UnitPairs": [
                [
                    -0.788275835556779,
                    -0.615322035260612
                ],
                [
                    -0.7165401597958289,
                    -0.6975458403572974
                ],
                [
                    -0.29134906050734555,
                    -0.9566168119688715
                ],
                [
                    -0.2325147811692248,
                    -0.9725928626808998
                ],
                [
                    0.05062694053542123,
                    -0.9987176342150081
                ],
                [
                    0.05473778537338449,
                    -0.9985007635712739
                ],
                [
                    0.4166527586216337,
                    -0.9090657174995561
                ],
                [
                    0.4202197947460598,
                    -0.9074223515560874
                ],
                [
                    0.8317449313821692,
                    -0.5551579677173613
                ],
                [
                    0.7758735246970233,
                    0.6308884795859072
                ],
                [
                    0.660343667700561,
                    0.750963541410481
                ],
                [
                    0.3984109494725915,
                    0.9172070188023793
                ],
                [
                    0.39229029687500805,
                    0.9198414662199775
                ],
                [
                    0.3744796769817696,
                    0.9272351220308847
                ],
                [
                    -0.017954175588935598,
                    0.9998388107984816
                ],
                [
                    -0.43953948872903875,
                    0.8982232672603261
                ],
                [
                    -0.8003051389565609,
                    0.599592932379727
                ],
                [
                    -0.80692529027584,
                    0.5906535159577494
                ],
                [
                    -0.811261098749183,
                    0.5846840425873349
                ]
            ]
        },
        {
            "Type": "F",
            "Centroid": {
                "x": 97505.37166304348,
                "y": 438344.0784021739
            },
            "Distances": [
                5.349684838140256,
                4.348691662049817,
                7.502157144669237,
                7.481228281910084,
                8.37918862404925,
                7.490567581476996,
                7.6581978750359925,
                7.71587510026688,
                7.5700101284779535,
                10.176545339202653,
                7.3447070766529965,
                5.45152370391119,
                7.263736222636279,
                7.228739943648294,
                7.496406449142854,
                7.485769360016812,
                6.092473035982694,
                5.992989549278415,
                3.290461854482502,
                7.614415350439018,
                7.326703473009339,
                7.372441887852336,
                4.215652726609295
            ],
            "UnitPairs": [
                [
                    -0.7516168083051467,
                    -0.6596000102131477
                ],
                [
                    -0.6647776545541711,
                    -0.7470412773103339
                ],
                [
                    -0.25524832478913284,
                    -0.9668755311271152
                ],
                [
                    -0.23337251286783,
                    -0.972387407486211
                ],
                [
                    -0.20072504856394585,
                    -0.9796476177070007
                ],
                [
                    0.07984534549873297,
                    -0.9968072636182924
                ],
                [
                    0.08319019264194719,
                    -0.9965336882655778
                ],
                [
                    0.4309410032322299,
                    -0.9023801037995015
                ],
                [
                    0.4346212093089515,
                    -0.9006133490121189
                ],
                [
                    0.8291700842736366,
                    -0.5589963965408459
                ],
                [
                    0.8016775747578833,
                    0.597756694759932
                ],
                [
                    0.7022049548778644,
                    0.7119748600512354
                ],
                [
                    0.4353251356607616,
                    0.9002733064252986
                ],
                [
                    0.42940913364106653,
                    0.9031100685661901
                ],
                [
                    0.41207570286858936,
                    0.9111496118121096
                ],
                [
                    0.41039027637169506,
                    0.9119099851737361
                ],
                [
                    0.019218297041832786,
                    0.9998153114744802
                ],
                [
                    -0.4223122738101403,
                    0.9064504086762326
                ],
                [
                    -0.5701063031385205,
                    0.8215709361471653
                ],
                [
                    -0.8026766024957351,
                    0.5964145134098462
                ],
                [
                    -0.8096291961782233,
                    0.5869417046826746
                ],
                [
                    -0.8141010990362105,
                    0.5807231703213107
                ],
                [
                    -0.9113447650057718,
                    0.41164392294381635
                ]
            ]
        },
        {
            "Type": "R",
            "Centroid": {
                "x": 97508.69675,
                "y": 438337.11575
            },
            "Distances": [
                0.0
            ],
            "UnitPairs": [
                [
                    0.0,
                    0.0
                ]
            ]
        }
    ],
    "Annual Heating [kWh/m2]": 106.19559565267208,
    "Annual Cooling [kWh/m2]": 0.31961985043800933
}