{
    "Pand ID": "0599100015001724",
    "Archetype ID": "D.1965",
    "Construction Year": 1943,
    "Number of Floors": 2,
    "Wall Area": 258.38,
    "Roof Area (Flat)": 39.49,
    "Roof Area (Sloped)": 103.0,
    "Floor Area": 120.75,
    "Shared Wall Area": 0.0,
    "Absolute Height (70%)": 7.0176777839660645,
    "Surfaces": [
        {
            "Type": "G",
            "Centroid": {
                "x": 76167.401575,
                "y": 435716.77275
            },
            "Distances": [
                2.189074859397507,
                12.199295026369542,
                7.3365971090046,
                6.048303492710834,
                8.411913215197252,
                6.278259308105662,
                8.994484929087657,
                4.166630237948931,
                3.647570525698845,
                10.547353181725935
            ],
            "UnitPairs": [
                [
                    -0.763199117120289,
                    -0.6461633753369279
                ],
                [
                    -0.6878840114833044,
                    -0.7258206298705191
                ],
                [
                    -0.07928743958091697,
                    -0.996851795366143
                ],
                [
                    0.9999994225296542,
                    0.0010746815147951818
                ],
                [
                    0.9208725532265537,
                    0.3898637463448069
                ],
                [
                    0.8858028518862214,
                    0.46406174975991815
                ],
                [
                    0.82420506103979,
                    0.5662914597240505
                ],
                [
                    -0.687054006838642,
                    0.7266063526332308
                ],
                [
                    -0.7541183866423344,
                    0.6567385011768098
                ],
                [
                    -0.9966197034356488,
                    0.08215331231204055
                ]
            ]
        },
        {
            "Type": "F",
            "Centroid": {
                "x": 76166.85046590908,
                "y": 435716.9412954545
            },
            "Distances": [
                2.3067479639987734,
                11.953669523546738,
                1.9389473213049537,
                9.104686125387333,
                1.65327041901578,
                7.482107990859149,
                5.742446610857434,
                5.8017140403308645,
                6.566513076789356,
                8.861435312978022,
                8.902620032454411,
                6.700471651408131,
                9.364133138853981,
                2.5949501985679095,
                3.676557305954593,
                3.1301001126121113,
                1.7081447635018645,
                3.2248505795464575,
                3.005194349543281,
                6.046392056166852,
                5.9530304571716615,
                9.941483471995122
            ],
            "UnitPairs": [
                [
                    -0.6934398269988403,
                    -0.7205145427621975
                ],
                [
                    -0.655914980220062,
                    -0.7548347757773987
                ],
                [
                    -0.5774220355485481,
                    -0.8164458297174231
                ],
                [
                    -0.4253404077585965,
                    -0.9050334455299157
                ],
                [
                    -0.4165022861186763,
                    -0.9091346686041163
                ],
                [
                    -0.004088541509159977,
                    -0.999991641879235
                ],
                [
                    0.9984261899924566,
                    -0.05608157573701997
                ],
                [
                    0.9997750751910814,
                    -0.021208465919707056
                ],
                [
                    0.9999841642168473,
                    0.005627727386208784
                ],
                [
                    0.9363504666969686,
                    0.35106666534487324
                ],
                [
                    0.9276380504617422,
                    0.3734804510754725
                ],
                [
                    0.9122356468189445,
                    0.40966586954836975
                ],
                [
                    0.8505228378126163,
                    0.5259381164730068
                ],
                [
                    -0.6106440539630842,
                    0.7919051959417428
                ],
                [
                    -0.6287378970921771,
                    0.7776172945351119
                ],
                [
                    -0.7027222229181254,
                    0.7114643191453867
                ],
                [
                    -0.7145711154961424,
                    0.6995628069720393
                ],
                [
                    -0.7326202721069319,
                    0.680637595859915
                ],
                [
                    -0.7682002029048968,
                    0.6402096908489244
                ],
                [
                    -0.9684438016422514,
                    0.24923202655498275
                ],
                [
                    -0.9762407484550163,
                    0.2166887192633467
                ],
                [
                    -0.9985019778037086,
                    0.05471563142358848
                ]
            ]
        },
        {
            "Type": "R",
            "Centroid": {
                "x": 76162.977875,
                "y": 435708.70125
            },
            "Distances": [
                0.0
            ],
            "UnitPairs": [
                [
                    0.0,
                    0.0
                ]
            ]
        }
    ],
    "Annual Heating [kWh/m2]": 394.15711033738387,
    "Annual Cooling [kWh/m2]": 1.5856945650499508
}