{
    "Pand ID": "0599100100020022",
    "Archetype ID": "D.2015-2018",
    "Construction Year": 2020,
    "Number of Floors": 2,
    "Wall Area": 304.78,
    "Roof Area (Flat)": 140.21,
    "Roof Area (Sloped)": 0.0,
    "Floor Area": 116.8,
    "Shared Wall Area": 0.0,
    "Absolute Height (70%)": 2.0489869117736816,
    "Surfaces": [
        {
            "Type": "G",
            "Centroid": {
                "x": 100007.5583125,
                "y": 445107.6000192308
            },
            "Distances": [
                4.7683273046409145,
                4.58922342761791,
                4.670521241650934,
                3.2231083025802945,
                3.4770466766861445,
                8.312751524004044,
                9.862941723340406,
                7.044513182334272,
                6.999592228184871,
                7.043240107167555,
                4.109789548112342,
                5.460131962961722,
                6.876507463769062
            ],
            "UnitPairs": [
                [
                    -0.6541077826087659,
                    -0.7564013542628301
                ],
                [
                    -0.6367090306405246,
                    -0.7711041500995851
                ],
                [
                    -0.6117090260741788,
                    -0.7910828448521555
                ],
                [
                    -0.38192945579884013,
                    -0.9241914795069266
                ],
                [
                    -0.3126216300958506,
                    -0.9498777376042735
                ],
                [
                    0.13401098262099417,
                    -0.9909798466855698
                ],
                [
                    0.8664757675469378,
                    -0.4992191345030204
                ],
                [
                    0.5160044286842854,
                    0.856585914884318
                ],
                [
                    0.512315558265051,
                    0.8587972803633982
                ],
                [
                    0.5047392884405318,
                    0.8632718289765662
                ],
                [
                    -0.3070716846237392,
                    0.9516863876836417
                ],
                [
                    -0.3331421314223909,
                    0.9428766198561435
                ],
                [
                    -0.892749703587284,
                    0.4505529566486237
                ]
            ]
        },
        {
            "Type": "F",
            "Centroid": {
                "x": 100006.94409027779,
                "y": 445108.34441666666
            },
            "Distances": [
                5.020613814775377,
                4.865321671355187,
                5.13176898991265,
                4.973555353545251,
                3.7739084322078265,
                4.0746873321581365,
                9.146915877876545,
                10.772083573810384,
                6.785147469905503,
                6.736571834204968,
                6.819693115432739,
                6.771523558239732,
                3.232406133272741,
                4.565658498147117,
                4.6328617948731425,
                3.4952470695491757,
                6.126349109421275,
                6.005306058404983
            ],
            "UnitPairs": [
                [
                    -0.4988987144178561,
                    -0.8666602983592882
                ],
                [
                    -0.4743320038563943,
                    -0.8803460399851739
                ],
                [
                    -0.47308789280020086,
                    -0.8810152357853215
                ],
                [
                    -0.45094054822951185,
                    -0.8925539882620364
                ],
                [
                    -0.16343209933497185,
                    -0.9865545848593295
                ],
                [
                    -0.11602798920108559,
                    -0.9932459442262792
                ],
                [
                    0.1889404303375635,
                    -0.9819885507396999
                ],
                [
                    0.8503667985350961,
                    -0.5261903723455714
                ],
                [
                    0.6262534810138813,
                    0.779619508169207
                ],
                [
                    0.623495499728087,
                    0.7818269385348801
                ],
                [
                    0.6186821240788761,
                    0.7856414126974532
                ],
                [
                    0.6156992863365155,
                    0.7879812109464956
                ],
                [
                    -0.20040111021584223,
                    0.9797139353016563
                ],
                [
                    -0.26387820689304486,
                    0.9645560076672124
                ],
                [
                    -0.26609422693053025,
                    0.9639470226076967
                ],
                [
                    -0.8445119097577289,
                    0.5355367721056635
                ],
                [
                    -0.9127422675244383,
                    0.4085358651016415
                ],
                [
                    -0.919982715960263,
                    0.3919589293974281
                ]
            ]
        },
        {
            "Type": "R",
            "Centroid": {
                "x": 100011.1933125,
                "y": 445113.63425
            },
            "Distances": [
                0.0
            ],
            "UnitPairs": [
                [
                    0.0,
                    0.0
                ]
            ]
        }
    ],
    "Annual Heating [kWh/m2]": 141.44151684206824,
    "Annual Cooling [kWh/m2]": 0.2839514565824951
}