{
    "Pand ID": "0599100000413078",
    "Archetype ID": "D.1992-2005",
    "Construction Year": 2004,
    "Number of Floors": 2,
    "Wall Area": 263.09,
    "Roof Area (Flat)": 8.0,
    "Roof Area (Sloped)": 221.5,
    "Floor Area": 139.29,
    "Shared Wall Area": 0.0,
    "Absolute Height (70%)": 8.09524154663086,
    "Surfaces": [
        {
            "Type": "G",
            "Centroid": {
                "x": 70251.792875,
                "y": 443641.96575
            },
            "Distances": [
                9.83268005491749,
                9.621453219870244,
                5.562171389167025,
                3.7818582155474916,
                7.60075233530665,
                7.441068475865349,
                3.4361867764357363,
                5.906216264449284
            ],
            "UnitPairs": [
                [
                    -0.934434960629027,
                    -0.3561338292752162
                ],
                [
                    0.04489966225772748,
                    -0.99899150163009
                ],
                [
                    0.8989295097483118,
                    -0.43809329657466767
                ],
                [
                    0.9215046681743636,
                    -0.3883672830361178
                ],
                [
                    0.8807022916545374,
                    0.4736702159461224
                ],
                [
                    0.09662590827431664,
                    0.9953207693252278
                ],
                [
                    -0.7324980170616237,
                    0.6807691642552484
                ],
                [
                    -0.7830732558573608,
                    0.6219294782858845
                ]
            ]
        },
        {
            "Type": "F",
            "Centroid": {
                "x": 70252.59300833334,
                "y": 443643.1622
            },
            "Distances": [
                7.765055933983327,
                11.03792963942175,
                4.153993780064272,
                3.986851062113176,
                3.404612017717735,
                10.814467596314294,
                7.465290996232264,
                3.7830939795366603,
                3.9353787269565257,
                3.7522811894459025,
                5.553289318776146,
                2.0849811488755448,
                4.346071550777461,
                2.6604379196740946,
                6.230308247406557,
                5.74215752637543,
                6.141174772875764,
                1.7507274652911025,
                5.866372620613948,
                5.663281291890849,
                5.521933247613117,
                5.9559710199938065,
                2.1411572083700325,
                4.510356089875097,
                1.593539140087846,
                1.9193301238671017,
                3.42377370615175,
                5.963774804955634,
                3.4961765102832087,
                3.5084705201879074
            ],
            "UnitPairs": [
                [
                    -0.9902225301021008,
                    -0.13949674146084529
                ],
                [
                    -0.9048919190116912,
                    -0.4256414158741357
                ],
                [
                    -0.5339760844066495,
                    -0.8454995808879758
                ],
                [
                    -0.48061322168293746,
                    -0.8769326833591891
                ],
                [
                    -0.03763522323982233,
                    -0.9992915440309144
                ],
                [
                    -0.0340408189361529,
                    -0.9994204433801402
                ],
                [
                    0.2571723818445116,
                    -0.9663655447171223
                ],
                [
                    0.709701287143728,
                    -0.7045027203826367
                ],
                [
                    0.71552622048375,
                    -0.6985858771835
                ],
                [
                    0.738448566825631,
                    -0.6743098057667348
                ],
                [
                    0.7562845055564034,
                    -0.6542428804773548
                ],
                [
                    0.9126541348813285,
                    -0.4087327122754109
                ],
                [
                    0.9999528576313397,
                    -0.009709918378537253
                ],
                [
                    0.9930194751531417,
                    0.1179505064278185
                ],
                [
                    0.9317142003510177,
                    0.36319230287034376
                ],
                [
                    0.9262836559668031,
                    0.3768270010081196
                ],
                [
                    0.9043655118234273,
                    0.4267587386619639
                ],
                [
                    0.6596495968445862,
                    0.7515732894287654
                ],
                [
                    0.08367464844449189,
                    0.9964931275265729
                ],
                [
                    0.04782857370354351,
                    0.9988555588960221
                ],
                [
                    0.020258605393646278,
                    0.9997947733947725
                ],
                [
                    -0.04166127277889111,
                    0.9991317922829013
                ],
                [
                    -0.20695973728685474,
                    0.9783494606438724
                ],
                [
                    -0.285372885795162,
                    0.9584165670797543
                ],
                [
                    -0.6131843948808826,
                    0.789939806488169
                ],
                [
                    -0.8680806457491005,
                    0.496423198970218
                ],
                [
                    -0.8847352638660492,
                    0.4660938884729903
                ],
                [
                    -0.90968111821219,
                    0.4153074321129104
                ],
                [
                    -0.9402080597655993,
                    0.34060065230678455
                ],
                [
                    -0.9454642170265737,
                    0.32572598042269807
                ]
            ]
        },
        {
            "Type": "R",
            "Centroid": {
                "x": 70244.903875,
                "y": 443642.07899999997
            },
            "Distances": [
                0.0
            ],
            "UnitPairs": [
                [
                    0.0,
                    0.0
                ]
            ]
        }
    ],
    "Annual Heating [kWh/m2]": 158.50534200888694,
    "Annual Cooling [kWh/m2]": 0.4731890733217518
}