{
    "Pand ID": "0599100000393203",
    "Archetype ID": "D.1992-2005",
    "Construction Year": 2003,
    "Number of Floors": 3,
    "Wall Area": 255.58,
    "Roof Area (Flat)": 15.39,
    "Roof Area (Sloped)": 87.41,
    "Floor Area": 76.09,
    "Shared Wall Area": 2.27,
    "Absolute Height (70%)": 7.294723033905029,
    "Surfaces": [
        {
            "Type": "G",
            "Centroid": {
                "x": 91854.59443014706,
                "y": 433364.0087352941
            },
            "Distances": [
                6.010794574935252,
                3.405896117504643,
                3.4370603562693334,
                2.718655194970014,
                3.245703713913941,
                2.914889021951947,
                1.7226160197059064,
                1.6523025142386079,
                1.720794603963915,
                2.8181152042223045,
                2.755736628039936,
                7.503391355492697,
                8.358693741809578,
                8.119147818868756,
                4.64454781046609,
                5.301881703593893,
                7.076044022675455
            ],
            "UnitPairs": [
                [
                    -0.9877425643220304,
                    -0.15609172504184718
                ],
                [
                    -0.9193227095125485,
                    -0.39350445458025796
                ],
                [
                    -0.9127327779782389,
                    -0.40855706578656403
                ],
                [
                    -0.9045345844542908,
                    -0.42640026445360385
                ],
                [
                    -0.8972222678802805,
                    -0.44157921375418724
                ],
                [
                    -0.8604504762161461,
                    -0.509534079311097
                ],
                [
                    -0.4238423645852697,
                    -0.9057359714523694
                ],
                [
                    -0.11022052286760518,
                    -0.9939071568002676
                ],
                [
                    0.13417194150526823,
                    -0.9909580667781593
                ],
                [
                    0.6826840684378087,
                    -0.7307136666993449
                ],
                [
                    0.7024917886744144,
                    -0.7116918482356123
                ],
                [
                    0.9322294441993553,
                    -0.36186774292241236
                ],
                [
                    0.92836064971806,
                    0.37168064794264094
                ],
                [
                    0.9199096407120009,
                    0.3921304029594202
                ],
                [
                    0.5750575646814959,
                    0.8181129489884555
                ],
                [
                    -0.527947963296846,
                    0.8492767205397261
                ],
                [
                    -0.7333359756417427,
                    0.6798664183717074
                ]
            ]
        },
        {
            "Type": "F",
            "Centroid": {
                "x": 91854.29710416666,
                "y": 433364.27262500004
            },
            "Distances": [
                5.766485459878492,
                3.3907659496903744,
                2.2203009876345776,
                2.8226309787787445,
                3.2563157441686617,
                3.293487167992522,
                3.117269434251073,
                2.5881707779325898,
                2.8190491409508223,
                1.8747641564486484,
                1.9096034865491334,
                2.0387391468875977,
                3.2141369332555603,
                3.1525229143874305,
                7.877276695821233,
                8.544035603407801,
                8.562740924618787,
                8.296967029720877,
                3.1111534665091884,
                2.92342455731618,
                2.9072318550337988,
                4.922095367707366,
                6.678600001165828,
                1.9448279210025967
            ],
            "UnitPairs": [
                [
                    -0.9780292876659535,
                    -0.20846753336581564
                ],
                [
                    -0.9366000820386372,
                    -0.350400180258541
                ],
                [
                    -0.9317618098565886,
                    -0.3630701443148067
                ],
                [
                    -0.8781848159764567,
                    -0.4783214703401855
                ],
                [
                    -0.8702447456880908,
                    -0.4926196124823597
                ],
                [
                    -0.8622446427775416,
                    -0.5064920295537034
                ],
                [
                    -0.8388083615541134,
                    -0.5444267926791478
                ],
                [
                    -0.8352585096355457,
                    -0.5498574561478702
                ],
                [
                    -0.7842331070226213,
                    -0.6204663035569667
                ],
                [
                    -0.2308512594384118,
                    -0.9729890523616899
                ],
                [
                    0.06033102377279956,
                    -0.9981784247170072
                ],
                [
                    0.25908578552114503,
                    -0.9658543139319156
                ],
                [
                    0.6910745806631048,
                    -0.7227834557883251
                ],
                [
                    0.7083876609283156,
                    -0.7058235769967661
                ],
                [
                    0.9257270773804425,
                    -0.3781922503233827
                ],
                [
                    0.9430213902813616,
                    0.33273211067134445
                ],
                [
                    0.9416620687600679,
                    0.3365598732150183
                ],
                [
                    0.9360297932391453,
                    0.351920766890337
                ],
                [
                    0.37677612048484693,
                    0.9263043533485029
                ],
                [
                    -0.27118595028652237,
                    0.9625269764360872
                ],
                [
                    -0.29608634934830075,
                    0.9551611768333111
                ],
                [
                    -0.5082777719156726,
                    0.8611931877206411
                ],
                [
                    -0.732457650675329,
                    0.6808125953352933
                ],
                [
                    -0.9999813585828596,
                    0.00610593864843421
                ]
            ]
        },
        {
            "Type": "R",
            "Centroid": {
                "x": 91857.26531249999,
                "y": 433367.80850000004
            },
            "Distances": [
                0.0
            ],
            "UnitPairs": [
                [
                    0.0,
                    0.0
                ]
            ]
        }
    ],
    "Annual Heating [kWh/m2]": 117.6690130202659,
    "Annual Cooling [kWh/m2]": 0.28057584245308637
}