{
    "Pand ID": "0599100000614389",
    "Archetype ID": "D.1965",
    "Construction Year": 1924,
    "Number of Floors": 2,
    "Wall Area": 204.88,
    "Roof Area (Flat)": 0.0,
    "Roof Area (Sloped)": 127.23,
    "Floor Area": 88.98,
    "Shared Wall Area": 0.0,
    "Absolute Height (70%)": 4.82205867767334,
    "Surfaces": [
        {
            "Type": "G",
            "Centroid": {
                "x": 92373.47615,
                "y": 440563.84410000005
            },
            "Distances": [
                4.190765910914905,
                8.359124387203002,
                7.484627266632072,
                8.29068048597476,
                5.826713886906781,
                5.743599752741777,
                5.908320262126534,
                4.721665418003476,
                5.9393040433551825,
                3.860911695437793
            ],
            "UnitPairs": [
                [
                    -0.975573460058824,
                    -0.21967344862056967
                ],
                [
                    -0.6765541147660328,
                    -0.7363929180764504
                ],
                [
                    -0.26178992356004094,
                    -0.9651248809985307
                ],
                [
                    0.16314704230690394,
                    -0.986601764941919
                ],
                [
                    0.8226935615908089,
                    0.5684850954220612
                ],
                [
                    0.8124869769640852,
                    0.5829793411980926
                ],
                [
                    0.7998212335039903,
                    0.600238281381782
                ],
                [
                    0.3091282144720745,
                    0.9510203715048944
                ],
                [
                    -0.36290447235391443,
                    0.9318263486001708
                ],
                [
                    -0.813124009986984,
                    0.5820904950114605
                ]
            ]
        },
        {
            "Type": "F",
            "Centroid": {
                "x": 92373.67841666666,
                "y": 440563.98216666665
            },
            "Distances": [
                4.4193433398488375,
                8.597819426390748,
                2.3541216101572284,
                2.1513448248631115,
                7.672479318213978,
                8.396835448853993,
                5.58182173570603,
                5.498773701687169,
                5.744408779192412,
                5.663680831038823,
                4.5303082186164865,
                0.7968675479323792,
                5.888888312371513,
                1.3444629246166953,
                3.95171142954462
            ],
            "UnitPairs": [
                [
                    -0.9708833047613894,
                    -0.23955293472550662
                ],
                [
                    -0.6812967772599647,
                    -0.7320073095913632
                ],
                [
                    -0.6323660851818339,
                    -0.7746696936835734
                ],
                [
                    -0.2857127595526367,
                    -0.9583153025120789
                ],
                [
                    -0.28174291216858693,
                    -0.9594899329554031
                ],
                [
                    0.13699605528121822,
                    -0.9905715929893132
                ],
                [
                    0.8225510506650687,
                    0.5686912774518276
                ],
                [
                    0.8118779887172308,
                    0.5838271417435679
                ],
                [
                    0.8095408095230071,
                    0.5870636061934296
                ],
                [
                    0.7986561157439285,
                    0.6017876774949956
                ],
                [
                    0.27753814369082397,
                    0.9607146188107327
                ],
                [
                    0.2652050944832066,
                    0.9641920233336062
                ],
                [
                    -0.40035852976020864,
                    0.9163585802775266
                ],
                [
                    -0.5471825612966206,
                    0.837013288193724
                ],
                [
                    -0.8456251743677945,
                    0.5337771674354731
                ]
            ]
        },
        {
            "Type": "R",
            "Centroid": {
                "x": 92371.51675,
                "y": 440556.6205
            },
            "Distances": [
                0.0
            ],
            "UnitPairs": [
                [
                    0.0,
                    0.0
                ]
            ]
        }
    ],
    "Annual Heating [kWh/m2]": 394.03271088695396,
    "Annual Cooling [kWh/m2]": 1.9640024227038468
}