{
    "Pand ID": "0599100000202683",
    "Archetype ID": "D.1965",
    "Construction Year": 1952,
    "Number of Floors": 1,
    "Wall Area": 239.87,
    "Roof Area (Flat)": 152.97,
    "Roof Area (Sloped)": 0.0,
    "Floor Area": 152.33,
    "Shared Wall Area": 0.0,
    "Absolute Height (70%)": 2.2837672233581543,
    "Surfaces": [
        {
            "Type": "G",
            "Centroid": {
                "x": 96189.6850297619,
                "y": 437869.46378571435
            },
            "Distances": [
                5.648126545302281,
                5.060075728332895,
                6.385627160574768,
                6.774342842534338,
                6.676783324860574,
                7.1314738038668,
                6.127255627093222,
                10.441707422690525,
                11.317942196664054,
                11.261658819928812,
                11.337913679974264,
                5.715541102127954,
                8.37001378756637,
                4.903806523897331,
                6.249274052699915,
                6.399078043311771,
                6.200009703905147,
                4.644824682221714,
                4.533053705825087,
                4.790187579098249,
                4.6947066996079325
            ],
            "UnitPairs": [
                [
                    -0.9822557475301913,
                    -0.18754638477961935
                ],
                [
                    -0.9616268655140154,
                    -0.2743606595736528
                ],
                [
                    -0.8841582228222294,
                    -0.4671875822577446
                ],
                [
                    0.25110852486154295,
                    -0.9679589395949912
                ],
                [
                    0.2791906143119511,
                    -0.9602357006902604
                ],
                [
                    0.34398152549795874,
                    -0.9389764161660809
                ],
                [
                    0.513622317990177,
                    -0.8580163835629233
                ],
                [
                    0.71244049818343,
                    -0.7017325249325033
                ],
                [
                    0.998599837471876,
                    0.052899570897529
                ],
                [
                    0.998440408992194,
                    0.05582785766533098
                ],
                [
                    0.9977228225047883,
                    0.06744753111181244
                ],
                [
                    0.4739875349838978,
                    0.8805315534833992
                ],
                [
                    -0.3512425231916318,
                    0.9362845133302036
                ],
                [
                    -0.6568172594493801,
                    0.7540497912534727
                ],
                [
                    -0.7024663544733808,
                    0.7117169527507958
                ],
                [
                    -0.7093060486486078,
                    0.7049006521138272
                ],
                [
                    -0.7201448022073285,
                    0.6938237988522501
                ],
                [
                    -0.8992599393232482,
                    0.4374146334181654
                ],
                [
                    -0.8995933043236694,
                    0.4367286191858988
                ],
                [
                    -0.980317510402392,
                    0.19742740133643016
                ],
                [
                    -0.9812976734584024,
                    0.1924964313049119
                ]
            ]
        },
        {
            "Type": "F",
            "Centroid": {
                "x": 96190.09792500001,
                "y": 437869.47618
            },
            "Distances": [
                6.056371410553414,
                5.461468108709318,
                6.758931579955456,
                6.694785623288014,
                6.585563467288876,
                7.162844271820435,
                7.012047017961701,
                5.936781699037163,
                10.160629357571379,
                10.904973534227222,
                10.848720836215367,
                10.981114301482862,
                10.925133684405075,
                5.520520568064704,
                2.211867695503809,
                8.512417476996525,
                5.1755276004315505,
                6.537503448795356,
                6.689933188202801,
                6.495475263820488,
                6.647807553057332,
                5.014371077476589,
                4.902818844553775,
                5.1933537971707215,
                5.098317701221335
            ],
            "UnitPairs": [
                [
                    -0.9842196912871657,
                    -0.17695083860382357
                ],
                [
                    -0.9665532957331708,
                    -0.2564658388701028
                ],
                [
                    -0.896413867834029,
                    -0.4432179797287517
                ],
                [
                    0.19241840926165266,
                    -0.9813129754452526
                ],
                [
                    0.2203607948187845,
                    -0.9754184333437798
                ],
                [
                    0.27254536409026486,
                    -0.9621429335150287
                ],
                [
                    0.2909564061339681,
                    -0.9567363114931958
                ],
                [
                    0.4605525583726828,
                    -0.8876324357392403
                ],
                [
                    0.6915122826281688,
                    -0.7223647021929985
                ],
                [
                    0.9985535467658687,
                    0.0537662927985923
                ],
                [
                    0.9983849859818592,
                    0.056810384314867006
                ],
                [
                    0.9978222336243411,
                    0.06596051913782015
                ],
                [
                    0.9976262364224605,
                    0.0688613999389858
                ],
                [
                    0.4159390353992389,
                    0.9093924998762365
                ],
                [
                    0.3531856817526037,
                    0.9355532449865954
                ],
                [
                    -0.3938716597333558,
                    0.9191654452049922
                ],
                [
                    -0.7021119933178459,
                    0.71206653399752
                ],
                [
                    -0.7346535321376364,
                    0.6784424719294148
                ],
                [
                    -0.7401867643075952,
                    0.6724013339842898
                ],
                [
                    -0.7509535179335851,
                    0.6603550665385801
                ],
                [
                    -0.7551060947455552,
                    0.6556026126230101
                ],
                [
                    -0.9153291467862134,
                    0.40270653464231587
                ],
                [
                    -0.9159628659342925,
                    0.4012630411954698
                ],
                [
                    -0.9837188451900888,
                    0.1797143111103792
                ],
                [
                    -0.984599292195267,
                    0.17482629610152814
                ]
            ]
        },
        {
            "Type": "R",
            "Centroid": {
                "x": 96192.39412499999,
                "y": 437874.4965
            },