{
    "Pand ID": "0599100000170442",
    "Archetype ID": "D.1992-2005",
    "Construction Year": 1994,
    "Number of Floors": 3,
    "Wall Area": 341.74,
    "Roof Area (Flat)": 128.74,
    "Roof Area (Sloped)": 0.0,
    "Floor Area": 118.99,
    "Shared Wall Area": 0.0,
    "Absolute Height (70%)": 7.039295196533203,
    "Surfaces": [
        {
            "Type": "G",
            "Centroid": {
                "x": 97344.094375,
                "y": 437599.5288214286
            },
            "Distances": [
                8.19197249302579,
                7.8024168443061725,
                3.5448931534595705,
                3.3825848375925167,
                4.5385286678828125,
                4.337199380865518,
                5.88431301105243,
                5.621948013738026,
                5.766015178664472,
                6.428758748050075,
                7.043233158620631,
                7.442433523736777,
                7.620910081431463,
                9.220469590498798,
                8.249397504267098,
                8.05895120159453,
                8.157088182207001,
                6.799253512451426,
                6.988485328294794,
                6.875321107166687,
                7.915353202893517
            ],
            "UnitPairs": [
                [
                    -0.9904818414501788,
                    -0.13764345882555665
                ],
                [
                    -0.9872581988015537,
                    -0.1591265185288484
                ],
                [
                    0.12835365702283516,
                    -0.9917284601789264
                ],
                [
                    0.1951170574255969,
                    -0.9807799620208277
                ],
                [
                    0.4759251638727921,
                    -0.8794857806654158
                ],
                [
                    0.5173845615424985,
                    -0.8557530107907751
                ],
                [
                    0.7035655635965166,
                    -0.7106303523781657
                ],
                [
                    0.7639700668705603,
                    -0.6452516849461083
                ],
                [
                    0.7757523803525915,
                    -0.6310374350046819
                ],
                [
                    0.8191316872173038,
                    -0.5736055081643945
                ],
                [
                    0.8782898223992629,
                    -0.4781286310919598
                ],
                [
                    0.9304752239864055,
                    -0.36635482465425323
                ],
                [
                    0.9691755867838903,
                    -0.24637102504576686
                ],
                [
                    0.9473487130201627,
                    0.32020371006445514
                ],
                [
                    -0.581133349134244,
                    0.8138083499964944
                ],
                [
                    -0.5849396381844965,
                    0.811076827236847
                ],
                [
                    -0.5926134292071197,
                    0.8054870101518573
                ],
                [
                    -0.771555287708014,
                    0.6361622733311083
                ],
                [
                    -0.7781371419608503,
                    0.6280944103405154
                ],
                [
                    -0.802580696084805,
                    0.5965435661140183
                ],
                [
                    -0.8292744280317103,
                    0.5588415902674745
                ]
            ]
        },
        {
            "Type": "F",
            "Centroid": {
                "x": 97345.10015277778,
                "y": 437599.2259166667
            },
            "Distances": [
                9.156987595668403,
                8.759218315238186,
                3.2595372787499737,
                3.0344319703154663,
                3.865034374457314,
                3.6265965747427935,
                5.195368946824234,
                4.9867227764371105,
                4.676792840319945,
                4.8112682370692905,
                5.441090132209729,
                4.368802752912078,
                6.018877308051071,
                3.6705957954810855,
                6.396198232320225,
                6.571667270626171,
                4.104957943260977,
                4.5497440275275425,
                8.38677955305419,
                3.1946381197280638,
                9.103095941274601,
                8.915847591351282,
                9.019185972430327,
                7.778572801448477,
                7.971214723041657,
                7.871329532250497,
                8.924111293735614
            ],