{
    "Pand ID": "0599100000293830",
    "Archetype ID": "D.1965",
    "Construction Year": 1900,
    "Number of Floors": 2,
    "Wall Area": 141.19,
    "Roof Area (Flat)": 14.95,
    "Roof Area (Sloped)": 107.61,
    "Floor Area": 98.55,
    "Shared Wall Area": 63.78,
    "Absolute Height (70%)": 5.392099380493164,
    "Surfaces": [
        {
            "Type": "G",
            "Centroid": {
                "x": 90164.84949702381,
                "y": 438954.967202381
            },
            "Distances": [
                6.039555978677873,
                4.69570704048552,
                4.669831509199937,
                5.496426387998501,
                4.5892717744369715,
                4.332372031541364,
                4.486526516306513,
                4.499897167142474,
                7.739604997354189,
                7.952661243157836,
                6.013194689332615,
                4.726741058956201,
                4.698612752762668,
                5.695294314087954,
                8.04929575094553,
                8.019710753013436,
                8.190963571458942,
                9.063159873634522,
                6.77969484072102,
                5.863064848645642,
                5.440070223689415
            ],
            "UnitPairs": [
                [
                    -0.9998764056720996,
                    -0.015721748638207852
                ],
                [
                    -0.9757443307935262,
                    -0.21891322692860254
                ],
                [
                    -0.9725853095267187,
                    -0.2325463732093382
                ],
                [
                    -0.9653198549894633,
                    -0.26107006255624465
                ],
                [
                    -0.9225449552597645,
                    -0.38588962868255366
                ],
                [
                    -0.9163131639921414,
                    -0.4004624645265911
                ],
                [
                    -0.7118668556190721,
                    -0.7023144451533195
                ],
                [
                    -0.7041959862902347,
                    -0.7100056428597757
                ],
                [
                    -0.31911312329983776,
                    -0.9477166319833279
                ],
                [
                    -0.28025958300886783,
                    -0.9599242502050334
                ],
                [
                    0.9963406784103156,
                    -0.08547077011980347
                ],
                [
                    0.9696301149188092,
                    0.244576041840849
                ],
                [
                    0.9664960095968257,
                    0.25668163828644336
                ],
                [
                    0.9538032938441824,
                    0.3004318169768112
                ],
                [
                    0.9332730102889365,
                    0.3591677717532946
                ],
                [
                    0.9244959954936381,
                    0.38119175530987903
                ],
                [
                    0.9229915882582196,
                    0.38482012421983475
                ],
                [
                    0.5573321608145704,
                    0.8302896256859782
                ],
                [
                    0.4049135751207098,
                    0.9143549620814474
                ],
                [
                    -0.9736903259961127,
                    0.22787529278441643
                ],
                [
                    -0.990577198866937,
                    0.13695551498546038
                ]
            ]
        },
        {
            "Type": "F",
            "Centroid": {
                "x": 90165.51705787035,
                "y": 438955.3674722222
            },
            "Distances": [
                6.724629996794535,
                5.440193746649198,
                5.417231409972398,
                6.248935444236723,
                6.166071887307749,
                5.3607497092751375,
                5.105328382191045,
                5.246080480534396,
                5.25769535493266,
                8.34726036895367,
                8.540356435036237,
                5.401558544075243,
                3.3244803327698484,
                3.4401095322744597,
                3.9879011329230485,
                3.9565495491558536,
                4.941642833155238,
                7.283744140598021,
                7.45194607454497,
                7.250895084070274,
                7.421632175614066,
                4.644420001462749,
                4.799459522210846,
                8.36532528435829,
                6.159737705005792,
                6.444670600537054,
                6.0661762073939
            ],