{
    "Pand ID": "0599100015001856",
    "Archetype ID": "D.1992-2005",
    "Construction Year": 2001,
    "Number of Floors": 3,
    "Wall Area": 297.75,
    "Roof Area (Flat)": 14.32,
    "Roof Area (Sloped)": 123.05,
    "Floor Area": 109.32,
    "Shared Wall Area": 0.0,
    "Absolute Height (70%)": 9.62742805480957,
    "Surfaces": [
        {
            "Type": "G",
            "Centroid": {
                "x": 75850.5255625,
                "y": 436026.633125
            },
            "Distances": [
                7.550031278117912,
                6.706083696961282,
                8.255635116418771,
                8.229210012236909,
                6.6254433474662155,
                7.556829555121636,
                5.331493017988306,
                4.362323698537893,
                6.061767032048686,
                5.00325108562106,
                5.417375037881586,
                5.419909782559998,
                4.991848585528385,
                6.036236580082681,
                4.317159271522765,
                5.302013631711883
            ],
            "UnitPairs": [
                [
                    -0.9566599440362882,
                    -0.2912074028531657
                ],
                [
                    -0.893936427114701,
                    -0.44819377982899633
                ],
                [
                    -0.8403729576413962,
                    -0.5420085719479465
                ],
                [
                    -0.16985986478906945,
                    -0.9854682269529743
                ],
                [
                    -0.07921168025582088,
                    -0.9968578182022999
                ],
                [
                    0.11277050696783449,
                    -0.9936210609473903
                ],
                [
                    0.9886888123504446,
                    -0.1499814399619744
                ],
                [
                    0.9988226003186385,
                    -0.048511989164674876
                ],
                [
                    0.9494240655535742,
                    0.31399672569586223
                ],
                [
                    0.7807298560790553,
                    0.6248686996696006
                ],
                [
                    0.763688589228979,
                    0.6455848036326844
                ],
                [
                    0.2957959752693866,
                    0.955251140284288
                ],
                [
                    0.27148008934532003,
                    0.9624440560827716
                ],
                [
                    -0.07899168524484694,
                    0.996875274877544
                ],
                [
                    -0.43496484190007517,
                    0.9004474367284537
                ],
                [
                    -0.5290089190294639,
                    0.8486162640365068
                ]
            ]
        },
        {
            "Type": "F",
            "Centroid": {
                "x": 75850.97888636363,
                "y": 436027.35500000004
            },
            "Distances": [
                8.21294038229446,
                7.448000994511218,
                9.035071056497872,
                9.023419423217073,
                7.391505462097278,
                8.240159127741308,
                5.052402623385033,
                4.013922463307795,
                4.073297892764633,
                2.1434795618868,
                5.431914972506797,
                4.209420527542666,
                4.207598785660959,
                4.61240192755291,
                4.601485263703541,
                4.180928637069558,
                4.207381359582002,
                5.3765671114955165,
                2.3924025762078296,
                3.9394712491575903,
                3.931232248989242,
                4.987725414838415
            ],
            "UnitPairs": [
                [
                    -0.9346392407986653,
                    -0.35559737001177966
                ],
                [
                    -0.8657539611476336,
                    -0.5004698579906505
                ],
                [
                    -0.8180496110557228,
                    -0.5751476626498457
                ],
                [
                    -0.20514799066885547,
                    -0.9787309650381616
                ],
                [
                    -0.13233249554427018,
                    -0.9912053826644737
                ],
                [
                    0.048404846336265635,
                    -0.9988277983972825
                ],
                [
                    0.9535787219478884,
                    -0.3011438544088719
                ],
                [
                    0.9725807292132529,
                    -0.2325655287505384
                ],
                [
                    0.980744286703348,
                    -0.19529629822078345
                ],
                [
                    0.9829175299011694,
                    0.18404654143173577
                ],
                [
                    0.9760579212313444,
                    0.217510768472613
                ],
                [
                    0.8214583488981259,
                    0.5702685166003513
                ],
                [
                    0.8206256851616663,
                    0.5714660837293372
                ],
                [
                    0.7986866049903515,
                    0.6017472118830185
                ],
                [
                    0.24988967050240202,
                    0.9682743168008747
                ],
                [
                    0.21570892848192463,
                    0.9764577093623563
                ],
                [
                    0.19985439029901608,
                    0.9798256082988486
                ],
                [
                    -0.17299818719727433,
                    0.9849221427231987
                ],
                [
                    -0.3461525965027705,
                    0.9381782239715384
                ],
                [
                    -0.5886922931915561,
                    0.8083572130790118
                ],
                [
                    -0.5929785410746435,
                    0.8052182622276939
                ],
                [
                    -0.6532309003888549,
                    0.7571587619364686
                ]
            ]
        },
        {
            "Type": "R",
            "Centroid": {
                "x": 75854.97375,
                "y": 436026.55950000003
            },
            "Distances": [
                0.0
            ],
            "UnitPairs": [
                [
                    0.0,
                    0.0
                ]
            ]
        }
    ],
    "Annual Heating [kWh/m2]": 112.78433947758016,
    "Annual Cooling [kWh/m2]": 0.29332281047337067
}