{
    "Pand ID": "0599100000767529",
    "Archetype ID": "D.2006-2014",
    "Construction Year": 2010,
    "Number of Floors": 3,
    "Wall Area": 287.29,
    "Roof Area (Flat)": 30.65,
    "Roof Area (Sloped)": 129.01,
    "Floor Area": 121.2,
    "Shared Wall Area": 0.0,
    "Absolute Height (70%)": 4.217303276062012,
    "Surfaces": [
        {
            "Type": "G",
            "Centroid": {
                "x": 100644.24326902174,
                "y": 444971.16694565216
            },
            "Distances": [
                10.433863530902393,
                10.137758872836622,
                7.772140839235589,
                7.6109297614414855,
                6.813046500373297,
                4.001165217109572,
                4.480561621310121,
                5.53398932753538,
                4.183210355340089,
                4.089112809994011,
                4.1936285376810405,
                2.085608035369169,
                2.0422872107148193,
                3.4349433459861056,
                4.972564849369316,
                5.063584944067103,
                4.673424962177303,
                4.618804212723421,
                4.7706685165314955,
                4.712874209231512,
                8.020382686773265,
                7.973235757356398,
                8.554014608393873
            ],
            "UnitPairs": [
                [
                    -0.33668798823477947,
                    -0.9416162692829904
                ],
                [
                    -0.30746011626687025,
                    -0.9515609685696249
                ],
                [
                    0.62184198385481,
                    -0.7831427373828568
                ],
                [
                    0.6260790241963107,
                    -0.7797596138948178
                ],
                [
                    0.6497891182782921,
                    -0.7601145320062758
                ],
                [
                    0.7712861906001388,
                    -0.6364885012233341
                ],
                [
                    0.8704362997075195,
                    -0.492281066212668
                ],
                [
                    0.9560993281901371,
                    -0.2930427863544306
                ],
                [
                    0.889518614217158,
                    0.4568989329832
                ],
                [
                    0.8872446535102596,
                    0.46129917062299075
                ],
                [
                    0.8152947853019845,
                    0.5790461234300692
                ],
                [
                    0.6871106430153618,
                    0.7265527952289608
                ],
                [
                    0.6811203982285903,
                    0.7321714301425089
                ],
                [
                    0.17439690205444489,
                    0.9846754391949726
                ],
                [
                    -0.02251484397472227,
                    0.9997465087714954
                ],
                [
                    -0.030009671687127506,
                    0.999549608376308
                ],
                [
                    -0.4153177888687808,
                    0.9096763898492403
                ],
                [
                    -0.41546608891805525,
                    0.909608668032102
                ],
                [
                    -0.5867011116009203,
                    0.8098035599120594
                ],
                [
                    -0.5888034347071386,
                    0.8082762617305276
                ],
                [
                    -0.9806211036170539,
                    0.19591388705467344
                ],
                [
                    -0.9822808154785658,
                    0.18741504620164218
                ],
                [
                    -0.990056354758962,
                    0.14067129913879445
                ]
            ]
        },
        {
            "Type": "F",
            "Centroid": {
                "x": 100643.86316544117,
                "y": 444970.68086764705
            },
            "Distances": [
                9.85010391361937,
                9.219528298670166,
                5.8334592948095745,
                9.560715438555311,
                7.464970008449202,
                7.651393355823876,
                7.668926939510198,
                7.49399576466563,
                6.7178362012432,
                4.032408774032332,
                4.6126720777985755,
                5.783730319032955,
                2.5107304403950836,
                4.750457803640163,
                4.657621804504568,
                4.852899126565777,
                4.788229617913853,
                2.700561715582118,
                2.657600032459676,
                3.9903772993639137,
                5.4639660495807725,
                5.570743687019149,
                5.552071870038718,
                4.9335202135252505,
                4.987890682628216,
                4.976743554090671,
                4.917888791737993,
                2.0014211546574674,
                7.762463893449713,
                7.710514024417672,
                8.31485872983809,
                8.263386390477443,
                7.3389229168471015,
                4.441364223714679
            ],