{
    "Pand ID": "0599100000241936",
    "Archetype ID": "D.1975-1991",
    "Construction Year": 1983,
    "Number of Floors": 2,
    "Wall Area": 134.58,
    "Roof Area (Flat)": 0.0,
    "Roof Area (Sloped)": 101.52,
    "Floor Area": 90.73,
    "Shared Wall Area": 0.0,
    "Absolute Height (70%)": -0.7096126079559326,
    "Surfaces": [
        {
            "Type": "G",
            "Centroid": {
                "x": 98365.62012499999,
                "y": 442379.49905000004
            },
            "Distances": [
                6.410517053240061,
                6.2677162738826775,
                6.361789598049153,
                5.449699009154932,
                7.244800196729016,
                7.2212208033068315,
                5.928205570829124,
                5.322228676965717,
                5.423967559811654,
                6.48141840106856
            ],
            "UnitPairs": [
                [
                    -0.9996853524867253,
                    -0.025083780087772112
                ],
                [
                    -0.9982104687889553,
                    -0.059798494965460504
                ],
                [
                    -0.9975966514094174,
                    -0.06928867942685465
                ],
                [
                    -0.7434355536297955,
                    -0.6688075789037976
                ],
                [
                    -0.22091706555393065,
                    -0.9752925971968823
                ],
                [
                    0.9943609530280569,
                    -0.10604855064136567
                ],
                [
                    0.9814943038816918,
                    0.1914913351767987
                ],
                [
                    0.8728486282670854,
                    0.48799105743063304
                ],
                [
                    0.8717788128098957,
                    0.4898996851762295
                ],
                [
                    0.35339486795439257,
                    0.9354742472689974
                ]
            ]
        },
        {
            "Type": "F",
            "Centroid": {
                "x": 98365.62012499999,
                "y": 442379.49905000004
            },
            "Distances": [
                6.410517053240061,
                6.2677162738826775,
                6.361789598049153,
                5.449699009154932,
                7.244800196729016,
                7.2212208033068315,
                5.928205570829124,
                5.322228676965717,
                5.423967559811654,
                6.48141840106856
            ],
            "UnitPairs": [
                [
                    -0.9996853524867253,
                    -0.025083780087772112
                ],
                [
                    -0.9982104687889553,
                    -0.059798494965460504
                ],
                [
                    -0.9975966514094174,
                    -0.06928867942685465
                ],
                [
                    -0.7434355536297955,
                    -0.6688075789037976
                ],
                [
                    -0.22091706555393065,
                    -0.9752925971968823
                ],
                [
                    0.9943609530280569,
                    -0.10604855064136567
                ],
                [
                    0.9814943038816918,
                    0.1914913351767987
                ],
                [
                    0.8728486282670854,
                    0.48799105743063304
                ],
                [
                    0.8717788128098957,
                    0.4898996851762295
                ],
                [
                    0.35339486795439257,
                    0.9354742472689974
                ]
            ]
        },
        {
            "Type": "R",
            "Centroid": {
                "x": 98365.962875,
                "y": 442379.0005
            },
            "Distances": [
                6.848722006715876,
                6.842970672515095,
                6.8447273959511055,
                6.847684106690578
            ],
            "UnitPairs": [
                [
                    -0.2837390681197262,
                    -0.9589015284285188
                ],
                [
                    0.999237075128122,
                    -0.03905467564064561
                ],
                [
                    0.284562099747646,
                    0.9586576090488256
                ],
                [
                    -0.9992064314585196,
                    0.039830984571445543
                ]
            ]
        }
    ],
    "Annual Heating [kWh/m2]": 292.78123183642043,
    "Annual Cooling [kWh/m2]": 1.282597995472095
}