{
    "Pand ID": "0599100000754516",
    "Archetype ID": "D.2006-2014",
    "Construction Year": 2009,
    "Number of Floors": 2,
    "Wall Area": 352.55,
    "Roof Area (Flat)": 126.47,
    "Roof Area (Sloped)": 0.0,
    "Floor Area": 126.47,
    "Shared Wall Area": 0.0,
    "Absolute Height (70%)": 2.452775001525879,
    "Surfaces": [
        {
            "Type": "G",
            "Centroid": {
                "x": 100715.46315277778,
                "y": 444782.3270833333
            },
            "Distances": [
                5.039406991605448,
                5.877915933029451,
                5.01874461330343,
                3.5028851353483117,
                4.3402996880807665,
                4.252249410495317,
                7.305448692862203,
                7.879864666373389,
                7.038595988799568,
                7.21860631703579,
                5.045707102128263,
                6.715526466056028,
                8.34505863401887,
                7.776337108683123,
                8.253573269601064,
                7.078722848143248,
                6.803933677955349,
                7.788627046656429
            ],
            "UnitPairs": [
                [
                    -0.8988711936384111,
                    -0.43821293596499195
                ],
                [
                    -0.8984098850587501,
                    -0.4391579196925901
                ],
                [
                    -0.8511646052778028,
                    -0.524898861422162
                ],
                [
                    -0.8201176078519968,
                    -0.5721949923680898
                ],
                [
                    -0.5123558135591822,
                    -0.8587732647865259
                ],
                [
                    -0.49968324353951893,
                    -0.8662082059908147
                ],
                [
                    -0.06841164708522499,
                    -0.9976571788661106
                ],
                [
                    0.8574033321981033,
                    -0.5146450484903056
                ],
                [
                    0.8942439986944873,
                    -0.44757979266148046
                ],
                [
                    0.9263868852958173,
                    -0.3765731519265738
                ],
                [
                    0.9590771172936673,
                    0.2831449859765651
                ],
                [
                    0.9491768447998357,
                    0.314743256156234
                ],
                [
                    0.4886990494702777,
                    0.8724524279563023
                ],
                [
                    0.43828118233388474,
                    0.8988379193225061
                ],
                [
                    0.3822856015399541,
                    0.924044219101681
                ],
                [
                    -0.8700408124313566,
                    0.49297970009300085
                ],
                [
                    -0.9091472772315013,
                    0.41647476310401765
                ],
                [
                    -0.9558523900535528,
                    0.2938472535670711
                ]
            ]
        },
        {
            "Type": "F",
            "Centroid": {
                "x": 100715.247125,
                "y": 444782.0164166666
            },
            "Distances": [
                4.71270387783113,
                5.550461212665326,
                5.5720988122310535,
                4.674241632608002,
                3.1506868045117065,
                4.219313353285309,
                3.96291195628982,
                3.875333147830483,
                7.187169308790427,
                6.983433695030023,
                7.914214964670997,
                8.218368664583814,
                7.102609509201483,
                7.311068276272393,
                5.346104470264898,
                7.022021587405011,
                8.721750101929302,
                8.150463473997277,
                9.150814945923608,
                8.623606380599092,
                7.053992557915113,
                6.747202914811831,
                8.090756825363071,
                7.6818852074488015
            ],
            "UnitPairs": [
                [
                    -0.9153450146271181,
                    -0.40267046601070816
                ],
                [
                    -0.912491738242121,
                    -0.4090951327501618
                ],
                [
                    -0.8753882808535588,
                    -0.48342047716687697
                ],
                [
                    -0.8676808600761337,
                    -0.49712164010183757
                ],
                [
                    -0.8432288465455353,
                    -0.5375547528889367
                ],
                [
                    -0.5431570988215338,
                    -0.839631089228939
                ],
                [
                    -0.5066350254900598,
                    -0.8621606294343801
                ],
                [
                    -0.4925382998507746,
                    -0.870290769329486
                ],
                [
                    -0.09499567502293473,
                    -0.9954776851978838
                ],
                [
                    -0.04063187428695942,
                    -0.9991741844102703
                ],
                [
                    0.880978092095078,
                    -0.473157057697036
                ],
                [
                    0.9019125695773179,
                    -0.43191864608794034
                ],
                [
                    0.9165997358537815,
                    -0.3998061082984826
                ],
                [
                    0.9442190578915923,
                    -0.32931803885349764
                ],
                [
                    0.945595064242058,
                    0.3253459304817844
                ],
                [
                    0.9385117829641719,
                    0.34524720598060027
                ],
                [
                    0.4923610456411005,
                    0.8703910619573263
                ],
                [
                    0.4446679641680023,
                    0.8956954848846144
                ],
                [
                    0.4386767761920122,
                    0.8986449165436721
                ],
                [
                    0.39093273176237603,
                    0.9204192518829699
                ],
                [
                    -0.8424661567468217,
                    0.5387492688962463
                ],
                [
                    -0.8847740427198604,
                    0.4660202713714873
                ],
                [
                    -0.9223797181244058,
                    0.38628442318160044
                ],
                [
                    -0.9410124995079783,
                    0.33837180108535514
                ]
            ]
        },
        {
            "Type": "R",
            "Centroid": {
                "x": 100718.618375,
                "y": 444789.95375
            },
            "Distances": [
                0.0
            ],
            "UnitPairs": [
                [
                    0.0,
                    0.0
                ]
            ]
        }
    ],
    "Annual Heating [kWh/m2]": 161.43297428662083,
    "Annual Cooling [kWh/m2]": 0.46865979353781245
}