{
    "Pand ID": "0599100000385866",
    "Archetype ID": "D.1992-2005",
    "Construction Year": 2002,
    "Number of Floors": 2,
    "Wall Area": 236.29,
    "Roof Area (Flat)": 6.04,
    "Roof Area (Sloped)": 229.73,
    "Floor Area": 166.31,
    "Shared Wall Area": 0.0,
    "Absolute Height (70%)": 10.019449234008789,
    "Surfaces": [
        {
            "Type": "G",
            "Centroid": {
                "x": 68178.3609375,
                "y": 445265.36675
            },
            "Distances": [
                9.634913535058159,
                6.192199736612092,
                4.406610355856311,
                9.87989056509839,
                10.864257364314877,
                2.9466198564139106,
                7.636574335267515,
                9.05226553564958
            ],
            "UnitPairs": [
                [
                    -0.969923078810083,
                    -0.24341162912147318
                ],
                [
                    -0.15408498442773352,
                    -0.9880575983078644
                ],
                [
                    -0.1264293765505439,
                    -0.9919756109628103
                ],
                [
                    0.6218565842938224,
                    -0.7831311439155131
                ],
                [
                    0.8495633608903,
                    0.5274865835571344
                ],
                [
                    0.3637642628639659,
                    0.9314910418587157
                ],
                [
                    0.27654742915932706,
                    0.9610002702524942
                ],
                [
                    -0.8507400682916106,
                    0.5255866590802946
                ]
            ]
        },
        {
            "Type": "F",
            "Centroid": {
                "x": 68179.26452217743,
                "y": 445265.63556451607
            },
            "Distances": [
                10.5768323871795,
                4.864450609580623,
                4.8645525462619466,
                6.559740724952864,
                6.647136513551185,
                6.553908488467448,
                9.568579398247802,
                8.366481431226102,
                4.504133111706904,
                9.07920102661181,
                3.220561635733201,
                3.0684008535392504,
                3.0567016101470523,
                3.490871624852315,
                2.302233780201377,
                9.720580041677595,
                9.957903884156384,
                9.849262994776671,
                4.851286037492236,
                7.016658718546091,
                7.169537940660883,
                7.02100407249671,
                2.481648273481281,
                3.2389941277780467,
                1.90812949065364,
                6.084164169159222,
                9.530334563673813,
                9.705234176027025,
                9.499252285958592,
                5.539841967443688,
                5.815905553841991
            ],
            "UnitPairs": [
                [
                    -0.9689772232611262,
                    -0.2471500370243904
                ],
                [
                    -0.30151599741444823,
                    -0.9534611178769539
                ],
                [
                    -0.30027626663207174,
                    -0.9538522756158341
                ],
                [
                    -0.2801497428769129,
                    -0.9599563123215553
                ],
                [
                    -0.26849300804668674,
                    -0.9632816330803997
                ],
                [
                    -0.2556809696644739,
                    -0.9667612123743041
                ],
                [
                    0.5476560421846379,
                    -0.8367035672558462
                ],
                [
                    0.5551067507584526,
                    -0.8317791144663306
                ],
                [
                    0.5708735196782444,
                    -0.8210380164950786
                ],
                [
                    0.5950182517972634,
                    -0.8037121873084471
                ],
                [
                    0.6847533355989633,
                    -0.7287749099592367
                ],
                [
                    0.8128958508460942,
                    -0.5824090793224335
                ],
                [
                    0.8297474356530125,
                    -0.5581390445285564
                ],
                [
                    0.8405609366116799,
                    -0.5417170034644431
                ],
                [
                    0.9518105161253928,
                    -0.3066867153841415
                ],
                [
                    0.836811207530601,
                    0.5474915551414262
                ],
                [
                    0.8361488943287724,
                    0.5485025309994215
                ],
                [
                    0.8298377581056482,
                    0.5580047448025793
                ],
                [
                    0.8266447889456875,
                    0.5627240823964618
                ],
                [
                    0.19856891698279164,
                    0.980086927373425
                ],
                [
                    0.17885257504571286,
                    0.9838758846518791
                ],
                [
                    0.16739633112811841,
                    0.9858896836486551
                ],
                [
                    0.06781393010930584,
                    0.9976979858068925
                ],
                [
                    -0.46826564593508446,
                    0.8835877346574013
                ],
                [
                    -0.7995839301801075,
                    0.6005543594028212
                ],
                [
                    -0.8020345180948365,
                    0.5972776839832403
                ],
                [
                    -0.8844085819975038,
                    0.46671346679645376
                ],
                [
                    -0.8866050546911963,
                    0.46252727162408547
                ],
                [
                    -0.8909869348279927,
                    0.4540289439736395
                ],
                [
                    -0.9340897642649035,
                    0.3570382504656008
                ],
                [
                    -0.9997943782963447,
                    0.020278094758273302
                ]
            ]
        },
        {
            "Type": "R",
            "Centroid": {
                "x": 68181.7588125,
                "y": 445263.84849999996
            },
            "Distances": [
                0.0
            ],
            "UnitPairs": [
                [
                    0.0,
                    0.0
                ]
            ]
        }
    ],
    "Annual Heating [kWh/m2]": 155.16783740305598,
    "Annual Cooling [kWh/m2]": 0.4455032532524115
}