{
    "Pand ID": "0599100000045610",
    "Archetype ID": "D.1965",
    "Construction Year": 1924,
    "Number of Floors": 3,
    "Wall Area": 399.21,
    "Roof Area (Flat)": 159.82,
    "Roof Area (Sloped)": 0.0,
    "Floor Area": 159.81,
    "Shared Wall Area": 8.33,
    "Absolute Height (70%)": 4.6957292556762695,
    "Surfaces": [
        {
            "Type": "G",
            "Centroid": {
                "x": 93684.11379166668,
                "y": 442479.5794583334
            },
            "Distances": [
                8.212484519806273,
                10.280074087179749,
                10.4375455681975,
                9.752826222269396,
                9.825133895872586,
                7.431835433099494,
                5.175724320126604,
                5.1161227494816615,
                7.199976793094875,
                6.448739339676448,
                7.42330262783763,
                7.640635929322651,
                6.826272548343259,
                6.971837215130175,
                6.081224204136863,
                6.173094354066268,
                9.022855723333324,
                7.91810700681361,
                4.555266666666025,
                4.385288225562116,
                4.657869969688226,
                4.495297625063607,
                4.579723416448893,
                7.963799652474934
            ],
            "UnitPairs": [
                [
                    -0.9505243690688178,
                    -0.31065000210256855
                ],
                [
                    -0.8422280416707131,
                    -0.5391214388461245
                ],
                [
                    -0.8302877922834752,
                    -0.5573348921295282
                ],
                [
                    -0.8204972060714655,
                    -0.5716505355800159
                ],
                [
                    -0.8023469960030449,
                    -0.5968578541033785
                ],
                [
                    0.5123678218661828,
                    -0.8587661003533521
                ],
                [
                    0.7440182465583934,
                    -0.6681592989610887
                ],
                [
                    0.7528813364983797,
                    -0.6581562832279377
                ],
                [
                    0.8774796801260492,
                    -0.4796138144026778
                ],
                [
                    0.990555362352008,
                    -0.13711336227983761
                ],
                [
                    0.9977814060215214,
                    -0.06657526415806327
                ],
                [
                    0.9773837416685588,
                    0.2114734534686753
                ],
                [
                    0.9502745879818688,
                    0.31141324222950034
                ],
                [
                    0.9320116251747727,
                    0.3624283798753614
                ],
                [
                    0.90686235997818,
                    0.42142693323375274
                ],
                [
                    0.8943380769308774,
                    0.4473917792624045
                ],
                [
                    0.6266124059491678,
                    0.7793310546299276
                ],
                [
                    -0.3855930039909838,
                    0.9226689738325491
                ],
                [
                    -0.7020811075862026,
                    0.7120969866321097
                ],
                [
                    -0.7313468355351282,
                    0.6820057229618781
                ],
                [
                    -0.7662658446692272,
                    0.6425236612712063
                ],
                [
                    -0.7962023797315743,
                    0.6050303880878859
                ],
                [
                    -0.8042334289130266,
                    0.5943135467232729
                ],
                [
                    -0.9366341435226697,
                    0.35030912232991435
                ]
            ]
        },
        {
            "Type": "F",
            "Centroid": {
                "x": 93683.63685576923,
                "y": 442479.57786538464
            },
            "Distances": [
                7.760036229171899,
                9.880837805535005,
                10.044146698123035,
                9.36452276338754,
                9.445766954316271,
                4.506061375997685,
                7.68579859528329,
                5.538752245042406,
                5.483211647404449,
                7.621190042413699,
                6.9212763641438,
                7.899144713273494,
                8.107730331258663,
                7.281472873062896,
                7.418903866865609,
                6.51746629990719,
                6.603751227751337,
                9.330317813927225,
                7.74821494887389,
                4.2352825408937935,
                4.050743850184353,
                4.304443094653852,
                4.126714185709435,
                4.206749280492411,
                7.519532870201648,
                8.435782657667442
            ],