{
    "Pand ID": "0599100100015915",
    "Archetype ID": "D.2015-2018",
    "Construction Year": 2017,
    "Number of Floors": 2,
    "Wall Area": 326.64,
    "Roof Area (Flat)": 148.44,
    "Roof Area (Sloped)": 0.0,
    "Floor Area": 148.42,
    "Shared Wall Area": 0.0,
    "Absolute Height (70%)": 1.6609219312667847,
    "Surfaces": [
        {
            "Type": "G",
            "Centroid": {
                "x": 94805.54699342106,
                "y": 440971.622868421
            },
            "Distances": [
                6.750118447918643,
                4.029724759814609,
                5.154404994801908,
                7.295550923082727,
                6.840832967713133,
                7.188382242971678,
                9.481452151574723,
                11.866986657286388,
                7.980264384076157,
                9.153195513782201,
                9.048263113807039,
                7.949947312547223,
                5.3882067232741315,
                7.159423257272939,
                7.133866236641897,
                7.246538037921691,
                8.335681837293727,
                7.905575524700905,
                7.9511950215934695
            ],
            "UnitPairs": [
                [
                    -0.9988518680187928,
                    -0.047905592109564805
                ],
                [
                    -0.9711254872984885,
                    -0.23856925183114747
                ],
                [
                    -0.9231654140203592,
                    -0.38440293749738524
                ],
                [
                    0.4059503675830446,
                    -0.9138951247595049
                ],
                [
                    0.5488559063892092,
                    -0.8359169779479777
                ],
                [
                    0.5608538114233627,
                    -0.8279148520300184
                ],
                [
                    0.6162169555398567,
                    -0.7875764494353487
                ],
                [
                    0.9471344245635238,
                    -0.3208370019288963
                ],
                [
                    0.9913996827887351,
                    -0.13086889992047446
                ],
                [
                    0.9988458746649534,
                    0.048030393136056865
                ],
                [
                    0.9982724270207551,
                    0.058755097226461966
                ],
                [
                    0.018192772010265368,
                    0.9998344978278068
                ],
                [
                    -0.46627172083128443,
                    0.8846415558592264
                ],
                [
                    -0.5533083153066549,
                    0.8329765352112335
                ],
                [
                    -0.5615984780431887,
                    0.8274099041343258
                ],
                [
                    -0.5652862649201144,
                    0.8248948046221811
                ],
                [
                    -0.9928843953739864,
                    0.1190822296685517
                ],
                [
                    -0.9956730406860881,
                    0.09292575558433445
                ],
                [
                    -0.996500324734912,
                    0.08358889162571083
                ]
            ]
        },
        {
            "Type": "F",
            "Centroid": {
                "x": 94804.95938690477,
                "y": 440971.9565476191
            },
            "Distances": [
                6.189733893965554,
                3.5690111491695884,
                4.77018871167461,
                7.849315818687313,
                7.448644981422417,
                7.799947702035974,
                10.109614528582611,
                12.53123443022389,
                8.610230161840688,
                9.73081493488172,
                9.622274479251077,
                7.650076626554647,
                4.832781311159528,
                6.563431511123439,
                6.668643826666937,
                6.5346127339269025,
                6.645721073179538,
                7.7169474449731545,
                7.73121052321168,
                7.294789256520577,
                7.343223556569266
            ],
            "UnitPairs": [
                [
                    -0.9943500011791527,
                    -0.10615119007820345
                ],
                [
                    -0.9318440783070123,
                    -0.36285894466604307
                ],
                [
                    -0.8743389741707668,
                    -0.48531573047451415
                ],
                [
                    0.45217165129026154,
                    -0.8919309377801838
                ],
                [
                    0.5829567802022602,
                    -0.8125031645576611
                ],
                [
                    0.5922139829246951,
                    -0.805780738432279
                ],
                [
                    0.6360517581603671,
                    -0.7716463963118768
                ],
                [
                    0.9438206715464827,
                    -0.3304580759514679
                ],
                [
                    0.9871092799469071,
                    -0.16004770989520078
                ],
                [
                    0.9999407203143715,
                    0.01088833583133417
                ],
                [
                    0.9997883677061407,
                    0.02057230661571736
                ],
                [
                    0.09571643932263865,
                    0.9954086413345002
                ],
                [
                    -0.39827208823267807,
                    0.9172673240308856
                ],
                [
                    -0.514024089234861,
                    0.8577757490663114
                ],
                [
                    -0.5188104200340964,
                    0.8548893191893583
                ],
                [
                    -0.5231774313148856,
                    0.8522237824437652
                ],
                [
                    -0.5279730921796295,
                    0.8492610987995862
                ],
                [
                    -0.9963475790898935,
                    0.0853902900903172
                ],
                [
                    -0.9965789809543962,
                    0.08264583909609169
                ],
                [
                    -0.9984883248345229,
                    0.05496421717033947
                ],
                [
                    -0.9989838724435341,
                    0.0450690869412794
                ]
            ]
        },
        {
            "Type": "R",
            "Centroid": {
                "x": 94808.508625,
                "y": 440964.9555
            },
            "Distances": [
                0.0
            ],
            "UnitPairs": [
                [
                    0.0,
                    0.0
                ]
            ]
        }
    ],
    "Annual Heating [kWh/m2]": 139.06096957045528,
    "Annual Cooling [kWh/m2]": 0.3048899509313493
}