{
    "Pand ID": "0599100000297526",
    "Archetype ID": "D.1975-1991",
    "Construction Year": 1990,
    "Number of Floors": 3,
    "Wall Area": 244.43,
    "Roof Area (Flat)": 2.91,
    "Roof Area (Sloped)": 232.9,
    "Floor Area": 147.53,
    "Shared Wall Area": 0.0,
    "Absolute Height (70%)": 4.872260570526123,
    "Surfaces": [
        {
            "Type": "G",
            "Centroid": {
                "x": 97771.87651666667,
                "y": 433234.24591666664
            },
            "Distances": [
                5.147148347939596,
                5.805291532922931,
                2.3522614754621,
                7.559161094282568,
                11.000328533680007,
                10.766648759729602,
                7.211171567935116,
                4.757026457301747,
                4.840044805114941,
                5.354803300041985,
                7.934298753853066,
                6.4865429042563045,
                6.744298815725387,
                6.225764803012252,
                6.23279510726132
            ],
            "UnitPairs": [
                [
                    -0.867133870050521,
                    -0.4980751463496309
                ],
                [
                    -0.85667819410333,
                    -0.5158512108620638
                ],
                [
                    -0.823151119409787,
                    -0.5678223618478004
                ],
                [
                    -0.40523897142445536,
                    -0.9142107940944745
                ],
                [
                    -0.09956672324080028,
                    -0.9950308877733847
                ],
                [
                    0.8261375969283342,
                    -0.5634684294097382
                ],
                [
                    0.9601398702141841,
                    -0.2795199986138553
                ],
                [
                    0.9278345144706653,
                    0.3729921095103549
                ],
                [
                    0.9274156571005479,
                    0.37403235015805675
                ],
                [
                    0.925100896477268,
                    0.3797213864624364
                ],
                [
                    0.1870024534438631,
                    0.9823594466415926
                ],
                [
                    -0.2513305917709337,
                    0.9679013036668936
                ],
                [
                    -0.712493143908892,
                    0.7016790718575145
                ],
                [
                    -0.732643588537787,
                    0.6806124978094907
                ],
                [
                    -0.7428876751106326,
                    0.6694160904614701
                ]
            ]
        },
        {
            "Type": "F",
            "Centroid": {
                "x": 97772.53338043479,
                "y": 433233.1605108695
            },
            "Distances": [
                2.6051786799895753,
                5.329258003491886,
                5.96860243986771,
                5.945052210091294,
                10.014724433358927,
                6.94457330190893,
                5.78068311351416,
                7.64522421812297,
                1.774437154566977,
                5.882430664251545,
                9.626809171468166,
                2.078099852760275,
                2.7046186740333686,
                6.33553781716967,
                5.309389967233815,
                4.80297090105485,
                4.721459183780219,
                8.91815453457322,
                7.710747020028621,
                7.980034929551156,
                8.007533588597848,
                7.453887380790199,
                7.456377739797815
            ],
            "UnitPairs": [
                [
                    -0.9953752710738775,
                    -0.09606284263233554
                ],
                [
                    -0.9607585955563631,
                    -0.27738587034051426
                ],
                [
                    -0.9555219152638851,
                    -0.29492010689411613
                ],
                [
                    -0.9470279210046963,
                    -0.3211512367055787
                ],
                [
                    -0.1749554315197965,
                    -0.9845763540638796
                ],
                [
                    0.26968821319734987,
                    -0.9629476972621206
                ],
                [
                    0.3815932342064638,
                    -0.9243303541525891
                ],
                [
                    0.5607251589890774,
                    -0.8280019903820727
                ],
                [
                    0.571375302080235,
                    -0.820688896094446
                ],
                [
                    0.6046598367609031,
                    -0.7964838239463989
                ],
                [
                    0.8557217057579565,
                    -0.5174363364653602
                ],
                [
                    0.8670755463555794,
                    -0.49817667238859487
                ],
                [
                    0.9760598011643468,
                    -0.2175023322886813
                ],
                [
                    0.9891614170823031,
                    -0.14683218637522913
                ],
                [
                    0.8092962829489753,
                    0.5874006523702304
                ],
                [
                    0.7978123632543409,
                    0.6029058243527953
                ],
                [
                    0.7957009515451084,
                    0.6056896859863218
                ],
                [
                    0.09271756415547625,
                    0.9956924491513808
                ],
                [
                    -0.296615934727575,
                    0.9549968519663753
                ],
                [
                    -0.6844745020563194,
                    0.7290368001923865
                ],
                [
                    -0.6921145410729097,
                    0.7217876848737691
                ],
                [
                    -0.7000549066837829,
                    0.7140890194002146
                ],
                [
                    -0.7090749180495538,
                    0.7051331509672614
                ]
            ]
        },
        {
            "Type": "R",
            "Centroid": {
                "x": 97768.81324999999,
                "y": 433227.33524999995
            },
            "Distances": [
                0.0
            ],
            "UnitPairs": [
                [
                    0.0,
                    0.0
                ]
            ]
        }
    ],
    "Annual Heating [kWh/m2]": 201.36358903450318,
    "Annual Cooling [kWh/m2]": 0.8443385103687556
}