{
    "Pand ID": "0599100000034086",
    "Archetype ID": "D.1965",
    "Construction Year": 1928,
    "Number of Floors": 2,
    "Wall Area": 200.39,
    "Roof Area (Flat)": 16.33,
    "Roof Area (Sloped)": 71.24,
    "Floor Area": 66.73,
    "Shared Wall Area": 0.0,
    "Absolute Height (70%)": 6.039108753204346,
    "Surfaces": [
        {
            "Type": "G",
            "Centroid": {
                "x": 86100.20152777778,
                "y": 433477.88444444444
            },
            "Distances": [
                4.18624738777848,
                8.176180042078002,
                2.8527175099208937,
                10.737727541117865,
                2.973880867414829,
                10.331725900400999,
                2.7335269183993622,
                3.63353226860262,
                4.396209487508016,
                5.9196293494905365,
                5.454408255111915,
                5.513848270202218,
                5.69933236555961,
                5.382632366340956,
                5.106015762691228,
                4.789226273874221,
                5.228786928789355,
                5.6941609929373485
            ],
            "UnitPairs": [
                [
                    -0.6514850951583975,
                    -0.7586614335699778
                ],
                [
                    -0.2715544137169985,
                    -0.962423088039152
                ],
                [
                    -0.19324653627971428,
                    -0.981150231216348
                ],
                [
                    -0.18172166972004797,
                    -0.9833500062308221
                ],
                [
                    -0.18066553494732934,
                    -0.9835445920151233
                ],
                [
                    0.02320253407143046,
                    -0.9997307849679653
                ],
                [
                    0.1652525238290971,
                    -0.9862512881452239
                ],
                [
                    0.7341952747392465,
                    -0.67893836137794
                ],
                [
                    0.8438456431075919,
                    -0.5365859955387715
                ],
                [
                    0.493058272723723,
                    0.8699962871752378
                ],
                [
                    0.3682750040462001,
                    0.9297169038985853
                ],
                [
                    0.3320225970153406,
                    0.94327143234129
                ],
                [
                    0.24190942618959474,
                    0.970298835164003
                ],
                [
                    -0.02420335793119935,
                    0.9997070558242821
                ],
                [
                    -0.06840515070949121,
                    0.9976576243162841
                ],
                [
                    -0.1276360194357419,
                    0.9918210758713484
                ],
                [
                    -0.4927104150268714,
                    0.8701933388184767
                ],
                [
                    -0.6236700687215322,
                    0.7816876904370949
                ]
            ]
        },
        {
            "Type": "F",
            "Centroid": {
                "x": 86100.08197222224,
                "y": 433477.8642777778
            },
            "Distances": [
                4.093793909252884,
                3.4253252585373057,
                8.125044397437962,
                10.696777241273537,
                2.8121148652854946,
                2.9346593998766055,
                10.315036587149066,
                3.708859515321313,
                4.48700900302464,
                5.996859985147197,
                5.518161832994595,
                5.5735755941812855,
                5.74889580830956,
                5.401232864778892,
                5.119378989413567,
                4.795499013971408,
                5.188681454604339,
                5.636359247852532
            ],
            "UnitPairs": [
                [
                    -0.6369940158305152,
                    -0.770868746153399
                ],
                [
                    -0.4614809114246398,
                    -0.8871501385846049
                ],
                [
                    -0.25854901456139373,
                    -0.9659981403032473
                ],
                [
                    -0.17124056909002663,
                    -0.9852292461644263
                ],
                [
                    -0.15352225741565384,
                    -0.98814518997868
                ],
                [
                    -0.14234095522387855,
                    -0.9898176864786533
                ],
                [
                    0.034830489909681635,
                    -0.9993932344040816
                ],
                [
                    0.7515188338227211,
                    -0.6597116357998676
                ],
                [
                    0.8534143290522898,
                    -0.5212331368670164
                ],
                [
                    0.5066447749814924,
                    0.8621549002261443
                ],
                [
                    0.38568600236429673,
                    0.9226301033351598
                ],
                [
                    0.34991501322833,
                    0.9367814491744687
                ],
                [
                    0.2606200960533378,
                    0.9654414355791597
                ],
                [
                    -0.00198514348429039,
                    0.9999980296007321
                ],
                [
                    -0.04487306423318513,
                    0.9989926967232164
                ],
                [
                    -0.1025382803324146,
                    0.9947290591243784
                ],
                [
                    -0.473477172132985,
                    0.8808060895957474
                ],
                [
                    -0.6088544167120366,
                    0.793281979658082
                ]
            ]
        },
        {
            "Type": "R",
            "Centroid": {
                "x": 86100.65325,
                "y": 433475.1885
            },
            "Distances": [
                0.0
            ],
            "UnitPairs": [
                [
                    0.0,
                    0.0
                ]
            ]
        }
    ],
    "Annual Heating [kWh/m2]": 458.7029768684013,
    "Annual Cooling [kWh/m2]": 2.775208221507173
}