{
    "Pand ID": "0599100100000289",
    "Archetype ID": "D.2006-2014",
    "Construction Year": 2010,
    "Number of Floors": 3,
    "Wall Area": 326.91,
    "Roof Area (Flat)": 30.22,
    "Roof Area (Sloped)": 126.51,
    "Floor Area": 125.79,
    "Shared Wall Area": 0.0,
    "Absolute Height (70%)": 6.825225830078125,
    "Surfaces": [
        {
            "Type": "G",
            "Centroid": {
                "x": 96633.77995075757,
                "y": 437343.6564015151
            },
            "Distances": [
                4.104373951808708,
                4.494805526161822,
                4.4081476996885876,
                3.8705515529687,
                6.406923385173916,
                8.54399042869434,
                9.410918473018658,
                7.91409223282516,
                7.391461059663825,
                7.432940340947592,
                7.533239929730394,
                9.232702947554598,
                8.133509806890773,
                6.528063840527,
                6.624285232330771,
                6.417667108218566,
                5.976719052057276,
                6.339369421131624,
                6.613355765093204,
                5.3562243562481155,
                4.884808717117229,
                5.235694861991719,
                5.408032596645608,
                5.000369288477889,
                5.1607156530530105,
                4.364698822251618,
                4.517222379003444,
                4.223556374107106,
                4.400132441894944,
                3.7708067045503717,
                3.9472133580380953,
                3.867216862757613,
                3.6330946600634135
            ],
            "UnitPairs": [
                [
                    -0.9815323371792946,
                    -0.19129629131625092
                ],
                [
                    -0.9750312292845839,
                    -0.22206778676744898
                ],
                [
                    -0.9522311963066862,
                    -0.3053780424004601
                ],
                [
                    -0.9162972535148893,
                    -0.4004988679148426
                ],
                [
                    -0.7052645218199687,
                    -0.7089442532823373
                ],
                [
                    -0.6128957893010621,
                    -0.7901637497740757
                ],
                [
                    0.22382770060725898,
                    -0.9746287295380057
                ],
                [
                    0.3380582590792245,
                    -0.941125184801854
                ],
                [
                    0.39064323265908474,
                    -0.9205421580664626
                ],
                [
                    0.39666997274008153,
                    -0.9179612915185383
                ],
                [
                    0.4102383929433717,
                    -0.911978322634502
                ],
                [
                    0.5699765574949687,
                    -0.8216609543517233
                ],
                [
                    0.9915060575201091,
                    0.13006051630271998
                ],
                [
                    0.9755456438530287,
                    0.2197969443813534
                ],
                [
                    0.9707348063820287,
                    0.24015398326583157
                ],
                [
                    0.9656817871531498,
                    0.25972810005984853
                ],
                [
                    0.951763700599166,
                    0.3068319706643706
                ],
                [
                    0.9260265260547565,
                    0.3774584388286467
                ],
                [
                    0.9070167182123018,
                    0.4210946127456227
                ],
                [
                    -0.25308420025387696,
                    0.9674442555423312
                ],
                [
                    -0.3164045609714866,
                    0.9486243480938283
                ],
                [
                    -0.3968099387643368,
                    0.9179007966538886
                ],
                [
                    -0.42909796050735005,
                    0.9032579588846326
                ],
                [
                    -0.49707843844631416,
                    0.8677056102341242
                ],
                [
                    -0.5077930918419253,
                    0.8614790629363073
                ],
                [
                    -0.6363728336563457,
                    0.7713816283683408
                ],
                [
                    -0.6538477652346893,
                    0.7566261295366442
                ],
                [
                    -0.6758701683438594,
                    0.7370207022484805
                ],
                [
                    -0.6876101566335268,
                    0.7260800730597258
                ],
                [
                    -0.844269146369586,
                    0.5359194048440217
                ],
                [
                    -0.867593273263576,
                    0.4972744837489593
                ],
                [
                    -0.9346710789306111,
                    0.3555136765452032
                ],
                [
                    -0.9464591702986601,
                    0.3228235415169902
                ]
            ]
        },
        {
            "Type": "F",
            "Centroid": {
                "x": 96633.91124342105,
                "y": 437343.36052631575
            },