{
    "Pand ID": "0599100000033609",
    "Archetype ID": "D.1965-1974",
    "Construction Year": 1974,
    "Number of Floors": 2,
    "Wall Area": 281.58,
    "Roof Area (Flat)": 229.15,
    "Roof Area (Sloped)": 0.0,
    "Floor Area": 228.05,
    "Shared Wall Area": 0.0,
    "Absolute Height (70%)": 2.291015386581421,
    "Surfaces": [
        {
            "Type": "G",
            "Centroid": {
                "x": 94762.59233823529,
                "y": 432622.95194117643
            },
            "Distances": [
                10.803782081343558,
                10.43903946291479,
                7.026445153595112,
                7.445584848205555,
                5.832546741908939,
                5.931531125818937,
                5.899990715009157,
                6.381168828190428,
                7.181207769287073,
                7.029007190557685,
                7.085375997492081,
                6.995709935128295,
                6.918617064464636,
                5.299774831157745,
                4.717572627553679,
                4.728769827823581,
                4.601308672164007,
                4.265339979838486,
                4.372462581427182,
                4.9404300327317925,
                6.431839940952598,
                6.524309219431577,
                6.4755863029762954,
                6.598831239841045,
                5.965818199612462,
                6.256515453062088,
                10.799765349975367,
                10.779266360079719,
                11.099725331638249,
                15.578734762215735,
                12.536385597543376,
                9.37804494064313,
                11.376352003537223,
                10.143658504175836
            ],
            "UnitPairs": [
                [
                    -0.999935777485343,
                    -0.011333177170699774
                ],
                [
                    -0.9994299065885528,
                    -0.03376183964769331
                ],
                [
                    -0.9581072773121571,
                    -0.28640957588999233
                ],
                [
                    -0.9432554162597815,
                    -0.33206809496936973
                ],
                [
                    -0.44698968575105447,
                    -0.8945391108454529
                ],
                [
                    -0.43447268177987886,
                    -0.9006850108595126
                ],
                [
                    -0.4286596975232144,
                    -0.9034660279829598
                ],
                [
                    -0.3750234948674172,
                    -0.9270153063986745
                ],
                [
                    -0.05473845736202955,
                    -0.9985007267326476
                ],
                [
                    0.027018291426254178,
                    -0.9996349393295565
                ],
                [
                    0.028779244006172135,
                    -0.9995857917729889
                ],
                [
                    0.056736452538368766,
                    -0.9983891901224499
                ],
                [
                    0.14206766403516105,
                    -0.9898569486726819
                ],
                [
                    0.4143405776026091,
                    -0.9101219070827469
                ],
                [
                    0.4347387791631431,
                    -0.9005566022698073
                ],
                [
                    0.4442829406377455,
                    -0.895886526664107
                ],
                [
                    0.44985283800638737,
                    -0.8931026951798987
                ],
                [
                    0.9945073041676721,
                    -0.1046671961846181
                ],
                [
                    0.9964434648840147,
                    -0.0842639975905457
                ],
                [
                    0.998883038928157,
                    -0.047251185611052016
                ],
                [
                    0.9614529934629168,
                    0.27496934622098607
                ],
                [
                    0.9321924452308766,
                    0.3619630437689449
                ],
                [
                    0.9317938920736416,
                    0.3629877996493198
                ],
                [
                    0.9095416364742649,
                    0.4156128144315526
                ],
                [
                    0.818481489266337,
                    0.5745328987345799
                ],
                [
                    0.8071444564627038,
                    0.5903539839803967
                ],
                [
                    0.7002848228291636,
                    0.7138635492271103
                ],
                [
                    0.6936382787977652,
                    0.7203234955118941
                ],
                [
                    0.6891982942045014,
                    0.724572778446448
                ],
                [
                    -0.23892108647438803,
                    0.9710389870844003
                ],
                [
                    -0.5142700968414763,
                    0.8576282804890816
                ],
                [
                    -0.698769122644137,
                    0.7153472675834744
                ],
                [
                    -0.7289760577658968,
                    0.684539193329419
                ],
                [
                    -0.999943780748474,
                    0.010603553293478556
                ]
            ]
        },
        {
            "Type": "F",
            "Centroid": {
                "x": 94762.72210106383,
                "y": 432624.17809574463
            },
            "Distances": [
                10.333572732580073,
                11.015713452443366,
                10.680158571935218,
                7.587720502200759,
                8.052508231841063,
                7.000734237658818,
                7.104469912574199,
                7.075198706609966,
                7.574111648911088,
                8.412858808633427,
                8.25281493913423,
                8.30892660413601,
                8.214940720197369,
                8.264311586199286,
                8.119541831101813,
                6.392697404068902,
                5.8018972588350515,
                5.807355714773349,
                5.677390231876296,
                4.439295597084266,
                4.545330261429559,
                4.517911433103499,
                5.02193946962938,
                6.07839795649253,
                6.010262855312102,
                6.059473556454768,
                6.064784826696805,
                5.238187234616616,
                5.504175625237289,
                9.863378419465228,
                10.177686497490562,
                9.83520857412862,
                10.149680142463067,
                4.194917496559637,
                4.130736539149645,
                4.451284361005077,
                4.192275243570681,
                4.252120296484425,
                3.481285620135466,
                14.425179267130353,
                7.876930054252923,
                11.575331362170656,
                10.161346586026644,
                7.601653877649482,
                8.643914319368857,
                10.676911812199116,
                3.973802366681716
            ],