{
    "Pand ID": "0599100000052715",
    "Archetype ID": "D.1965",
    "Construction Year": 1923,
    "Number of Floors": 2,
    "Wall Area": 176.92,
    "Roof Area (Flat)": 0.0,
    "Roof Area (Sloped)": 77.47,
    "Floor Area": 56.35,
    "Shared Wall Area": 0.0,
    "Absolute Height (70%)": 5.933969974517822,
    "Surfaces": [
        {
            "Type": "G",
            "Centroid": {
                "x": 97490.12907142857,
                "y": 434873.7337142857
            },
            "Distances": [
                7.252802843504979,
                4.490302067582115,
                2.204552452373126,
                2.6076351795408375,
                2.463538732553075,
                3.95383390081861,
                4.08272212425382,
                2.3527597050352718,
                3.2867200238900485,
                2.9415636902542426,
                3.0009755463436516,
                6.366426634039812,
                6.077400438238877,
                5.883546690407731
            ],
            "UnitPairs": [
                [
                    -0.923239135689921,
                    -0.384225842871777
                ],
                [
                    0.2761347795254757,
                    -0.9611189226814844
                ],
                [
                    0.8110165714157345,
                    -0.5850231797878328
                ],
                [
                    0.8509352032201746,
                    -0.5252706730064417
                ],
                [
                    0.8921834848342259,
                    -0.4516731444186784
                ],
                [
                    0.9362883379262985,
                    -0.351232328044002
                ],
                [
                    0.9953968082436098,
                    0.09583941850008401
                ],
                [
                    0.9482177744945943,
                    0.3176209252119871
                ],
                [
                    0.7663958454387156,
                    0.6423685920826736
                ],
                [
                    0.654389560834521,
                    0.7561575911612622
                ],
                [
                    0.639434924345284,
                    0.7688452233886486
                ],
                [
                    -0.8123978686737986,
                    0.5831035096569643
                ],
                [
                    -0.997806790945375,
                    0.06619371528546046
                ],
                [
                    -0.998049601296995,
                    0.06242590288421341
                ]
            ]
        },
        {
            "Type": "F",
            "Centroid": {
                "x": 97490.17535294118,
                "y": 434873.9871176471
            },
            "Distances": [
                7.396055603599278,
                4.722460097642714,
                2.3269178219625517,
                2.711993019614859,
                2.548698195441523,
                4.07055969091501,
                4.00753113343405,
                4.020012367205844,
                2.239777343882927,
                3.0928482528103927,
                3.1504814884251187,
                2.7228095821464535,
                2.7794315474035325,
                6.26059698031737,
                6.476647332366524,
                6.112166475217167,
                5.919448515420295
            ],
            "UnitPairs": [
                [
                    -0.9116146906594627,
                    -0.4110458073911619
                ],
                [
                    0.25275958592471737,
                    -0.9675291167314631
                ],
                [
                    0.7484781122835154,
                    -0.6631594947163957
                ],
                [
                    0.8011256087697463,
                    -0.5984962480862378
                ],
                [
                    0.844214141428445,
                    -0.5360060479250525
                ],
                [
                    0.8857865582637588,
                    -0.4640928497609551
                ],
                [
                    0.9121943004577949,
                    -0.4097579263569089
                ],
                [
                    0.999411616639362,
                    0.0342989872488576
                ],
                [
                    0.9753858189463374,
                    0.2205051115017124
                ],
                [
                    0.7994724786689212,
                    0.6007027183648924
                ],
                [
                    0.7899259424210952,
                    0.6132022549617252
                ],
                [
                    0.6899663755931341,
                    0.7238414194772734
                ],
                [
                    0.6737518182735145,
                    0.7389577033722113
                ],
                [
                    -0.8335232179257633,
                    0.5524844298065607
                ],
                [
                    -0.8409216469075804,
                    0.5411568938507968
                ],
                [
                    -0.9997032911248461,
                    0.024358360251690667
                ],
                [
                    -0.9998149195426993,
                    0.01923867614535229
                ]
            ]
        },
        {
            "Type": "R",
            "Centroid": {
                "x": 97484.065,
                "y": 434874.136
            },
            "Distances": [
                0.0
            ],
            "UnitPairs": [
                [
                    0.0,
                    0.0
                ]
            ]
        }
    ],
    "Annual Heating [kWh/m2]": 436.3858289707666,
    "Annual Cooling [kWh/m2]": 2.0236938706077705
}