{
    "Pand ID": "0599100000207891",
    "Archetype ID": "D.1965",
    "Construction Year": 1946,
    "Number of Floors": 2,
    "Wall Area": 204.34,
    "Roof Area (Flat)": 37.96,
    "Roof Area (Sloped)": 113.6,
    "Floor Area": 116.86,
    "Shared Wall Area": 0.0,
    "Absolute Height (70%)": 4.983957767486572,
    "Surfaces": [
        {
            "Type": "G",
            "Centroid": {
                "x": 86772.44735855263,
                "y": 441961.86163157894
            },
            "Distances": [
                5.25425633450087,
                5.22876166253247,
                5.5399199782590385,
                5.35585566876462,
                5.540888817853152,
                7.039014202590688,
                7.075195091028732,
                6.871690368705015,
                6.976013485882488,
                5.769330335802343,
                5.21121086518993,
                5.206487986649253,
                8.554612818308142,
                8.915881061475202,
                9.935804001423103,
                7.938849585047493,
                5.243229102215224,
                6.755383872177118,
                7.037928317152558
            ],
            "UnitPairs": [
                [
                    -0.9208574429186103,
                    -0.3898994355233135
                ],
                [
                    -0.8907311813433805,
                    -0.4545304858671484
                ],
                [
                    -0.6567641891776375,
                    -0.7540960149833974
                ],
                [
                    -0.6470340627073691,
                    -0.7624610952018447
                ],
                [
                    -0.5810297153522858,
                    -0.8138823440016633
                ],
                [
                    -0.31587108487696636,
                    -0.9488021172713773
                ],
                [
                    -0.3104396450381799,
                    -0.950593092121213
                ],
                [
                    -0.296058312217231,
                    -0.9551698674932562
                ],
                [
                    0.9767152774522685,
                    -0.21453966251334117
                ],
                [
                    0.9977897974831792,
                    0.06644937951912154
                ],
                [
                    0.8926100032595345,
                    0.45082965971751865
                ],
                [
                    0.8745970333633135,
                    0.4848505225655542
                ],
                [
                    0.8735145711541383,
                    0.48679800120933275
                ],
                [
                    0.7061084489525351,
                    0.708103705906024
                ],
                [
                    0.5105353272507043,
                    0.8598567785561828
                ],
                [
                    0.37065558628513706,
                    0.9287703894696585
                ],
                [
                    -0.7585823497502865,
                    0.6515771778134453
                ],
                [
                    -0.9551523902592525,
                    0.2961146929519652
                ],
                [
                    -0.9740680415750647,
                    0.2262552770260133
                ]
            ]
        },
        {
            "Type": "F",
            "Centroid": {
                "x": 86772.17615625,
                "y": 441962.15509375
            },
            "Distances": [
                5.132727368951111,
                1.5921198311087619,
                5.135008817585675,
                1.7065859358923348,
                5.597217293572487,
                5.418669866226475,
                5.635752245169309,
                7.240252019523327,
                7.278333896331512,
                7.080160665998204,
                2.7977726845121933,
                3.2112177392590477,
                4.057001693871057,
                7.307431901435392,
                3.736268943627237,
                5.3348407421525295,
                5.315586214765747,
                3.021527323916746,
                3.952073110297648,
                8.657370457843566,
                8.908528904596514,
                9.829392208132012,
                3.5151875297232165,
                3.7228970062424342,
                7.775182469348022,
                4.846503984241621,
                2.2363353100909804,
                2.3310803679218766,
                3.6875304397813324,
                6.412565335481113,
                6.811848610634699,
                6.711117194206352
            ],