{
    "Pand ID": "0599100000196442",
    "Archetype ID": "D.1965",
    "Construction Year": 1910,
    "Number of Floors": 2,
    "Wall Area": 291.91,
    "Roof Area (Flat)": 109.91,
    "Roof Area (Sloped)": 0.0,
    "Floor Area": 109.91,
    "Shared Wall Area": 0.0,
    "Absolute Height (70%)": 2.4794442653656006,
    "Surfaces": [
        {
            "Type": "G",
            "Centroid": {
                "x": 96805.41466666666,
                "y": 438153.41525
            },
            "Distances": [
                5.115288661503277,
                9.32803653459594,
                9.578670702346203,
                5.555640865253871,
                5.3818113824937726,
                2.3708815358181634,
                2.5116164629187727,
                5.6155439709632295,
                5.785957908888785,
                2.8687272886957227,
                2.7571214620974858,
                4.919492259386615
            ],
            "UnitPairs": [
                [
                    -0.7919233761226838,
                    -0.6106204765240438
                ],
                [
                    -0.2834376405846448,
                    -0.9589906693497126
                ],
                [
                    0.7210899662358302,
                    -0.6928414397205246
                ],
                [
                    0.9894598061072245,
                    -0.14480777637355643
                ],
                [
                    0.8634794129836035,
                    0.5043840831682651
                ],
                [
                    0.5846278324772033,
                    0.8113016069828822
                ],
                [
                    0.5327578287095706,
                    0.8462677448353233
                ],
                [
                    0.08851917746629331,
                    0.9960744727281645
                ],
                [
                    -0.5986764371961155,
                    0.8009909634609902
                ],
                [
                    -0.9160566349474524,
                    0.4010489266520357
                ],
                [
                    -0.9368164232731218,
                    0.34982136739449615
                ],
                [
                    -0.9966306293710948,
                    0.08202065958876084
                ]
            ]
        },
        {
            "Type": "F",
            "Centroid": {
                "x": 96805.41466666666,
                "y": 438153.41525
            },
            "Distances": [
                5.115288661503277,
                9.32803653459594,
                9.578670702346203,
                5.555640865253871,
                5.3818113824937726,
                2.3708815358181634,
                2.5116164629187727,
                5.6155439709632295,
                5.785957908888785,
                2.8687272886957227,
                2.7571214620974858,
                4.919492259386615
            ],
            "UnitPairs": [
                [
                    -0.7919233761226838,
                    -0.6106204765240438
                ],
                [
                    -0.2834376405846448,
                    -0.9589906693497126
                ],
                [
                    0.7210899662358302,
                    -0.6928414397205246
                ],
                [
                    0.9894598061072245,
                    -0.14480777637355643
                ],
                [
                    0.8634794129836035,
                    0.5043840831682651
                ],
                [
                    0.5846278324772033,
                    0.8113016069828822
                ],
                [
                    0.5327578287095706,
                    0.8462677448353233
                ],
                [
                    0.08851917746629331,
                    0.9960744727281645
                ],
                [
                    -0.5986764371961155,
                    0.8009909634609902
                ],
                [
                    -0.9160566349474524,
                    0.4010489266520357
                ],
                [
                    -0.9368164232731218,
                    0.34982136739449615
                ],
                [
                    -0.9966306293710948,
                    0.08202065958876084
                ]
            ]
        },
        {
            "Type": "R",
            "Centroid": {
                "x": 96802.77075000001,
                "y": 438144.46975
            },
            "Distances": [
                0.0
            ],
            "UnitPairs": [
                [
                    0.0,
                    0.0
                ]
            ]
        }
    ],
    "Annual Heating [kWh/m2]": 392.75430995641665,
    "Annual Cooling [kWh/m2]": 1.7842437001222424
}