{
    "Pand ID": "0599100100020555",
    "Archetype ID": "D.2015-2018",
    "Construction Year": 2020,
    "Number of Floors": 3,
    "Wall Area": 418.43,
    "Roof Area (Flat)": 53.62,
    "Roof Area (Sloped)": 273.01,
    "Floor Area": 240.58,
    "Shared Wall Area": 0.0,
    "Absolute Height (70%)": 2.390986919403076,
    "Surfaces": [
        {
            "Type": "G",
            "Centroid": {
                "x": 100380.65868287037,
                "y": 445232.82758333336
            },
            "Distances": [
                13.084029363976718,
                3.2795621811820355,
                3.1912304297961605,
                15.517825695753626,
                12.828596305744103,
                12.471628709042825,
                12.676824426734367,
                12.542991477827904,
                9.78886556192046,
                11.557068469949485,
                8.417791569945761,
                8.271308729584105,
                8.22790897270875,
                8.272050869148217,
                7.5453991615609475,
                5.154201535659187,
                9.347483477289996,
                9.086107551255695,
                9.23878984113597,
                8.874658717842893,
                10.299596179916982,
                10.857614777428122,
                10.377692933290868,
                8.952500380452914,
                3.8726137393298967,
                3.8845844179036195,
                3.676269036122199
            ],
            "UnitPairs": [
                [
                    -0.8606958955146746,
                    -0.5091194117731048
                ],
                [
                    -0.6361734448387103,
                    -0.7715460764478349
                ],
                [
                    -0.5616549509041268,
                    -0.8273715707739073
                ],
                [
                    -0.5400479767386187,
                    -0.8416342333938921
                ],
                [
                    -0.41386993898827074,
                    -0.9103360223575936
                ],
                [
                    -0.39051598503999824,
                    -0.9205961467593919
                ],
                [
                    -0.3744920818151315,
                    -0.9272301120314034
                ],
                [
                    -0.3648547779419418,
                    -0.9310644397746787
                ],
                [
                    0.767568987652115,
                    -0.6409663401417484
                ],
                [
                    0.902878585236386,
                    -0.4298956388724387
                ],
                [
                    0.9985552100914279,
                    -0.053735392426817546
                ],
                [
                    0.9990715979527278,
                    -0.043080647211744365
                ],
                [
                    0.9994798990739199,
                    -0.032247966558943235
                ],
                [
                    0.9998281877695846,
                    -0.018536314126282965
                ],
                [
                    0.8517282508215114,
                    0.5239837657337569
                ],
                [
                    0.8182896226425864,
                    0.5748061355582885
                ],
                [
                    0.1514449994019372,
                    0.9884656858769288
                ],
                [
                    0.14380521276687788,
                    0.9896060129066885
                ],
                [
                    0.13222831676344862,
                    0.9912192856507106
                ],
                [
                    0.05810134744640108,
                    0.9983106898280278
                ],
                [
                    -0.013434543252402271,
                    0.9999097524514896
                ],
                [
                    -0.035769400399870005,
                    0.9993600702424695
                ],
                [
                    -0.6188630181722312,
                    0.7854989272677312
                ],
                [
                    -0.6496922784902468,
                    0.7601973054873
                ],
                [
                    -0.9038780022960227,
                    0.42779031892429636
                ],
                [
                    -0.9054688975610921,
                    0.42441262416367953
                ],
                [
                    -0.9271275678889548,
                    0.37474587770956397
                ]
            ]
        },
        {
            "Type": "F",
            "Centroid": {
                "x": 100379.39400892858,
                "y": 445231.5327678571
            },
            "Distances": [
                11.34607656398588,
                8.5631011114931,
                8.023227835220846,
                7.7464908670277675,
                7.893705564470688,
                7.122546690616582,
                1.4838090833612714,
                9.520602293890411,
                9.793980263176094,
                9.696021929244566,
                13.749928949249277,
                1.3615413939105947,
                1.4452964486736233,
                11.14347397754945,
                10.805840679348186,
                11.024095800426414,
                10.142603909942041,
                10.898842889228725,
                1.5602129672226024,
                7.269764304206015,
                1.4833507566986837,
                1.7461661686865073,
                2.515223457004951,
                2.7329559943889867,
                2.552016031404111,
                4.142303383913635,
                6.157949940274949,
                6.4275869141169535,
                10.092284760203421,
                9.301762738243635,
                12.262480886948687,
                9.706932951491197,
                9.574409521312464,
                9.54398963464074,
                9.603384595131837,
                9.311429290522398,
                6.941311594099244,
                10.870112292604121,
                10.60298622715099,
                10.744118781769304,
                6.866322989536501,
                10.30936411213555,
                11.64806369885948,
                12.177054012910437,
                9.889232956539809,
                11.473138266505266,
                3.5927711802522526,
                8.71731453794972,
                9.136612249436315,
                9.155636456977849,
                10.762799697352307,
                9.291703359713383,
                3.702645724425857,
                3.706579059547977,
                3.42601739372381,
                3.765980777662759
            ],