{
    "Pand ID": "0599100000020039",
    "Archetype ID": "D.1965",
    "Construction Year": 1963,
    "Number of Floors": 2,
    "Wall Area": 353.76,
    "Roof Area (Flat)": 133.2,
    "Roof Area (Sloped)": 0.0,
    "Floor Area": 150.16,
    "Shared Wall Area": 0.0,
    "Absolute Height (70%)": 4.215181350708008,
    "Surfaces": [
        {
            "Type": "G",
            "Centroid": {
                "x": 94964.76909615386,
                "y": 432585.79173076927
            },
            "Distances": [
                5.05747886416833,
                5.07431981044617,
                14.71774785500451,
                13.677942383487174,
                8.683187366746308,
                8.121882928698726,
                7.9952072037333215,
                8.035882207072188,
                7.05589227307801,
                7.277288299911381,
                7.1963303148251425,
                4.253285083318569,
                9.048573546744295
            ],
            "UnitPairs": [
                [
                    -0.41895304177477866,
                    -0.9080079012804132
                ],
                [
                    -0.4173655254229861,
                    -0.9087386963194617
                ],
                [
                    -0.34718940725105507,
                    -0.9377950285071152
                ],
                [
                    -0.11177457186134816,
                    -0.9937335885866052
                ],
                [
                    0.8869040273903156,
                    -0.4619537273351503
                ],
                [
                    0.8861435099883065,
                    0.4634109188459029
                ],
                [
                    0.8827981147061827,
                    0.46975258239972395
                ],
                [
                    0.8777074706176816,
                    0.4791968238854589
                ],
                [
                    -0.3961010238933214,
                    0.9182069368452094
                ],
                [
                    -0.43269498528623024,
                    0.9015403760831507
                ],
                [
                    -0.4367290016392514,
                    0.89959311865264
                ],
                [
                    -0.6227765367157293,
                    0.7823997605548981
                ],
                [
                    -0.7071662865752066,
                    0.7070472707898905
                ]
            ]
        },
        {
            "Type": "F",
            "Centroid": {
                "x": 94964.8985625,
                "y": 432586.155
            },
            "Distances": [
                5.556463621094276,
                5.441680746559443,
                5.458577078575482,
                15.103370012109114,
                14.053682101042437,
                8.744524106408308,
                7.843188563822057,
                7.714646247412359,
                7.878567650462217,
                7.752425739577186,
                6.869863488282559,
                6.7787125509042285,
                7.011158185190467,
                6.93153946449178,
                4.062915283101554,
                8.890109917641418
            ],
            "UnitPairs": [
                [
                    -0.44080419976158386,
                    -0.8976032851279844
                ],
                [
                    -0.41316508716932754,
                    -0.9106561429784362
                ],
                [
                    -0.4117029891941217,
                    -0.9113180831568224
                ],
                [
                    -0.3468969174292756,
                    -0.9379032618975511
                ],
                [
                    -0.11799843543354166,
                    -0.9930137809895874
                ],
                [
                    0.865877594694752,
                    -0.5002559255077652
                ],
                [
                    0.9011242611974304,
                    0.43356091369193467
                ],
                [
                    0.8981212200520761,
                    0.4397479665583121
                ],
                [
                    0.8961892330256584,
                    0.44367201693242037
                ],
                [
                    0.8930994933185479,
                    0.44985919467557073
                ],
                [
                    -0.4262548309711706,
                    0.9046031279371849
                ],
                [
                    -0.4313964455687095,
                    0.9021624613952209
                ],
                [
                    -0.4675850142596176,
                    0.8839481061916662
                ],
                [
                    -0.47209029347201426,
                    0.8815501998238714
                ],
                [
                    -0.6838224049500258,
                    0.7296484896772986
                ],
                [
                    -0.7343342838814649,
                    0.6787880077876275
                ]
            ]
        },
        {
            "Type": "R",
            "Centroid": {
                "x": 94971.87191666667,
                "y": 432589.5818333334
            },
            "Distances": [
                0.05633727799406346,
                0.09793989088889529,
                0.07840422318478188
            ],
            "UnitPairs": [
                [
                    -0.792843890562076,
                    -0.6094247822318933
                ],
                [
                    0.9631758059507233,
                    -0.2688723987901597
                ],
                [
                    -0.6334692780711768,
                    0.7737678422756933
                ]
            ]
        }
    ],
    "Annual Heating [kWh/m2]": 383.7062202098461,
    "Annual Cooling [kWh/m2]": 1.7325221668338064
}