{
    "Pand ID": "0599100000401092",
    "Archetype ID": "D.1992-2005",
    "Construction Year": 2003,
    "Number of Floors": 2,
    "Wall Area": 247.86,
    "Roof Area (Flat)": 6.25,
    "Roof Area (Sloped)": 207.6,
    "Floor Area": 131.76,
    "Shared Wall Area": 0.0,
    "Absolute Height (70%)": 1.9977613687515259,
    "Surfaces": [
        {
            "Type": "G",
            "Centroid": {
                "x": 100395.42820833334,
                "y": 444812.2693833334
            },
            "Distances": [
                7.464180128871452,
                4.284902254342699,
                3.8403930956327996,
                3.8967383877589934,
                6.120347909166711,
                6.2203315396086305,
                7.400105174648013,
                7.752017496243696,
                6.164580190755329,
                4.076834899193458,
                3.974511499775991,
                4.029242020762025,
                7.889368652079059,
                8.11980714850985,
                10.143023227602045
            ],
            "UnitPairs": [
                [
                    -0.6121681490071863,
                    -0.7907276126082328
                ],
                [
                    -0.18351254863285568,
                    -0.9830173673411238
                ],
                [
                    0.011630753816512279,
                    -0.9999323604952784
                ],
                [
                    0.017621574718624643,
                    -0.9998447279975206
                ],
                [
                    0.167256287036785,
                    -0.985913451803285
                ],
                [
                    0.6659880812257675,
                    -0.7459623822051755
                ],
                [
                    0.8734560542202493,
                    -0.48690298966631224
                ],
                [
                    0.9003677649119942,
                    -0.4351297368686492
                ],
                [
                    0.5033054272392096,
                    0.864108585139366
                ],
                [
                    0.031069854383464823,
                    0.9995172155338747
                ],
                [
                    -0.028766637950891863,
                    0.9995861546365087
                ],
                [
                    -0.03433234653645541,
                    0.9994104712185582
                ],
                [
                    -0.2240145455582336,
                    0.974585800932036
                ],
                [
                    -0.6676677455746391,
                    0.7444593887642756
                ],
                [
                    -0.9026237175942662,
                    0.43043051057784726
                ]
            ]
        },
        {
            "Type": "F",
            "Centroid": {
                "x": 100396.10235326087,
                "y": 444812.45451086963
            },
            "Distances": [
                8.03422735346221,
                4.07418310206502,
                4.125929496531516,
                6.229074667262973,
                3.8770056735664764,
                3.9609256045775836,
                5.942540325046214,
                2.3518126850427103,
                6.91877752093744,
                2.551983089325264,
                7.240222705039175,
                3.553575650737287,
                4.692613704934429,
                5.68640476243098,
                3.9280787859478523,
                3.868935989088335,
                3.926713698537057,
                7.890938919752087,
                3.9280518449225785,
                3.950380954786111,
                3.910576643911137,
                8.455258594826585,
                10.681630145139593
            ],
            "UnitPairs": [
                [
                    -0.6526425043992015,
                    -0.7576659959715352
                ],
                [
                    -0.15450416564628477,
                    -0.9879921370122059
                ],
                [
                    -0.1467495412558206,
                    -0.9891736814843015
                ],
                [
                    0.056111342021441156,
                    -0.998424517575842
                ],
                [
                    0.19925731458021517,
                    -0.9799472039790109
                ],
                [
                    0.3965037205716039,
                    -0.9180331146385056
                ],
                [
                    0.5836766011506056,
                    -0.8119862223395645
                ],
                [
                    0.8034320722660656,
                    -0.5953964269747136
                ],
                [
                    0.8367839147326391,
                    -0.5475332684364662
                ],
                [
                    0.8693324608628026,
                    -0.4942277536624422
                ],
                [
                    0.8709016277543918,
                    -0.4914573783907927
                ],
                [
                    0.9785979196495657,
                    -0.20578170875357754
                ],
                [
                    0.9788834172080175,
                    -0.20441931297006755
                ],
                [
                    0.4270750747774031,
                    0.9042161691232222
                ],
                [
                    -0.1393755804552202,
                    0.990239590994407
                ],
                [
                    -0.20379718431583402,
                    0.9790131294650435
                ],
                [
                    -0.20691049137792622,
                    0.9783598768131004
                ],
                [
                    -0.3094027574784797,
                    0.9509310877580526
                ],
                [
                    -0.42603263066201824,
                    0.9047077968113242
                ],
                [
                    -0.4628612485215358,
                    0.8864307443997443
                ],
                [
                    -0.6056595935957229,
                    0.7957238570543577
                ],
                [
                    -0.7209097383023463,
                    0.6930289670864003
                ],
                [
                    -0.9202226745647522,
                    0.3913952340242459
                ]
            ]
        },
        {
            "Type": "R",
            "Centroid": {
                "x": 100394.641875,
                "y": 444808.05725
            },
            "Distances": [
                0.0
            ],
            "UnitPairs": [
                [
                    0.0,
                    0.0
                ]
            ]
        }
    ],
    "Annual Heating [kWh/m2]": 158.22012874558703,
    "Annual Cooling [kWh/m2]": 0.48061444378994794
}