{
    "Pand ID": "0599100000055087",
    "Archetype ID": "D.1965",
    "Construction Year": 1935,
    "Number of Floors": 3,
    "Wall Area": 258.14,
    "Roof Area (Flat)": 0.0,
    "Roof Area (Sloped)": 140.18,
    "Floor Area": 98.95,
    "Shared Wall Area": 0.0,
    "Absolute Height (70%)": 6.041114330291748,
    "Surfaces": [
        {
            "Type": "G",
            "Centroid": {
                "x": 92647.83250250001,
                "y": 431217.96389
            },
            "Distances": [
                5.295390690354255,
                5.127287840908657,
                6.131076300576438,
                5.858011140594027,
                6.226641416028628,
                5.660448289970672,
                5.9469798993935985,
                5.194236741182132,
                4.060628129146939,
                4.75915524470524,
                4.512177687466166,
                4.782876666120881,
                3.2419078770384493,
                3.2400249386633724,
                4.098725865825595,
                4.070296711921317,
                5.045333297493445,
                5.348600650937786,
                4.759583175311195,
                6.913749639857174,
                7.598701033916898,
                8.217681334965599,
                8.990085345703527,
                8.457978337814842,
                7.996892874292934
            ],
            "UnitPairs": [
                [
                    -0.7169329369636285,
                    -0.6971421403822221
                ],
                [
                    -0.7070872774252004,
                    -0.7071262844099473
                ],
                [
                    -0.49460157586439574,
                    -0.8691198312962697
                ],
                [
                    -0.4423753963262355,
                    -0.8968299776017783
                ],
                [
                    -0.2970204764392863,
                    -0.9548711099283397
                ],
                [
                    -0.20465516875258793,
                    -0.9788341340098687
                ],
                [
                    -0.1820150762757225,
                    -0.983295739850602
                ],
                [
                    0.15354710224668688,
                    -0.9881413296647628
                ],
                [
                    0.24812909923122228,
                    -0.9687269739790991
                ],
                [
                    0.7792475364456861,
                    -0.6267162651019433
                ],
                [
                    0.7875487727070887,
                    -0.6162523270605624
                ],
                [
                    0.857759939548412,
                    -0.5140504703877866
                ],
                [
                    0.999275773055343,
                    0.03805166730442762
                ],
                [
                    0.9992392223159028,
                    0.03899969981307472
                ],
                [
                    0.9926401845809192,
                    0.12110104853038525
                ],
                [
                    0.9877805684814775,
                    0.1558510459714948
                ],
                [
                    0.5554756910487514,
                    0.8315327754538074
                ],
                [
                    0.49500050065121365,
                    0.8688926886302174
                ],
                [
                    0.38817684909433314,
                    0.9215849032114163
                ],
                [
                    0.14920412999282295,
                    0.9888064156310297
                ],
                [
                    0.10417043603435718,
                    0.9945594603925961
                ],
                [
                    0.07028259875850297,
                    0.9975271205895864
                ],
                [
                    -0.7744576088290872,
                    0.6326258073511803
                ],
                [
                    -0.7990609256811056,
                    0.6012500619955514
                ],
                [
                    -0.8224994511496155,
                    0.5687659033895942
                ]
            ]
        },
        {
            "Type": "F",
            "Centroid": {
                "x": 92648.11834455129,
                "y": 431217.81994230766
            },
            "Distances": [
                0.895612865580132,
                5.408432994518531,
                5.236440452262011,
                2.7286795660497236,
                6.2947197220726085,
                6.155650257858875,
                5.8641032973112965,
                6.182156830078757,
                6.2636419298420565,
                5.586612435748848,
                5.865518025947392,
                5.014868512697274,
                3.857803077419714,
                1.1340769068223955,
                4.446703517662052,
                4.198824468545275,
                3.652991800871454,
                4.747095454162074,
                4.463758100444057,
                2.965788785970094,
                2.9640690102144642,
                3.8365282509652427,
                3.814954917211461,
                1.9627120809605605,
                2.0311740119127206,
                2.3737134966352293,
                2.7243775614728563,
                4.433971299180961,
                5.016319415860063,
                5.341754493810934,
                3.470056135680277,
                4.79193601149515,
                7.020027830315847,
                7.7178941956748774,
                8.346407213885152,
                2.6760890129172945,
                9.302781417277057,
                8.773116239913115,
                8.31398773121813
            ],