{
    "Pand ID": "0599100000416424",
    "Archetype ID": "D.2006-2014",
    "Construction Year": 2006,
    "Number of Floors": 3,
    "Wall Area": 243.24,
    "Roof Area (Flat)": 27.4,
    "Roof Area (Sloped)": 88.88,
    "Floor Area": 97.73,
    "Shared Wall Area": 0.0,
    "Absolute Height (70%)": 5.516750812530518,
    "Surfaces": [
        {
            "Type": "G",
            "Centroid": {
                "x": 97182.31970833334,
                "y": 437583.83887499996
            },
            "Distances": [
                7.897551519408773,
                5.629162600687744,
                3.6304090451175233,
                3.309658353715181,
                3.993850523180172,
                4.033755229518135,
                4.506299082182892,
                4.412482153126131,
                5.329735156135097,
                5.948959026687424,
                5.750434693858667,
                5.604427327406079,
                5.6867018855317895,
                5.5532409382684005,
                5.819785935522038,
                5.6648496671903255,
                3.826358952741714,
                4.075225515483564,
                6.157266222570246,
                7.649881714929377,
                6.309775174449155,
                5.914534329536782,
                6.41675580691973,
                8.124599287683871
            ],
            "UnitPairs": [
                [
                    -0.9968068348760996,
                    -0.07985069783221835
                ],
                [
                    -0.9719622120466564,
                    -0.23513710543716934
                ],
                [
                    -0.8278222360029217,
                    -0.5609905040008457
                ],
                [
                    -0.7509335005954592,
                    -0.6603778294911554
                ],
                [
                    -0.6761227836781097,
                    -0.7367889666596291
                ],
                [
                    -0.5958054459399028,
                    -0.8031288007464019
                ],
                [
                    0.29795329652494296,
                    -0.9545804487259937
                ],
                [
                    0.41941623839865216,
                    -0.9077940399493295
                ],
                [
                    0.4864531896447575,
                    -0.8737066408609022
                ],
                [
                    0.5708001435932598,
                    -0.8210890305404853
                ],
                [
                    0.6054614741372832,
                    -0.7958746153355489
                ],
                [
                    0.6330114495939847,
                    -0.7741424317804328
                ],
                [
                    0.6642983477422295,
                    -0.7474675278478282
                ],
                [
                    0.9462342306182812,
                    0.3234822727851244
                ],
                [
                    0.9434482174252427,
                    0.3315199255506855
                ],
                [
                    0.9367709610029169,
                    0.3499430905471224
                ],
                [
                    0.7003176387158296,
                    0.7138313560663223
                ],
                [
                    0.6764451822835921,
                    0.736492983921312
                ],
                [
                    0.5472666837619651,
                    0.8369582885927955
                ],
                [
                    -0.39965759566763276,
                    0.9166645003626828
                ],
                [
                    -0.5667925139096434,
                    0.8238605744760377
                ],
                [
                    -0.6349330520545872,
                    0.7725671617462438
                ],
                [
                    -0.6750036098715971,
                    0.7378144256249756
                ],
                [
                    -0.7616785904407485,
                    0.6479550330572287
                ]
            ]
        },
        {
            "Type": "F",
            "Centroid": {
                "x": 97182.53906071428,
                "y": 437583.27042142855
            },
            "Distances": [
                8.091924553843782,
                5.705937279903671,
                5.7405738201988035,
                3.543180111062207,
                3.151280413161299,
                3.7631442494636125,
                3.931225797491241,
                3.7434792849318663,
                0.8465328359959221,
                3.898513036977158,
                3.804646334189711,
                4.727130876960226,
                3.7911148322056953,
                3.793495559043003,
                5.35894656086607,
                5.513759330680479,
                4.914651510640783,
                5.16799116676526,
                5.029102164932708,
                5.1205455749744475,
                1.1571431382953916,
                5.868353313666847,
                5.562985181383994,
                5.833172539138736,
                5.691001058041669,
                4.116067903404735,
                4.3796848989597335,
                6.531753386346657,
                8.25867005636853,
                1.1024310860981246,
                6.903878751395344,
                6.495799331619583,
                6.987755814887168,
                8.66489038342424,
                2.370876224307044
            ],