{
    "Pand ID": "0599100000370651",
    "Archetype ID": "D.1992-2005",
    "Construction Year": 2001,
    "Number of Floors": 3,
    "Wall Area": 348.44,
    "Roof Area (Flat)": 59.44,
    "Roof Area (Sloped)": 45.52,
    "Floor Area": 105.38,
    "Shared Wall Area": 0.0,
    "Absolute Height (70%)": 4.077371120452881,
    "Surfaces": [
        {
            "Type": "G",
            "Centroid": {
                "x": 97241.52815,
                "y": 438245.1989833333
            },
            "Distances": [
                5.394636374618527,
                6.342320843420313,
                6.430804118786302,
                6.658781666420139,
                6.712282285537412,
                6.861496178966761,
                6.425612729322996,
                8.209056459002259,
                3.7407448475213907,
                6.89674130397176,
                4.023297041132129,
                4.030966172166633,
                3.4758759396305416,
                5.934737557900525,
                5.6867695529004845,
                5.299132521571546,
                5.034130922798768,
                4.911381049626865,
                4.943677424878691,
                5.123577826857737,
                5.440619923122316,
                5.869933521627717,
                6.08471232527303,
                6.389542806898123,
                7.047099428022965,
                5.894526620650887,
                4.577936188705538,
                5.939482105470274,
                5.7301188889131724,
                6.901621457872068
            ],
            "UnitPairs": [
                [
                    -0.9838290537915817,
                    -0.17911000227670404
                ],
                [
                    -0.9823533299248647,
                    -0.18703458285977506
                ],
                [
                    -0.9186098489206245,
                    -0.39516571899144715
                ],
                [
                    -0.7869908134129365,
                    -0.6169647150393973
                ],
                [
                    -0.7689485901268212,
                    -0.6393106175733155
                ],
                [
                    -0.6818337980469845,
                    -0.7315071235749
                ],
                [
                    -0.6488719715331485,
                    -0.760897604516327
                ],
                [
                    -0.42591983834571384,
                    -0.9047609028376288
                ],
                [
                    0.17766515148555628,
                    -0.9840909988144462
                ],
                [
                    0.20293642146592758,
                    -0.9791919162465565
                ],
                [
                    0.574802202363363,
                    -0.8182923854944684
                ],
                [
                    0.602485830018381,
                    -0.798129578844853
                ],
                [
                    0.6587116570814862,
                    -0.7523954763453609
                ],
                [
                    0.9534709740411073,
                    -0.30148482824364836
                ],
                [
                    0.9751757915324207,
                    -0.22143210157769957
                ],
                [
                    0.9976349861956084,
                    -0.06873452057364118
                ],
                [
                    0.9945311468428061,
                    0.10444040386523258
                ],
                [
                    0.9581011842632724,
                    0.2864299577790615
                ],
                [
                    0.8871128965531813,
                    0.4615524983888883
                ],
                [
                    0.7890189505513049,
                    0.6143688596201126
                ],
                [
                    0.676687592964217,
                    0.7362702639169222
                ],
                [
                    0.5621188021730857,
                    0.8270564988218733
                ],
                [
                    0.5133521246406834,
                    0.8581780678430883
                ],
                [
                    0.4531779639816157,
                    0.89142006537966
                ],
                [
                    0.34448215536119403,
                    0.9387928656725647
                ],
                [
                    -0.2979713407062187,
                    0.9545748164066232
                ],
                [
                    -0.31704242701583524,
                    0.9484113556215514
                ],
                [
                    -0.8035043990774401,
                    0.5952988162790195
                ],
                [
                    -0.8216932477786082,
                    0.5699300014519701
                ],
                [
                    -0.9091196957547031,
                    0.4165349670686437
                ]
            ]
        },
        {
            "Type": "F",
            "Centroid": {
                "x": 97240.97805769232,
                "y": 438244.438775641
            },
            "Distances": [
                4.761766798587455,
                5.696261346368491,
                5.645599883462337,
                4.8449402068743455,
                5.762661012222379,
                5.807951507267481,
                5.9314605126620865,
                5.490741381248199,
                6.048940215995812,
                5.938098030816176,
                4.443612057885469,
                7.289030108027079,
                8.062497042296105,
                6.593340060013326,
                6.302194572408446,
                3.163521486870201,
                3.821800766059991,
                3.8983867265370327,
                3.861292900658547,
                3.391898072054136,
                6.293389702015074,
                6.1160846380993545,
                5.850108784245869,
                5.703556737176401,
                5.68489925201115,
                5.797815671156139,
                6.030347106365646,
                6.373517974954841,
                6.807941532946682,
                7.019973817814195,
                7.317950560273519,
                7.954347818881347,
                5.499005018915083,
                5.180974610599661,
                6.499893823048865,
                6.023560238058135,
                5.787917795106937,
                6.992636096806146,
                6.780909758032606
            ],