{
    "Pand ID": "0599100100015028",
    "Archetype ID": "D.2015-2018",
    "Construction Year": 2019,
    "Number of Floors": 2,
    "Wall Area": 239.73,
    "Roof Area (Flat)": 0.0,
    "Roof Area (Sloped)": 133.98,
    "Floor Area": 109.63,
    "Shared Wall Area": 0.0,
    "Absolute Height (70%)": 4.822271347045898,
    "Surfaces": [
        {
            "Type": "G",
            "Centroid": {
                "x": 95695.1635,
                "y": 436259.15375000006
            },
            "Distances": [
                6.630375705800651,
                12.680288048806704,
                12.102120144848405,
                12.318677282892223,
                5.141427817224338,
                5.150361734829622,
                6.046660648645117,
                5.563250578550321,
                5.422391815422156,
                5.2783546678891815
            ],
            "UnitPairs": [
                [
                    -0.9666118911470842,
                    -0.2562449060821643
                ],
                [
                    0.7857077032994497,
                    -0.6185979348299702
                ],
                [
                    0.9142199769606633,
                    -0.4052182544333912
                ],
                [
                    0.9870377899164282,
                    -0.1604880097605201
                ],
                [
                    -0.6601279101167125,
                    0.7511532082637614
                ],
                [
                    -0.6696617009770758,
                    0.7426662818820371
                ],
                [
                    -0.7232090990564738,
                    0.6906291327781674
                ],
                [
                    -0.9241000252307363,
                    0.38215068149690967
                ],
                [
                    -0.9733711947916088,
                    0.2292346333998336
                ],
                [
                    -0.9741672023838048,
                    0.22582794733980802
                ]
            ]
        },
        {
            "Type": "F",
            "Centroid": {
                "x": 95693.16595454546,
                "y": 436259.8339318182
            },
            "Distances": [
                5.115006155143649,
                5.012129021741467,
                14.687284406570809,
                14.40376320344891,
                3.47477369618998,
                3.46361107721255,
                4.256871521318112,
                4.226526831579697,
                3.460013973125155,
                3.3283849432849,
                3.1858361916149742
            ],
            "UnitPairs": [
                [
                    -0.8906058775480099,
                    -0.45477595679294586
                ],
                [
                    -0.8801558232697263,
                    -0.474684871008536
                ],
                [
                    0.8143469632267187,
                    -0.5803783451193033
                ],
                [
                    0.9828365861460869,
                    -0.18447830477512928
                ],
                [
                    -0.4018835951810949,
                    0.9156907643546034
                ],
                [
                    -0.41905817746334545,
                    0.9079593844997138
                ],
                [
                    -0.5540347021642752,
                    0.8324935728266873
                ],
                [
                    -0.5620346540150372,
                    0.8271136848621218
                ],
                [
                    -0.90850920542073,
                    0.4178648389919805
                ],
                [
                    -0.9855995028728277,
                    0.16909648114858816
                ],
                [
                    -0.9870107426579275,
                    0.16065426815944328
                ]
            ]
        },
        {
            "Type": "R",
            "Centroid": {
                "x": 95706.2275,
                "y": 436254.24975
            },
            "Distances": [
                0.0
            ],
            "UnitPairs": [
                [
                    0.0,
                    0.0
                ]
            ]
        }
    ],
    "Annual Heating [kWh/m2]": 140.67191301364593,
    "Annual Cooling [kWh/m2]": 0.2872053923737407
}