{
    "Pand ID": "0599100000248123",
    "Archetype ID": "D.1975-1991",
    "Construction Year": 1988,
    "Number of Floors": 2,
    "Wall Area": 234.15,
    "Roof Area (Flat)": 12.03,
    "Roof Area (Sloped)": 183.87,
    "Floor Area": 136.24,
    "Shared Wall Area": 0.0,
    "Absolute Height (70%)": 6.812317371368408,
    "Surfaces": [
        {
            "Type": "G",
            "Centroid": {
                "x": 69887.32772500001,
                "y": 444632.90685
            },
            "Distances": [
                5.033640625375714,
                5.857198924871719,
                6.089852809845229,
                4.473157268104424,
                4.801088902069965,
                3.665217080248457,
                4.044626341847367,
                3.2667585379527346,
                4.757399536000423,
                5.388060239569242,
                5.609325355593772,
                5.1922081665543285,
                3.9009945968682467,
                6.684780246552654,
                6.766833132621656,
                4.6534477481098255,
                7.822303109958974,
                7.161531326776172,
                10.936843509200916,
                10.805189167485855
            ],
            "UnitPairs": [
                [
                    -0.805947484521766,
                    -0.5919870371832797
                ],
                [
                    -0.7624548964939901,
                    -0.6470413671569529
                ],
                [
                    -0.0009606143528572888,
                    -0.9999995386099261
                ],
                [
                    0.19095013852410717,
                    -0.9815997374681924
                ],
                [
                    0.27142800864000033,
                    -0.9624587451552009
                ],
                [
                    0.3667313478465996,
                    -0.9303268879843344
                ],
                [
                    0.44111614997229137,
                    -0.8974500221369561
                ],
                [
                    0.503297069829712,
                    -0.8641134529104532
                ],
                [
                    0.6583743863193756,
                    -0.7526906186731609
                ],
                [
                    0.8055125234338621,
                    -0.5925787496959467
                ],
                [
                    0.9898070887351648,
                    -0.14241463088326886
                ],
                [
                    0.9970998530716254,
                    0.07610442171479238
                ],
                [
                    0.9533850682530198,
                    0.301756377947815
                ],
                [
                    0.7823966992311663,
                    0.6227803826648491
                ],
                [
                    0.014209010051401611,
                    0.9998990469209175
                ],
                [
                    -0.22216860615379544,
                    0.9750082617289352
                ],
                [
                    -0.4278599221954502,
                    0.903845056953294
                ],
                [
                    -0.5439967825664871,
                    0.8390873021070634
                ],
                [
                    -0.6012566600661559,
                    0.7990559609477242
                ],
                [
                    -0.9991356775590348,
                    0.041567990433125646
                ]
            ]
        },
        {
            "Type": "F",
            "Centroid": {
                "x": 69887.08505921053,
                "y": 444634.0061578947
            },
            "Distances": [
                10.573192624243415,
                1.2356199406639325,
                5.5845796907014185,
                6.4605843230631175,
                7.193057274414844,
                5.598646138529755,
                5.925348326929225,
                4.7802185377954975,
                4.090768671275897,
                5.145183829294576,
                2.965410028579457,
                4.3524012193731245,
                4.920785223578646,
                5.7700311551999075,
                6.278918692996487,
                3.9179800523165706,
                6.097777744966269,
                5.46536746545814,
                4.194069792851196,
                3.9625804399499214,
                4.890303343943229,
                6.206613930343163,
                6.168011447553985,
                6.235483972790162,
                3.591303832484464,
                2.7501641302631534,
                5.676961827066798,
                3.034459000797572,
                3.5277090010140606,
                3.4244648995817855,
                6.729555338882953,
                6.071968895661055,
                6.119828786410149,
                9.923528084246781,
                9.111274745090846,
                5.920136383213757,
                5.91732004204518,
                9.693621668854707
            ],