{
    "Pand ID": "0599100015001629",
    "Archetype ID": "D.1965-1974",
    "Construction Year": 1965,
    "Number of Floors": 2,
    "Wall Area": 262.03,
    "Roof Area (Flat)": 101.63,
    "Roof Area (Sloped)": 47.56,
    "Floor Area": 128.79,
    "Shared Wall Area": 14.98,
    "Absolute Height (70%)": 7.217310428619385,
    "Surfaces": [
        {
            "Type": "G",
            "Centroid": {
                "x": 76544.50775,
                "y": 435988.62175
            },
            "Distances": [
                11.533643659425298,
                4.885573309527787,
                4.339703453307602,
                6.057195849776897,
                5.8090463126522645,
                3.984916067177034,
                5.295646944641024,
                11.694112944665473
            ],
            "UnitPairs": [
                [
                    -0.9063917967896374,
                    -0.42243805547376145
                ],
                [
                    0.6513053429768825,
                    -0.7588157551143528
                ],
                [
                    0.7198648556539345,
                    -0.6941142482288778
                ],
                [
                    0.8847328257008772,
                    -0.466098516547029
                ],
                [
                    0.835076833426082,
                    0.5501333313616509
                ],
                [
                    0.655973665677026,
                    0.7547837769442618
                ],
                [
                    0.4669873248443632,
                    0.8842640094647669
                ],
                [
                    -0.9533856952434131,
                    0.3017543969940352
                ]
            ]
        },
        {
            "Type": "F",
            "Centroid": {
                "x": 76544.4875,
                "y": 435989.0400833333
            },
            "Distances": [
                11.69843626599494,
                5.22253223092973,
                4.653515882602939,
                6.280461214714816,
                3.4653962355607755,
                5.164296086537345,
                5.607416508768556,
                3.693826164841104,
                3.576806313270029,
                4.939792006678239,
                11.555248521898235,
                11.13296557090593
            ],
            "UnitPairs": [
                [
                    -0.8918927079446825,
                    -0.4522470536278831
                ],
                [
                    0.613160409243089,
                    -0.7899584245622345
                ],
                [
                    0.6756719176036899,
                    -0.7372024550703508
                ],
                [
                    0.8565055679979068,
                    -0.5161377839187742
                ],
                [
                    0.9846637348360169,
                    -0.17446297400533498
                ],
                [
                    0.9961183312877728,
                    -0.08802425843177009
                ],
                [
                    0.8687155648914481,
                    0.4953112832505761
                ],
                [
                    0.713149423510056,
                    0.7010120539243779
                ],
                [
                    0.6403058481232384,
                    0.768120056279733
                ],
                [
                    0.5047277287442147,
                    0.8632785876162493
                ],
                [
                    -0.9630904933730772,
                    0.2691778251907146
                ],
                [
                    -0.9888425442343596,
                    0.14896450151669818
                ]
            ]
        },
        {
            "Type": "R",
            "Centroid": {
                "x": 76546.77775,
                "y": 435991.7875
            },
            "Distances": [
                0.0
            ],
            "UnitPairs": [
                [
                    0.0,
                    0.0
                ]
            ]
        }
    ],
    "Annual Heating [kWh/m2]": 362.43116014075326,
    "Annual Cooling [kWh/m2]": 1.4606798119601323
}