{
    "Pand ID": "0599100000245270",
    "Archetype ID": "D.1965",
    "Construction Year": 1900,
    "Number of Floors": 3,
    "Wall Area": 305.71,
    "Roof Area (Flat)": 21.91,
    "Roof Area (Sloped)": 94.04,
    "Floor Area": 105.06,
    "Shared Wall Area": 0.0,
    "Absolute Height (70%)": 8.263145446777344,
    "Surfaces": [
        {
            "Type": "G",
            "Centroid": {
                "x": 86618.37388636364,
                "y": 433994.8672272727
            },
            "Distances": [
                7.034429680784354,
                7.1169568909905205,
                8.942083437646913,
                8.546894456030513,
                7.117632122040824,
                7.801185913765011,
                5.460183965267435,
                5.094587701013199,
                5.327316075701604,
                4.434642450234511,
                4.716933501920115
            ],
            "UnitPairs": [
                [
                    -0.8686754493178223,
                    -0.495381634452146
                ],
                [
                    -0.8647848312016119,
                    -0.5021426049675527
                ],
                [
                    0.3685230247884905,
                    -0.9296186208336953
                ],
                [
                    0.41715311388233317,
                    -0.9088362226376507
                ],
                [
                    0.996028386239348,
                    -0.08903624995158066
                ],
                [
                    0.9955362841249742,
                    0.09437958990501445
                ],
                [
                    -0.2524889953188309,
                    0.9675997660411496
                ],
                [
                    -0.3185019983688102,
                    0.9479221893357462
                ],
                [
                    -0.3642803122736785,
                    0.9312893503577667
                ],
                [
                    -0.48045279581149203,
                    0.877020587555914
                ],
                [
                    -0.5042760010668152,
                    0.8635425378914818
                ]
            ]
        },
        {
            "Type": "F",
            "Centroid": {
                "x": 86619.5685131579,
                "y": 433994.59039473685
            },
            "Distances": [
                7.978562429968515,
                8.054885714256429,
                2.4689477891188614,
                8.305943624961246,
                7.73637490764914,
                7.857092155046577,
                4.052810938260586,
                5.905530991440138,
                4.9138353041288685,
                4.084221258799972,
                6.649368947210583,
                1.4265797250634542,
                1.3731023944497118,
                6.126700075705231,
                6.4119995342995395,
                5.831747821999458,
                6.104721272680036,
                5.330460405353901,
                5.629531543239554
            ],
            "UnitPairs": [
                [
                    -0.9156114553250008,
                    -0.4020642521757365
                ],
                [
                    -0.9123981914345127,
                    -0.4093037261826847
                ],
                [
                    -0.3808355778293622,
                    -0.9246427757027986
                ],
                [
                    0.2529197086992789,
                    -0.9674872717258206
                ],
                [
                    0.2826565243020273,
                    -0.9592211889181229
                ],
                [
                    0.3017320906156346,
                    -0.953392755108155
                ],
                [
                    0.9637105953384764,
                    -0.26694922444607194
                ],
                [
                    0.9981721966493803,
                    -0.06043397915205426
                ],
                [
                    0.9997764552619907,
                    -0.021143308723297314
                ],
                [
                    0.9996365484129113,
                    0.026958692051379837
                ],
                [
                    0.9883248913206549,
                    0.15236111444858816
                ],
                [
                    0.7919198781947685,
                    0.6106250130153389
                ],
                [
                    0.5540277587282181,
                    0.8324981937269218
                ],
                [
                    -0.42000801836297413,
                    0.9075203934407247
                ],
                [
                    -0.45185018220856576,
                    0.8920938363412707
                ],
                [
                    -0.48309070348772726,
                    0.875570312541336
                ],
                [
                    -0.5135800666154947,
                    0.8580416744979372
                ],
                [
                    -0.6238228792684556,
                    0.7815657459876386
                ],
                [
                    -0.6347354358805098,
                    0.7727295299375968
                ]
            ]
        },
        {
            "Type": "R",
            "Centroid": {
                "x": 86620.32925,
                "y": 433995.73350000003
            },
            "Distances": [
                0.0
            ],
            "UnitPairs": [
                [
                    0.0,
                    0.0
                ]
            ]
        }
    ],
    "Annual Heating [kWh/m2]": 273.8807168050901,
    "Annual Cooling [kWh/m2]": 1.3183831337979597
}