{
    "Pand ID": "0599100000397673",
    "Archetype ID": "D.1992-2005",
    "Construction Year": 2004,
    "Number of Floors": 2,
    "Wall Area": 331.37,
    "Roof Area (Flat)": 54.8,
    "Roof Area (Sloped)": 166.98,
    "Floor Area": 152.8,
    "Shared Wall Area": 0.0,
    "Absolute Height (70%)": 1.6470385789871216,
    "Surfaces": [
        {
            "Type": "G",
            "Centroid": {
                "x": 96759.68297857144,
                "y": 438061.08255
            },
            "Distances": [
                9.292960025479253,
                5.658251277635268,
                5.413823014763171,
                5.391438091306405,
                5.654362988574859,
                2.947968769127869,
                2.6578442297334455,
                6.702101894684928,
                3.912778071307737,
                3.759405212201722,
                4.557547323594637,
                4.473342726572134,
                4.05945716015844,
                3.7432159902523936,
                3.7238730001330156,
                3.940678376109654,
                4.0061165065044975,
                10.088736569957128,
                12.714189579513553,
                12.77348034934742,
                12.462425611438087,
                12.425856001801332,
                12.773297932152545,
                12.791210641044179,
                9.568257026269288,
                4.051045223932687,
                4.149482691430938,
                7.938115775386839,
                4.519448990519877,
                5.585631874279811,
                5.62311378464639,
                11.325576878678383,
                5.901275840821953,
                2.715831002673661,
                2.2516822868324677
            ],
            "UnitPairs": [
                [
                    -0.9987375977067181,
                    -0.05023157300955008
                ],
                [
                    -0.9929266651054867,
                    -0.11872926228397417
                ],
                [
                    -0.9902851564991519,
                    -0.139051461040329
                ],
                [
                    -0.937454624505957,
                    -0.3481074934447626
                ],
                [
                    -0.9313566500900586,
                    -0.3641082123943705
                ],
                [
                    -0.768063961578013,
                    -0.6403731341375031
                ],
                [
                    -0.7379019994792613,
                    -0.6749078745758625
                ],
                [
                    -0.6771351201073982,
                    -0.73585870186955
                ],
                [
                    -0.48820263675064135,
                    -0.8727303051170627
                ],
                [
                    -0.4565159844592176,
                    -0.8897152105776496
                ],
                [
                    -0.3783237888731512,
                    -0.9256733283252052
                ],
                [
                    -0.35392516697261006,
                    -0.9352737439826962
                ],
                [
                    -0.19466360654777506,
                    -0.980870062896107
                ],
                [
                    -0.1667626375423509,
                    -0.9859970703404339
                ],
                [
                    -0.15339636217585947,
                    -0.9881647413620932
                ],
                [
                    -0.12693971029497544,
                    -0.9919104344396361
                ],
                [
                    0.6160009137421916,
                    -0.7877454374788756
                ],
                [
                    0.9923711813813328,
                    -0.1232860023028473
                ],
                [
                    0.9990232841141662,
                    -0.044186850959827675
                ],
                [
                    0.9990833413874859,
                    -0.04280744049830749
                ],
                [
                    0.9983426835581105,
                    0.05754898944369485
                ],
                [
                    0.9116290601567315,
                    0.4110139373278654
                ],
                [
                    0.8579437735487601,
                    0.5137435950247107
                ],
                [
                    0.8556478144018704,
                    0.5175585162175407
                ],
                [
                    0.7969864738832309,
                    0.6039971526813469
                ],
                [
                    0.15323734845090592,
                    0.9881894125316946
                ],
                [
                    -0.6466417071638079,
                    0.7627938794695958
                ],
                [
                    -0.7226184064005946,
                    0.6912471618249619
                ],
                [
                    -0.7508058125101437,
                    0.6605229987676304
                ],
                [
                    -0.8858851930822951,
                    0.4639045426351682
                ],
                [
                    -0.8886941937893423,
                    0.45850041431291094
                ],
                [
                    -0.9258008385576532,
                    0.37801164972252677
                ],
                [
                    -0.9977890765084427,
                    0.06646020463727752
                ],
                [
                    -0.9997781779324536,
                    0.021061693428192817
                ],
                [
                    -0.9997984993698953,
                    0.020073879986321697
                ]
            ]
        },
        {
            "Type": "F",
            "Centroid": {
                "x": 96759.82675000001,
                "y": 438061.06597950816
            },