{
    "Pand ID": "0599100000216442",
    "Archetype ID": "D.1992-2005",
    "Construction Year": 1994,
    "Number of Floors": 2,
    "Wall Area": 279.77,
    "Roof Area (Flat)": 75.52,
    "Roof Area (Sloped)": 170.58,
    "Floor Area": 176.43,
    "Shared Wall Area": 0.0,
    "Absolute Height (70%)": 3.1056442260742188,
    "Surfaces": [
        {
            "Type": "G",
            "Centroid": {
                "x": 97684.40597321428,
                "y": 437762.88364285714
            },
            "Distances": [
                9.470061947977262,
                8.01168938477557,
                7.617747840097905,
                7.690430241444072,
                9.617583395525083,
                8.875330163620486,
                8.187929945843871,
                9.85661488608217,
                7.761964544115932,
                7.603430678579724,
                9.131211643810799,
                6.765280910540171,
                4.465403654593255,
                4.421552887996002,
                5.853890843927967,
                6.95729569887779,
                6.7555177457416145,
                6.89367480880701,
                5.774927446529333,
                5.647754902712916,
                6.199820102085972,
                6.199031255982269,
                6.421197736389352,
                7.951415508221284,
                7.849611929330899,
                6.805584551255569,
                7.273479738948418,
                8.848679563222502
            ],
            "UnitPairs": [
                [
                    -0.6547513361938944,
                    -0.7558443541843187
                ],
                [
                    -0.5379059905240049,
                    -0.8430048311595784
                ],
                [
                    -0.49155416966885385,
                    -0.8708470005007559
                ],
                [
                    -0.4841778154636673,
                    -0.8749696240515045
                ],
                [
                    -0.33205178296298243,
                    -0.9432611586570839
                ],
                [
                    0.31350543973237277,
                    -0.949586404314116
                ],
                [
                    0.3212612104783789,
                    -0.9469906201446595
                ],
                [
                    0.6305881235653014,
                    -0.7761176575870389
                ],
                [
                    0.7331216541082217,
                    -0.6800975226227668
                ],
                [
                    0.7428836435141223,
                    -0.6694205645176898
                ],
                [
                    0.8634630970424315,
                    -0.5044120141767963
                ],
                [
                    0.9700209603256063,
                    0.24302126764748147
                ],
                [
                    0.9646304385672319,
                    0.263605988151996
                ],
                [
                    0.9644720743467667,
                    0.2641848175146428
                ],
                [
                    0.5947265465874341,
                    0.8039280656776354
                ],
                [
                    0.45282886082105345,
                    0.8915974555860435
                ],
                [
                    0.4176533008885468,
                    0.9086064716129316
                ],
                [
                    0.4059466631852022,
                    0.9138967702365514
                ],
                [
                    0.071596446801815,
                    0.9974336814071173
                ],
                [
                    -0.01514508256108851,
                    0.9998853066598278
                ],
                [
                    -0.03460353861154978,
                    0.9994011182280912
                ],
                [
                    -0.035575835186879665,
                    0.999366979617976
                ],
                [
                    -0.5191454696041097,
                    0.8546858963324061
                ],
                [
                    -0.796655099677914,
                    0.6044341586617793
                ],
                [
                    -0.8032926686128581,
                    0.5955844932105208
                ],
                [
                    -0.8789157888246653,
                    0.47697697654574095
                ],
                [
                    -0.9039051389779917,
                    0.4277329771354759
                ],
                [
                    -0.9526320457256837,
                    0.3041252792131866
                ]
            ]
        },
        {
            "Type": "F",
            "Centroid": {
                "x": 97685.08520833333,
                "y": 437762.2511666667
            },
            "Distances": [
                1.3358888961589979,
                9.482210153396641,
                7.896807990224399,
                7.455652244628457,
                1.896063624427732,
                7.520019094709736,
                2.275420102510922,
                9.285586012821513,
                5.490021472442934,
                2.9742690939070986,
                4.83403657426824,
                8.07416211970373,
                7.383892645551746,
                4.850378608191984,
                4.929283473228004,
                4.874396938914823,
                8.938342690874668,
                6.530875028883924,
                6.833857300326129,
                6.675462669439894,
                5.924243595973463,
                8.228205597281294,
                4.736161351904846,
                4.020416818285149,
                3.9181188270272567,
                6.308345036619232,
                4.054459116333196,
                4.011978130259503,
                6.029341614891635,
                7.268574351351524,
                7.414228461851454,
                7.101404401673191,
                7.249265061630689,
                4.729666762499473,
                6.398105642227674,
                6.325981446961152,
                6.886826311316597,
                6.886616130271195,
                2.5290761770593986,
                2.425374811473041,
                7.318734187057173,
                7.246741501695004,
                8.875312387526648,
                8.772540363773354,
                7.707741353199463,
                8.162818598756099,
                9.696180292648304,
                0.6987113563274489
            ],