{
    "Pand ID": "0599100000417448",
    "Archetype ID": "D.2006-2014",
    "Construction Year": 2006,
    "Number of Floors": 3,
    "Wall Area": 393.15,
    "Roof Area (Flat)": 207.92,
    "Roof Area (Sloped)": 0.0,
    "Floor Area": 160.47,
    "Shared Wall Area": 0.0,
    "Absolute Height (70%)": 4.303228855133057,
    "Surfaces": [
        {
            "Type": "G",
            "Centroid": {
                "x": 99850.10234166666,
                "y": 444409.3745166667
            },
            "Distances": [
                6.144530160132954,
                4.725111330837566,
                9.061829470650991,
                6.8542915429292774,
                7.2876343913709,
                11.79213614048148,
                10.889689617055376,
                3.681914984844075,
                3.7228052087538464,
                4.3340683915204625,
                5.998392380937399,
                6.343452689375007,
                5.065679818344349,
                4.762785538816005,
                4.875324846144204
            ],
            "UnitPairs": [
                [
                    -0.9960837537051799,
                    -0.0884146798026124
                ],
                [
                    -0.9897050755474656,
                    -0.14312184821188317
                ],
                [
                    -0.7325746625619753,
                    -0.6806866854671155
                ],
                [
                    -0.277412574990935,
                    -0.960750885108569
                ],
                [
                    -0.26640560741562963,
                    -0.9638610129772391
                ],
                [
                    0.7352809728486983,
                    -0.6777624148377304
                ],
                [
                    0.8965850888949078,
                    0.44287151451782303
                ],
                [
                    0.8285181341500637,
                    0.5599622321054314
                ],
                [
                    0.8207610019890414,
                    0.571271719599303
                ],
                [
                    0.7250770060515616,
                    0.688667797486788
                ],
                [
                    0.5507364512927857,
                    0.8346791965883834
                ],
                [
                    0.533389858650346,
                    0.8458695281714337
                ],
                [
                    -0.8467701908677462,
                    0.5319588742166077
                ],
                [
                    -0.9113294376341152,
                    0.4116778547620546
                ],
                [
                    -0.9151116710076778,
                    0.40320048311669426
                ]
            ]
        },
        {
            "Type": "F",
            "Centroid": {
                "x": 99851.00422282609,
                "y": 444409.3546847827
            },
            "Distances": [
                7.041828808075556,
                5.616838175760857,
                6.685198947123207,
                9.729341992891593,
                7.138885971863782,
                7.559545851747524,
                5.837843940662745,
                11.13156201810327,
                6.985808739509117,
                5.799039347453459,
                4.592042735407397,
                4.292037269017894,
                10.098480932087652,
                2.9915915360448495,
                3.0407170073125163,
                3.748057404821445,
                5.570842938799271,
                5.929832225504333,
                5.91446162099147,
                5.858238350431202,
                5.961820666341282,
                5.604002971963952,
                5.719088138495292
            ],
            "UnitPairs": [
                [
                    -0.9972335337143453,
                    -0.07433222205477133
                ],
                [
                    -0.9931473280036016,
                    -0.11686909291727475
                ],
                [
                    -0.8419117920956466,
                    -0.5396151724426367
                ],
                [
                    -0.7750110779941899,
                    -0.6319476473461103
                ],
                [
                    -0.39268701547273166,
                    -0.9196721741355006
                ],
                [
                    -0.37612680468465526,
                    -0.9265681986760129
                ],
                [
                    0.5744675959142638,
                    -0.8185273246779768
                ],
                [
                    0.6978941644734683,
                    -0.7162009042118556
                ],
                [
                    0.7012290711894948,
                    -0.7129360348016633
                ],
                [
                    0.9656172063004449,
                    0.2599680959204878
                ],
                [
                    0.9402465139568853,
                    0.3404944830565171
                ],
                [
                    0.8985598055616684,
                    0.438851086165885
                ],
                [
                    0.8775232862755771,
                    0.4795340259503088
                ],
                [
                    0.7182304629575677,
                    0.6958052903505103
                ],
                [
                    0.7082711639191827,
                    0.7059404779162095
                ],
                [
                    0.5978169307213071,
                    0.8016326573580668
                ],
                [
                    0.43111109042109413,
                    0.9022988572063776
                ],
                [
                    0.41850293221425633,
                    0.9082154456559685
                ],
                [
                    0.41147484418183794,
                    0.9114211170504731
                ],
                [
                    -0.8861619339371808,
                    0.46337568650147754
                ],
                [
                    -0.8895517196672,
                    0.45683447553476875
                ],
                [
                    -0.9354648547326908,
                    0.3534197300094403
                ],
                [
                    -0.9377977216312186,
                    0.34718213275353815
                ]
            ]
        },
        {
            "Type": "R",
            "Centroid": {
                "x": 99845.375875,
                "y": 444405.74725
            },
            "Distances": [
                0.0
            ],
            "UnitPairs": [
                [
                    0.0,
                    0.0
                ]
            ]
        }
    ],
    "Annual Heating [kWh/m2]": 111.36725105811227,
    "Annual Cooling [kWh/m2]": 0.2830766658683644
}