{
    "Pand ID": "0599100000080940",
    "Archetype ID": "D.1965",
    "Construction Year": 1924,
    "Number of Floors": 2,
    "Wall Area": 220.5,
    "Roof Area (Flat)": 61.66,
    "Roof Area (Sloped)": 80.03,
    "Floor Area": 118.37,
    "Shared Wall Area": 0.0,
    "Absolute Height (70%)": 2.8531157970428467,
    "Surfaces": [
        {
            "Type": "G",
            "Centroid": {
                "x": 95973.06930555556,
                "y": 431782.5275
            },
            "Distances": [
                4.520546316902779,
                4.563045024112318,
                6.131515817931454,
                5.698493446421388,
                7.204421119689772,
                7.856761850875288,
                6.166376209642294,
                5.538714000659821,
                6.422463148351066,
                3.616459687249849,
                3.9284321728002127,
                3.879931256907227,
                5.797978326077261,
                6.215357091970151,
                4.385676230947322,
                4.194347598920855,
                7.469145615436999,
                9.768114943975666
            ],
            "UnitPairs": [
                [
                    -0.9088626169362766,
                    -0.4170956047907279
                ],
                [
                    -0.9060957175990724,
                    -0.42307274852987403
                ],
                [
                    -0.821584043024636,
                    -0.570087414566655
                ],
                [
                    -0.6713275344676439,
                    -0.7411608067522151
                ],
                [
                    0.14094740265238376,
                    -0.9900170855523387
                ],
                [
                    0.2356498108999237,
                    -0.9718380351801581
                ],
                [
                    0.5355567568649853,
                    -0.8444992363384699
                ],
                [
                    0.9094971222283555,
                    -0.4157102171685702
                ],
                [
                    0.9999970877356766,
                    0.0024134042689665644
                ],
                [
                    0.8009060503714235,
                    0.5987900287065966
                ],
                [
                    0.7815953819187834,
                    0.6237857476435567
                ],
                [
                    0.760695035300296,
                    0.6491094385922003
                ],
                [
                    0.6982510483414776,
                    0.7158529691843344
                ],
                [
                    0.1313592175573948,
                    0.9913348354429541
                ],
                [
                    -0.06465492221334543,
                    0.9979076816186887
                ],
                [
                    -0.0971678064225849,
                    0.9952680128463002
                ],
                [
                    -0.52985384933245,
                    0.848088968415216
                ],
                [
                    -0.9886816044806191,
                    0.15002894707898343
                ]
            ]
        },
        {
            "Type": "F",
            "Centroid": {
                "x": 95972.65586538463,
                "y": 431782.2784615385
            },
            "Distances": [
                3.135408499264265,
                4.04127258084793,
                4.083382496302442,
                3.9567118530448813,
                5.649951823799679,
                5.238213046350514,
                4.025981122167503,
                7.03020298395533,
                7.725899066169354,
                6.26442436393826,
                6.196300452962634,
                5.824847412619132,
                6.841001320880896,
                4.096990621061078,
                4.407375627108124,
                4.3568013049172185,
                6.2794845019691,
                6.266127432104528,
                6.52745122799238,
                4.627361675085944,
                4.423542375640487,
                7.476879866183143,
                2.266403011570293,
                2.3697824136122763,
                2.0795462882142424,
                9.401771714970506
            ],
            "UnitPairs": [
                [
                    -0.9507901076760875,
                    -0.3098357163809461
                ],
                [
                    -0.9143445067632404,
                    -0.40493718395806344
                ],
                [
                    -0.9112825918215472,
                    -0.41178154140636686
                ],
                [
                    -0.8883930685825883,
                    -0.45908360425353084
                ],
                [
                    -0.8184344803006028,
                    -0.5745998620388645
                ],
                [
                    -0.6513891959802275,
                    -0.7587437745116811
                ],
                [
                    -0.524621283741979,
                    -0.851335720291894
                ],
                [
                    0.20324941095243196,
                    -0.9791269973540151
                ],
                [
                    0.2931548284513335,
                    -0.9560649802998065
                ],
                [
                    0.328184122903219,
                    -0.9446137737055526
                ],
                [
                    0.5996940664165908,
                    -0.8002293588120429
                ],
                [
                    0.9357986963860617,
                    -0.3525348207512947
                ],
                [
                    0.9992520531323669,
                    0.038669552761175764
                ],
                [
                    0.8078819117521491,
                    0.5893443956327173
                ],
                [
                    0.7904669150377023,
                    0.6125047397618879
                ],
                [
                    0.7723291423845179,
                    0.6352225561357178
                ],
                [
                    0.7181934462862904,
                    0.6958434980018288
                ],
                [
                    0.7120641358991245,
                    0.7021144254081616
                ],
                [
                    0.18841728148001385,
                    0.9820890631911554
                ],
                [
                    0.028068827225066456,
                    0.9996059928482869
                ],
                [
                    0.001330294788658183,
                    0.9999991151574962
                ],
                [
                    -0.47400994105344846,
                    0.8805194919946442
                ],
                [
                    -0.5092277846181171,
                    0.8606317815261789
                ],
                [
                    -0.949502946641568,
                    0.31375811434762896
                ],
                [
                    -0.9593993631886758,
                    0.28205116896258964
                ],
                [
                    -0.98323121055054,
                    0.1823633367739239
                ]
            ]
        },
        {
            "Type": "R",
            "Centroid": {
                "x": 95969.67475,
                "y": 431781.307
            },
            "Distances": [
                0.0
            ],
            "UnitPairs": [
                [
                    0.0,
                    0.0
                ]
            ]
        }
    ],
    "Annual Heating [kWh/m2]": 363.80355585528963,
    "Annual Cooling [kWh/m2]": 1.4723770470460253
}