{
    "Pand ID": "0599100000434873",
    "Archetype ID": "D.2006-2014",
    "Construction Year": 2007,
    "Number of Floors": 3,
    "Wall Area": 338.28,
    "Roof Area (Flat)": 33.13,
    "Roof Area (Sloped)": 130.85,
    "Floor Area": 134.14,
    "Shared Wall Area": 0.0,
    "Absolute Height (70%)": 3.17033052444458,
    "Surfaces": [
        {
            "Type": "G",
            "Centroid": {
                "x": 100206.97574107142,
                "y": 445004.5831785714
            },
            "Distances": [
                1.942636953109626,
                3.5662705473994687,
                1.929525082989446,
                6.555189027673164,
                4.0599852272733745,
                3.9989559766015534,
                4.083378508751338,
                10.713974901436904,
                4.575620509369915,
                4.960211103245972,
                9.80427967284727,
                5.951552406355416,
                5.972172401125407,
                3.784575713572996,
                3.696785772230734,
                6.969223950655469,
                6.776595988303626,
                6.88313692316676,
                10.321599905894736,
                10.136443665739602,
                10.28794874958444,
                8.34460169658899,
                8.620515167910753,
                8.594719536051405,
                8.395082219617306,
                5.415614228750133,
                4.913492507100605,
                5.7589521656221265
            ],
            "UnitPairs": [
                [
                    -0.9540787167977771,
                    -0.2995560083749067
                ],
                [
                    -0.9366727866051373,
                    -0.35020578355213794
                ],
                [
                    -0.9237654317864341,
                    -0.3829587798137327
                ],
                [
                    -0.3587125499366887,
                    -0.9334480738198128
                ],
                [
                    -0.07375114801196993,
                    -0.9972766758362077
                ],
                [
                    -0.04486885389025738,
                    -0.9989928858358176
                ],
                [
                    -0.03463518533100391,
                    -0.9994000219817324
                ],
                [
                    -0.027480797196328885,
                    -0.9996223315760079
                ],
                [
                    0.017390303329312216,
                    -0.9998487772408958
                ],
                [
                    0.05031467882741898,
                    -0.9987334144277409
                ],
                [
                    0.5001460170655211,
                    -0.865941084377855
                ],
                [
                    0.5337382940928037,
                    -0.8456497108252942
                ],
                [
                    0.5529933174657784,
                    -0.8331856880901117
                ],
                [
                    0.6055028626746219,
                    -0.7958431273139437
                ],
                [
                    0.6101439378806353,
                    -0.7922905875166709
                ],
                [
                    0.9925884829566968,
                    -0.12152408609705029
                ],
                [
                    0.9973401749539447,
                    -0.07288741608010935
                ],
                [
                    0.9980291697307748,
                    -0.06275170409240026
                ],
                [
                    0.20835640290085586,
                    0.9780529685912804
                ],
                [
                    0.20219827546680127,
                    0.9793446060495005
                ],
                [
                    0.19173612510986057,
                    0.9814465132282328
                ],
                [
                    -0.5787488423079563,
                    0.8155058415040326
                ],
                [
                    -0.6003618659232863,
                    0.7997284726362505
                ],
                [
                    -0.6008838973471536,
                    0.7993363133931146
                ],
                [
                    -0.605048102989685,
                    0.7961889179513764
                ],
                [
                    -0.7004613717296823,
                    0.7136903156934189
                ],
                [
                    -0.731338974515391,
                    0.6820141526059236
                ],
                [
                    -0.8854785427576269,
                    0.46468026675966073
                ]
            ]
        },
        {
            "Type": "F",
            "Centroid": {
                "x": 100207.1303125,
                "y": 445005.21140384616
            },
            "Distances": [
                1.1561225749469528,
                3.9672070228387946,
                2.344469306966046,
                2.280324695283405,
                2.37088140551614,
                7.1975079731472595,
                4.699136527106951,
                4.635203068364711,
                4.7184474084817145,
                11.347040743694986,
                5.203694355614533,
                5.58296216736284,
                4.264748178236817,
                10.280745622892063,
                6.41725384175566,
                6.427786892190103,
                4.221076761190987,
                4.13128847759005,
                6.922011836863382,
                6.375306600824766,
                7.022712856851645,
                6.698659959596489,
                6.798172635163654,
                9.674977627904092,
                9.735220396986293,
                9.489971801469084,
                9.641792960059613,
                1.566096477695784,
                5.335514367179492,
                2.7794854159525713,
                7.93685607834844,
                8.22616119606104,
                8.226469348819611,
                8.200756331492439,
                8.004250660659128,
                5.105279328672557,
                4.632644512316044,
                5.638988372910768,
                2.421372549539566
            ],