{
    "Pand ID": "0599100000123076",
    "Archetype ID": "D.1965",
    "Construction Year": 1956,
    "Number of Floors": 2,
    "Wall Area": 307.74,
    "Roof Area (Flat)": 0.0,
    "Roof Area (Sloped)": 206.59,
    "Floor Area": 164.11,
    "Shared Wall Area": 0.0,
    "Absolute Height (70%)": 4.114794731140137,
    "Surfaces": [
        {
            "Type": "G",
            "Centroid": {
                "x": 97320.81993548387,
                "y": 434209.1213225807
            },
            "Distances": [
                9.76908651978215,
                9.352815831574048,
                9.382143357431351,
                7.298515888384664,
                6.981849395374276,
                6.9852081950285765,
                2.065227202673243,
                2.06819348755182,
                8.804274538053013,
                11.829642864514824,
                12.367160937629697,
                12.175977876038038,
                10.249758516984064,
                10.271937461101503,
                9.835069629868592,
                9.735708789007587,
                9.795039354028157,
                5.583701276641066,
                3.144253346685787,
                2.7238957771445262,
                2.5192581687658295,
                6.592056557417888,
                6.673517122567327,
                6.351004325797895,
                2.9537953625052196,
                10.760777845955346,
                10.732246100690633,
                11.040320065111723,
                9.275821795339452,
                9.730164991067802,
                9.410421881039554
            ],
            "UnitPairs": [
                [
                    -0.9999845394038119,
                    -0.005560661232807575
                ],
                [
                    -0.999905873513299,
                    -0.013720208220227884
                ],
                [
                    -0.999658087344414,
                    -0.026147818396720632
                ],
                [
                    -0.1822199888588102,
                    -0.9832577869817737
                ],
                [
                    -0.17802381768521922,
                    -0.9840261786846831
                ],
                [
                    -0.15173999890685344,
                    -0.9884204432991803
                ],
                [
                    -0.061463205456975215,
                    -0.9981093499085928
                ],
                [
                    -0.05267180490245071,
                    -0.9986118770414851
                ],
                [
                    0.38697845022900124,
                    -0.9220887587745337
                ],
                [
                    0.6762726996702113,
                    -0.7366513664419311
                ],
                [
                    0.676797573698754,
                    -0.7361691682184738
                ],
                [
                    0.6916129941969089,
                    -0.7222682785904323
                ],
                [
                    0.9990542215367444,
                    0.04348174823543477
                ],
                [
                    0.9986494324919212,
                    0.05195489374027984
                ],
                [
                    0.998576002584126,
                    0.05334760597353524
                ],
                [
                    0.9978795305689561,
                    0.06508795949697332
                ],
                [
                    0.9961230540763159,
                    0.08797079707308035
                ],
                [
                    0.9506354751337188,
                    0.31030983454813155
                ],
                [
                    0.6583644152939637,
                    0.7526993401582317
                ],
                [
                    0.14356809074872398,
                    0.9896404414325267
                ],
                [
                    0.13935233811369907,
                    0.9902428620607396
                ],
                [
                    -0.04398255405552425,
                    0.9990322992470027
                ],
                [
                    -0.09124656050070773,
                    0.995828331188057
                ],
                [
                    -0.10532751192709666,
                    0.9944375873986498
                ],
                [
                    -0.3520675457326532,
                    0.9359745954040559
                ],
                [
                    -0.7018020065078006,
                    0.7123720542396543
                ],
                [
                    -0.7048790544768697,
                    0.7093275114922544
                ],
                [
                    -0.7176363943390041,
                    0.6964179819046271
                ],
                [
                    -0.965406158230274,
                    0.26075074237873813
                ],
                [
                    -0.9998736396354286,
                    0.01589669029077736
                ],
                [
                    -0.9999483129261734,
                    0.010167176407421393
                ]
            ]
        },
        {
            "Type": "F",
            "Centroid": {
                "x": 97320.241775,
                "y": 434209.62010000006
            },
            "Distances": [
                9.15724237479226,
                8.840969362046586,
                9.207402712540333,
                8.796157238296205,
                9.235610443320557,
                8.832175576318361,
                7.6934535003509215,
                7.378291754273627,
                7.711830240702151,
                7.399024301327758,
                7.418759785936822,
                2.5995607342266087,
                2.6066800553594187,
                12.588373833081498,
                13.125938452616998,
                12.936296155072812,
                2.6182409477985504,
                2.494760571806931,
                10.818355316799984,
                10.399257252835113,
                10.836281200690655,
                10.294108942042357,
                10.882257771736418,
                10.341594277994112,
                6.014162781335374,
                2.8178729053229317,
                3.2407014766000137,
                2.2016075740949126,
                2.4012010974244262,
                6.093720149453119,
                6.1469770383349465,
                5.817608246493675,
                2.3124746399382636,
                10.231359795234853,
                10.49460276806125,
                9.999899667498221,
                10.040578557040291,
                9.971088110618384,
                10.278150699898648,
                8.593973202789869
            ],