{
    "Pand ID": "0599100000425296",
    "Archetype ID": "D.1992-2005",
    "Construction Year": 2005,
    "Number of Floors": 3,
    "Wall Area": 275.94,
    "Roof Area (Flat)": 8.1,
    "Roof Area (Sloped)": 189.27,
    "Floor Area": 134.33,
    "Shared Wall Area": 0.0,
    "Absolute Height (70%)": 2.3100152015686035,
    "Surfaces": [
        {
            "Type": "G",
            "Centroid": {
                "x": 100414.23429807692,
                "y": 444711.96471153846
            },
            "Distances": [
                4.2647439737075725,
                4.112235215676848,
                4.89177181284554,
                4.791032601875094,
                6.719696273476485,
                6.673014882602368,
                6.825808800207972,
                9.402302852544818,
                6.213876840778617,
                5.413666140867008,
                9.90845509224952,
                11.162820580616403,
                6.044425436177387,
                5.853748076715251,
                6.313917740841551,
                5.013698742880083,
                5.768206067544394,
                7.514292331116274,
                5.997763083633314,
                6.137316596599915,
                5.932045192111351,
                6.261436122407099,
                6.166474987874698,
                6.754968325922881,
                6.688650571573496,
                7.347119901933104
            ],
            "UnitPairs": [
                [
                    -0.8568915506888888,
                    -0.5154967219662909
                ],
                [
                    -0.8470875069693528,
                    -0.531453436846961
                ],
                [
                    -0.5841284479811575,
                    -0.8116612324480726
                ],
                [
                    -0.5703202845762382,
                    -0.8214224083873527
                ],
                [
                    -0.2561757268273443,
                    -0.9666302276385121
                ],
                [
                    -0.24687837595247786,
                    -0.969046473337098
                ],
                [
                    -0.23021785738779807,
                    -0.9731391155121509
                ],
                [
                    0.418469494632468,
                    -0.9082308528463712
                ],
                [
                    0.422695362393469,
                    -0.9062718304190271
                ],
                [
                    0.4245878602895461,
                    -0.90538673995964
                ],
                [
                    0.6764502498805336,
                    -0.7364883294639254
                ],
                [
                    0.8367577760134696,
                    -0.5475732136262623
                ],
                [
                    0.9350064754293088,
                    0.35463064011061063
                ],
                [
                    0.9338592729711905,
                    0.35764068320832787
                ],
                [
                    0.6958559017413257,
                    0.7181814283395015
                ],
                [
                    0.6152298096211717,
                    0.7883478174977697
                ],
                [
                    0.43975143976862996,
                    0.898119519452404
                ],
                [
                    0.20887887427284021,
                    0.9779415196638861
                ],
                [
                    -0.2543319993887609,
                    0.9671169702196912
                ],
                [
                    -0.25799924967245785,
                    0.9661451170339002
                ],
                [
                    -0.3850987312038588,
                    0.922875380116502
                ],
                [
                    -0.6280385202453089,
                    0.7781822518459816
                ],
                [
                    -0.631061195345298,
                    0.7757330518479688
                ],
                [
                    -0.771642859807752,
                    0.6360560485583908
                ],
                [
                    -0.7748084641993671,
                    0.6321960485522019
                ],
                [
                    -0.8609391382409841,
                    0.5087079714776165
                ]
            ]
        },
        {
            "Type": "F",
            "Centroid": {
                "x": 100414.30463863637,
                "y": 444711.8729954545
            },
            "Distances": [
                2.35337454672359,
                4.2792803784157005,
                4.124682534658373,
                3.436710569558702,
                4.859677583085924,
                3.5539151308024612,
                4.757085570055966,
                4.079784171320732,
                2.430282043633207,
                6.649689675122984,
                6.602127802546866,
                6.8006990799200775,
                6.753343901220307,
                3.3739979674374347,
                9.289603109874133,
                6.101075646805965,
                5.30081961869978,
                6.19121864731583,
                6.1583680625183375,
                9.793330727514935,
                8.08940032347025,
                6.24356034593474,
                11.053807401327067,
                4.5260823469556515,
                5.366409589674213,
                3.8708362724196945,
                6.012201113537725,
                5.821915863387208,
                5.425319244269628,
                4.096994824653556,
                6.491970395156777,
                6.33187205928658,
                5.04396824775623,
                5.82056610588322,
                3.7121255137443088,
                4.137814105900295,
                7.5898021960182245,
                3.168552782991772,
                6.1045167877387865,
                6.244232576212584,
                3.14738774120783,
                6.0438482317287265,
                6.376985174893308,
                6.282012256680623,
                4.435760813355741,
                6.867632022288303,
                6.801185569954838,
                3.2904099320135476,
                5.5853593921034985,
                2.8980013289435522,
                7.498052607352888,
                7.4544606019636355,
                3.4044970784348254,
                3.9187581674975482,
                3.509016807750273
            ],