{
    "Pand ID": "0599100000334454",
    "Archetype ID": "D.1975-1991",
    "Construction Year": 1988,
    "Number of Floors": 3,
    "Wall Area": 377.15,
    "Roof Area (Flat)": 48.81,
    "Roof Area (Sloped)": 67.98,
    "Floor Area": 115.29,
    "Shared Wall Area": 0.0,
    "Absolute Height (70%)": 7.815001487731934,
    "Surfaces": [
        {
            "Type": "G",
            "Centroid": {
                "x": 95037.24920588236,
                "y": 437451.5850882353
            },
            "Distances": [
                5.308735018006574,
                5.405709858993584,
                5.080120027270813,
                6.040452921042611,
                6.12634939928584,
                6.721604099314198,
                6.25919497905082,
                9.196655870332858,
                8.25177854037863,
                8.277416016068104,
                10.130299473980825,
                3.8430555119217438,
                3.797614602330734,
                6.909204122701035,
                5.447081395255554,
                5.049043982598671,
                5.071437592647835
            ],
            "UnitPairs": [
                [
                    -0.9999945117531777,
                    -0.003313074632995917
                ],
                [
                    -0.9951895352660179,
                    -0.09796830557382974
                ],
                [
                    -0.9922414933707979,
                    -0.12432545529089774
                ],
                [
                    -0.929517364963787,
                    -0.3687783456641376
                ],
                [
                    -0.9202390387681093,
                    -0.39135675735464953
                ],
                [
                    -0.8804008380914613,
                    -0.47423028613517787
                ],
                [
                    0.3842817048676584,
                    -0.9232158855349089
                ],
                [
                    0.6590758861820971,
                    -0.7520764430915806
                ],
                [
                    0.9999412947479056,
                    0.010835453746024
                ],
                [
                    0.9997436520745236,
                    0.02264133690164178
                ],
                [
                    0.9280371366902511,
                    0.3724876815731766
                ],
                [
                    0.8642326678193992,
                    0.5030923333482274
                ],
                [
                    0.8577210851381731,
                    0.5141152984588134
                ],
                [
                    0.6341242840472131,
                    0.7732311377470578
                ],
                [
                    -0.6661743453129858,
                    0.7457960456095318
                ],
                [
                    -0.768206000129672,
                    0.6402027345808283
                ],
                [
                    -0.9756022413697539,
                    0.21954559124316836
                ]
            ]
        },
        {
            "Type": "F",
            "Centroid": {
                "x": 95037.6510263158,
                "y": 437451.5023421053
            },
            "Distances": [
                5.798768352618264,
                5.470129829793162,
                6.387404524942681,
                6.467949604920088,
                7.041055130794878,
                6.037923822968102,
                8.873051352398068,
                4.0883994213258745,
                7.851361376194922,
                7.878107205660808,
                4.375704272529677,
                9.790836547591605,
                3.547988056499614,
                3.506507894987828,
                6.72819061754336,
                5.78164996815882,
                5.414164516053673,
                5.481626174096758,
                5.710898033995629
            ],
            "UnitPairs": [
                [
                    -0.9970266036212254,
                    -0.07705810581323455
                ],
                [
                    -0.99495377352138,
                    -0.1003343837154869
                ],
                [
                    -0.9419360073881979,
                    -0.3357924328890999
                ],
                [
                    -0.9337621170091793,
                    -0.3578942704745854
                ],
                [
                    -0.8975254700333924,
                    -0.4409626181904063
                ],
                [
                    0.3318149984908877,
                    -0.9433444793798776
                ],
                [
                    0.6378272208105028,
                    -0.7701794832330643
                ],
                [
                    0.6754412667714191,
                    -0.7374137882778032
                ],
                [
                    0.9997595713777823,
                    0.02192713931440436
                ],
                [
                    0.9994118483871507,
                    0.034292233863938176
                ],
                [
                    0.9300157027854249,
                    0.3675197852803738
                ],
                [
                    0.9191731105366244,
                    0.3938537709181242
                ],
                [
                    0.8228533010012438,
                    0.5682538561517702
                ],
                [
                    0.8143354498892751,
                    0.5803944995032533
                ],
                [
                    0.5914626844586007,
                    0.8063323712297713
                ],
                [
                    -0.6971238898914052,
                    0.716950683201206
                ],
                [
                    -0.7906162258463149,
                    0.6123119984358698
                ],
                [
                    -0.9759013376496827,
                    0.2182122342435457
                ],
                [
                    -0.9999349107281458,
                    0.011409395562226678
                ]
            ]
        },
        {
            "Type": "R",
            "Centroid": {
                "x": 95031.8695,
                "y": 437451.0555
            },
            "Distances": [
                0.0
            ],
            "UnitPairs": [
                [
                    0.0,
                    0.0
                ]
            ]
        }
    ],
    "Annual Heating [kWh/m2]": 222.41393473750858,
    "Annual Cooling [kWh/m2]": 0.7909123935901929
}