{
    "Pand ID": "0599100100001569",
    "Archetype ID": "D.2006-2014",
    "Construction Year": 2009,
    "Number of Floors": 2,
    "Wall Area": 393.42,
    "Roof Area (Flat)": 31.3,
    "Roof Area (Sloped)": 316.49,
    "Floor Area": 257.1,
    "Shared Wall Area": 0.0,
    "Absolute Height (70%)": 4.892444133758545,
    "Surfaces": [
        {
            "Type": "G",
            "Centroid": {
                "x": 97722.45564130435,
                "y": 433243.0688586957
            },
            "Distances": [
                0.6465451006031884,
                13.778537142403955,
                13.378326861403895,
                13.409688295244205,
                13.25945730257325,
                13.31556459651158,
                6.926206292822396,
                11.23224285366334,
                13.031941216550898,
                11.227538132804538,
                6.920570845531207,
                9.668268807875975,
                9.454464197549674,
                9.46513367242828,
                12.765599546627673,
                8.305970123821599,
                8.229818247907547,
                10.712122716294118,
                10.720069794240976,
                6.391906910979349,
                5.5933128708755255,
                15.227963042926769,
                5.782052370117265,
                5.644491258501896,
                13.82055339772587,
                13.557903916570716,
                14.903286424904833,
                12.111705845181882,
                12.10520529796851,
                10.046552043266637,
                10.124059619315931,
                9.699368917241923,
                7.874221493738909,
                7.9532691119482966,
                7.854913984063624,
                8.80369842254576,
                8.747556312258475,
                8.51581509806714,
                8.411296774958904,
                9.343163071220824,
                11.46927579693953,
                10.884375255259721,
                14.560230025425232,
                14.089567198029936,
                15.50921599936269,
                0.8538307805958626
            ],
            "UnitPairs": [
                [
                    -0.9982154435156865,
                    -0.05971539438688556
                ],
                [
                    -0.988885188864846,
                    -0.14868114622822132
                ],
                [
                    -0.9730208746726615,
                    -0.23071709397278878
                ],
                [
                    -0.971043548339515,
                    -0.23890254755486334
                ],
                [
                    -0.9634173565967294,
                    -0.26800559137482594
                ],
                [
                    -0.9631879453090952,
                    -0.2688289084366546
                ],
                [
                    -0.9126773066078817,
                    -0.4086809684864008
                ],
                [
                    -0.9028821257228361,
                    -0.42988820296701885
                ],
                [
                    -0.9006633094257944,
                    -0.4345176671369942
                ],
                [
                    -0.8744028466631086,
                    -0.4852006407121205
                ],
                [
                    -0.8667480527582584,
                    -0.4987462411284594
                ],
                [
                    0.7959655289455584,
                    -0.6053419502483017
                ],
                [
                    0.8009558804632345,
                    -0.5987233731460339
                ],
                [
                    0.8024829821245325,
                    -0.5966750065157056
                ],
                [
                    0.8356527757817521,
                    -0.5492580798934621
                ],
                [
                    0.839228722442163,
                    -0.5437785867686361
                ],
                [
                    0.8474802827427814,
                    -0.5308268741898956
                ],
                [
                    0.8898897957123296,
                    -0.4561755709012357
                ],
                [
                    0.8903494920134164,
                    -0.45527769775319693
                ],
                [
                    0.9334630148333267,
                    -0.35867366775144854
                ],
                [
                    0.9415902198289301,
                    -0.3367608319304773
                ],
                [
                    0.9429106608134785,
                    -0.3330457712151427
                ],
                [
                    0.9482115250278903,
                    -0.31763958160827915
                ],
                [
                    0.9482889512129385,
                    -0.31740835686456814
                ],
                [
                    0.9712063120320815,
                    -0.23824000392260583
                ],
                [
                    0.9762282412608185,
                    -0.21674505983945574
                ],
                [
                    0.9896212335423129,
                    -0.1437004318789302
                ],
                [
                    0.9257662660389325,
                    0.3780963113603893
                ],
                [
                    0.9239503519636496,
                    0.38251241431651345
                ],
                [
                    0.8374623113902858,
                    0.5464950841506628
                ],
                [
                    0.8339153475098091,
                    0.5518923746416454
                ],
                [
                    0.8018674990114599,
                    0.5975018945820225
                ],
                [
                    0.2346401732691682,
                    0.972082295429875
                ],
                [
                    0.1465571803547926,
                    0.9892022002029983
                ],
                [
                    0.14457302752839074,
                    0.9894941332374211
                ],
                [
                    -0.1899646289643988,
                    0.9817909348442867
                ],
                [
                    -0.21164668602911152,
                    0.9773462438117285
                ],
                [
                    -0.579790806575103,
                    0.8147653776462225
                ],
                [
                    -0.5817641958504942,
                    0.8133574985370379
                ],
                [
                    -0.7989148051297753,
                    0.6014442070088073
                ],
                [
                    -0.9020963038584595,
                    0.4315347709801676
                ],
                [
                    -0.9188760098580984,
                    0.39454642123235645
                ],
                [
                    -0.9798190879840883,
                    0.19988635476697597
                ],
                [
                    -0.9874250293713313,
                    0.15808798616917594
                ],
                [
                    -0.9957557690202611,
                    0.09203503932127376
                ],
                [
                    -0.9994852888234708,
                    0.032080483560307516
                ]
            ]
        },
        {
            "Type": "F",
            "Centroid": {
                "x": 97724.21672761194,
                "y": 433243.35735447763
            },