{
    "Pand ID": "0599100000092993",
    "Archetype ID": "D.1965-1974",
    "Construction Year": 1965,
    "Number of Floors": 1,
    "Wall Area": 177.37,
    "Roof Area (Flat)": 0.0,
    "Roof Area (Sloped)": 118.59,
    "Floor Area": 121.76,
    "Shared Wall Area": 0.0,
    "Absolute Height (70%)": 6.588048458099365,
    "Surfaces": [
        {
            "Type": "G",
            "Centroid": {
                "x": 70047.34487500001,
                "y": 443756.58875
            },
            "Distances": [
                10.561836206986966,
                8.921162007432072,
                4.665951570996178,
                4.8294911287220375,
                6.672366301535684,
                7.004964957961082,
                6.534257537190847,
                9.029912599936827
            ],
            "UnitPairs": [
                [
                    -0.6991208588446711,
                    -0.7150035137873725
                ],
                [
                    0.08250046343477706,
                    -0.9965910262153913
                ],
                [
                    0.21989083778230697,
                    -0.9755244842951893
                ],
                [
                    0.2975468764078788,
                    -0.9547072097454353
                ],
                [
                    0.4731454865218304,
                    0.8809843066616002
                ],
                [
                    0.4576753801384038,
                    0.8891193656732304
                ],
                [
                    0.42024667444921715,
                    0.9074099033041096
                ],
                [
                    -0.5452987440912238,
                    0.8382417787801645
                ]
            ]
        },
        {
            "Type": "F",
            "Centroid": {
                "x": 70046.18745833334,
                "y": 443757.64208333334
            },
            "Distances": [
                10.62157234977545,
                9.518364749997275,
                10.12273777268195,
                6.015336026730848,
                6.229995011813722,
                6.4725583823752535,
                6.768985707886134,
                6.245896654097067,
                5.843905758462215,
                7.480525929359918,
                7.04872798314192,
                7.091851545756607
            ],
            "UnitPairs": [
                [
                    -0.5862204886707177,
                    -0.8101515528977679
                ],
                [
                    -0.21816597576208283,
                    -0.9759116799279421
                ],
                [
                    0.187045906866058,
                    -0.9823511738297328
                ],
                [
                    0.3629750120299372,
                    -0.9317988734924865
                ],
                [
                    0.4164396057685158,
                    -0.9091633817677454
                ],
                [
                    0.6665705292684307,
                    0.7454419692442894
                ],
                [
                    0.6446189805920565,
                    0.7645040025143478
                ],
                [
                    0.6249569730084179,
                    0.7806591970175946
                ],
                [
                    0.06663637004992577,
                    0.9977773269555534
                ],
                [
                    -0.49402720720871673,
                    0.8694464437431184
                ],
                [
                    -0.53705907539408,
                    0.843544633992094
                ],
                [
                    -0.5439458663850445,
                    0.8391203098737531
                ]
            ]
        },
        {
            "Type": "R",
            "Centroid": {
                "x": 70046.576875,
                "y": 443763.473
            },
            "Distances": [
                0.0
            ],
            "UnitPairs": [
                [
                    0.0,
                    0.0
                ]
            ]
        }
    ],
    "Annual Heating [kWh/m2]": 687.19658699872,
    "Annual Cooling [kWh/m2]": 3.0453248809347038
}