{
    "Pand ID": "0599100100004405",
    "Archetype ID": "D.2006-2014",
    "Construction Year": 2011,
    "Number of Floors": 2,
    "Wall Area": 346.46,
    "Roof Area (Flat)": 33.03,
    "Roof Area (Sloped)": 317.63,
    "Floor Area": 241.11,
    "Shared Wall Area": 0.0,
    "Absolute Height (70%)": 1.6471461057662964,
    "Surfaces": [
        {
            "Type": "G",
            "Centroid": {
                "x": 90289.45104999999,
                "y": 439945.31299
            },
            "Distances": [
                12.843706814520885,
                12.65552492066373,
                17.197262184933276,
                15.287030287716185,
                11.29930207657725,
                11.00654405784829,
                11.020552745549239,
                5.508600422756205,
                5.702368881232552,
                8.032640966535382,
                8.079269963165634,
                7.200375041451565,
                11.130181508749347,
                10.510420875377545,
                11.872934409728558,
                10.34402911333867,
                10.424415247758532,
                10.274431521888696,
                10.308087961300393,
                10.558491525679356,
                10.497007294360088,
                10.590980044248493,
                3.947445505334948,
                6.848492010473738,
                13.513231405454103
            ],
            "UnitPairs": [
                [
                    -0.9997736779130811,
                    -0.021274232116589274
                ],
                [
                    -0.9989154996926506,
                    -0.04655990199498194
                ],
                [
                    -0.99514677487359,
                    -0.09840170963297519
                ],
                [
                    -0.8460636079456042,
                    -0.5330819555284787
                ],
                [
                    -0.8449017413019128,
                    -0.5349215340075548
                ],
                [
                    -0.844751990373438,
                    -0.5351579904664742
                ],
                [
                    -0.8179988978892766,
                    -0.5752197867354086
                ],
                [
                    -0.7861888079784141,
                    -0.6179863738056692
                ],
                [
                    -0.6653024521941213,
                    -0.7465739394758493
                ],
                [
                    -0.18746013998039757,
                    -0.9822722107025781
                ],
                [
                    0.892555890926027,
                    -0.4509367822358766
                ],
                [
                    0.9240074248492749,
                    -0.38237452690184714
                ],
                [
                    0.9939819931334858,
                    -0.10954358642286081
                ],
                [
                    0.9995032667635441,
                    -0.03151538876491687
                ],
                [
                    0.9990958924428531,
                    0.042513500253671774
                ],
                [
                    0.9185202299698626,
                    0.39537398388881245
                ],
                [
                    0.9180562911727568,
                    0.3964500551622138
                ],
                [
                    0.8961274383297331,
                    0.44379681642908464
                ],
                [
                    0.8678816123409552,
                    0.4967710810428322
                ],
                [
                    0.7067486848722834,
                    0.7074646962437758
                ],
                [
                    0.7052676817685265,
                    0.708941109721286
                ],
                [
                    0.679559395819852,
                    0.7336204928660034
                ],
                [
                    0.22551292951500346,
                    0.9742401750192614
                ],
                [
                    -0.14029365859394244,
                    0.9901099380161409
                ],
                [
                    -0.9984140428871378,
                    0.056297415267137205
                ]
            ]
        },
        {
            "Type": "F",
            "Centroid": {
                "x": 90287.63640624999,
                "y": 439945.1586875
            },
            "Distances": [
                11.02679771185627,
                11.326128405295021,
                10.835888661795908,
                15.376262020258853,
                15.566804249049168,
                9.667113327709016,
                9.658001732544255,
                4.029960448423534,
                14.004347254612767,
                13.695059742134717,
                9.71995905487086,
                9.428605754059234,
                9.491875573514045,
                4.110126035567833,
                7.7421000681519425,
                9.676700898461515,
                8.8577002604034,
                12.921801404150871,
                12.321114271980623,
                13.6927140604366,
                12.085544517246543,
                12.16526087229387,
                11.987636335148592,
                11.984241427442086,
                4.40331270506548,
                12.007754118328672,
                11.944404920451971,
                12.063930302419639,
                12.00017059372803,
                4.828734794532685,
                6.987427354071207,
                11.712955112427148
            ],