{
    "Pand ID": "0599100015001705",
    "Archetype ID": "D.1965",
    "Construction Year": 1960,
    "Number of Floors": 1,
    "Wall Area": 230.23,
    "Roof Area (Flat)": 0.0,
    "Roof Area (Sloped)": 153.84,
    "Floor Area": 134.78,
    "Shared Wall Area": 0.0,
    "Absolute Height (70%)": 6.251976013183594,
    "Surfaces": [
        {
            "Type": "G",
            "Centroid": {
                "x": 76582.36445833334,
                "y": 435848.2010833333
            },
            "Distances": [
                10.050105274799659,
                7.329493925298144,
                8.791164174015869,
                8.350322899999089,
                6.499299234105827,
                5.327638160382869,
                10.438305523484273,
                8.744669778490625,
                6.805544727277846,
                7.3368759838181425,
                6.049745231686672,
                3.7846808365810745
            ],
            "UnitPairs": [
                [
                    -0.9745751975251122,
                    -0.22406067117834075
                ],
                [
                    -0.8968672872000024,
                    -0.44229975033964053
                ],
                [
                    -0.8694620168657803,
                    -0.49399979881340983
                ],
                [
                    -0.17407510472868767,
                    -0.9847323788287335
                ],
                [
                    0.9290873445209874,
                    -0.3698603875125587
                ],
                [
                    0.9624183385422345,
                    -0.2715712459698282
                ],
                [
                    0.9821916635419256,
                    0.18788170764804352
                ],
                [
                    0.6934986477794065,
                    0.7204579276599951
                ],
                [
                    0.6928786534542157,
                    0.7210542084943912
                ],
                [
                    0.3797824404849044,
                    0.9250758335938356
                ],
                [
                    -0.9479049304923495,
                    0.3185533593423464
                ],
                [
                    -0.9999742373943812,
                    0.007178060150612161
                ]
            ]
        },
        {
            "Type": "F",
            "Centroid": {
                "x": 76582.1723125,
                "y": 435848.3703125
            },
            "Distances": [
                3.5952453247776957,
                9.902946509508727,
                7.2358891606383775,
                8.711063587202998,
                7.109272761340236,
                6.8956078100856715,
                8.486338289884113,
                6.740961333166507,
                5.559622576701259,
                10.59716593342297,
                6.8214530303520595,
                8.75973566639417,
                6.819724724679078,
                6.940990298228105,
                7.257336379171394,
                5.814547075687591
            ],
            "UnitPairs": [
                [
                    -0.9992190171960724,
                    -0.03951399339114031
                ],
                [
                    -0.9696545862161049,
                    -0.24447900406798645
                ],
                [
                    -0.8819147665647638,
                    -0.47140889312254003
                ],
                [
                    -0.855399277643482,
                    -0.5179691842252868
                ],
                [
                    -0.8507814657056331,
                    -0.5255196453147823
                ],
                [
                    -0.6913730640275887,
                    -0.722497949019306
                ],
                [
                    -0.14864332022931662,
                    -0.9888908753503619
                ],
                [
                    0.9242839696091333,
                    -0.3817055717743489
                ],
                [
                    0.9568207961275559,
                    -0.29067845482221455
                ],
                [
                    0.985599599518053,
                    0.16909591783911773
                ],
                [
                    0.7194306664812694,
                    0.6945642634964144
                ],
                [
                    0.7142410157422328,
                    0.6998998295695631
                ],
                [
                    0.6863271889934182,
                    0.7272929187393431
                ],
                [
                    0.5517314295887151,
                    0.8340218400042009
                ],
                [
                    0.4104208960957326,
                    0.9118962046461075
                ],
                [
                    -0.9532019309250874,
                    0.3023343825645451
                ]
            ]
        },
        {
            "Type": "R",
            "Centroid": {
                "x": 76586.852875,
                "y": 435853.33025
            },
            "Distances": [
                0.0
            ],
            "UnitPairs": [
                [
                    0.0,
                    0.0
                ]
            ]
        }
    ],
    "Annual Heating [kWh/m2]": 724.8962593191968,
    "Annual Cooling [kWh/m2]": 2.750598425957731
}