{
    "Pand ID": "0599100015001776",
    "Archetype ID": "D.1965-1974",
    "Construction Year": 1966,
    "Number of Floors": 3,
    "Wall Area": 272.05,
    "Roof Area (Flat)": 40.67,
    "Roof Area (Sloped)": 75.6,
    "Floor Area": 105.1,
    "Shared Wall Area": 0.0,
    "Absolute Height (70%)": 8.555743217468262,
    "Surfaces": [
        {
            "Type": "G",
            "Centroid": {
                "x": 76832.7119375,
                "y": 435683.263125
            },
            "Distances": [
                8.886191342641293,
                6.279594638842328,
                2.85914914408242,
                5.675162890026677,
                8.345803366249143,
                6.50399216464389,
                1.5890418742261585,
                6.771537589661147
            ],
            "UnitPairs": [
                [
                    -0.9556118783142246,
                    -0.29462847456544244
                ],
                [
                    -0.08451978679044182,
                    -0.9964218010666458
                ],
                [
                    0.3946104044028043,
                    -0.918848534164938
                ],
                [
                    0.7150896068787176,
                    -0.6990327990402461
                ],
                [
                    0.8973671762128533,
                    0.4412846598917413
                ],
                [
                    0.30123806277788734,
                    0.9535489654620918
                ],
                [
                    -0.09486848801521462,
                    0.9954898141024383
                ],
                [
                    -0.8065745671029381,
                    0.5911323605612436
                ]
            ]
        },
        {
            "Type": "F",
            "Centroid": {
                "x": 76832.0784732143,
                "y": 435683.11285714287
            },
            "Distances": [
                8.201411417860198,
                6.107720883275022,
                3.1985322686585236,
                3.0394832670463647,
                3.1777144912271993,
                6.048188273198139,
                3.422896198783626,
                8.9817298740501,
                6.86089544041393,
                1.8371295822479166,
                1.798146812425431,
                6.368747014176312,
                6.383791089436642,
                6.256277370022358
            ],
            "UnitPairs": [
                [
                    -0.9529196032362978,
                    -0.30322306932022286
                ],
                [
                    0.016817121749432562,
                    -0.9998585822085365
                ],
                [
                    0.5123332041293442,
                    -0.8587867534764143
                ],
                [
                    0.5796097990752206,
                    -0.8148941531364564
                ],
                [
                    0.5997122431755991,
                    -0.8002157367768339
                ],
                [
                    0.7757222615743636,
                    -0.6310744590759118
                ],
                [
                    0.9838785899793777,
                    0.178837692280435
                ],
                [
                    0.9043596723140946,
                    0.42677111323511996
                ],
                [
                    0.3778973616823409,
                    0.9258474950193072
                ],
                [
                    0.2714638589093296,
                    0.9624486341130396
                ],
                [
                    0.2684509865238062,
                    0.9632933446434658
                ],
                [
                    -0.7581217629690579,
                    0.652113021272147
                ],
                [
                    -0.9902087373682091,
                    0.13959461465134326
                ],
                [
                    -0.9910503239520113,
                    0.1334887837783141
                ]
            ]
        },
        {
            "Type": "R",
            "Centroid": {
                "x": 76833.7171875,
                "y": 435680.366
            },
            "Distances": [
                0.0
            ],
            "UnitPairs": [
                [
                    0.0,
                    0.0
                ]
            ]
        }
    ],
    "Annual Heating [kWh/m2]": 273.0404861975923,
    "Annual Cooling [kWh/m2]": 1.2000535908503744
}