{
    "Pand ID": "0599100000434871",
    "Archetype ID": "D.2006-2014",
    "Construction Year": 2007,
    "Number of Floors": null,
    "Wall Area": 206.98,
    "Roof Area (Flat)": 0.0,
    "Roof Area (Sloped)": 152.89,
    "Floor Area": 98.71,
    "Shared Wall Area": 0.0,
    "Absolute Height (70%)": 4.49650764465332,
    "Surfaces": [
        {
            "Type": "G",
            "Centroid": {
                "x": 100729.9753125,
                "y": 444914.64074999996
            },
            "Distances": [
                6.821025307815404,
                8.281668989382219,
                6.241966617160443,
                4.043336895429051,
                4.111746131513123,
                4.370502974513246,
                5.973382563525409,
                8.082019565068306
            ],
            "UnitPairs": [
                [
                    -0.9027968262982528,
                    -0.43006730918055436
                ],
                [
                    -0.5314146225405127,
                    -0.847111857401444
                ],
                [
                    0.9017991196116849,
                    -0.43215546724250753
                ],
                [
                    0.9420436878014947,
                    0.3354902238119017
                ],
                [
                    0.9416923798693112,
                    0.33647505360141156
                ],
                [
                    0.7262322022221173,
                    0.6874494806570254
                ],
                [
                    0.3436913638406295,
                    0.9390826621876095
                ],
                [
                    -0.9871295083823974,
                    0.15992289917559208
                ]
            ]
        },
        {
            "Type": "F",
            "Centroid": {
                "x": 100730.85502678572,
                "y": 444915.05982142856
            },
            "Distances": [
                9.11914446063729,
                5.68055739035155,
                3.0756279232564028,
                3.14386645155722,
                3.4566150836880336,
                5.321385921205783,
                8.900672999102389
            ],
            "UnitPairs": [
                [
                    -0.5790800122219998,
                    -0.8152707154344307
                ],
                [
                    0.8360598067973918,
                    -0.548638313880746
                ],
                [
                    0.9524187539467935,
                    0.3047925805042455
                ],
                [
                    0.9517852492744675,
                    0.3067651206762916
                ],
                [
                    0.6637376909867497,
                    0.747965425379795
                ],
                [
                    0.22048498861966098,
                    0.9753903679006616
                ],
                [
                    -0.9951735432385929,
                    0.09813062130621863
                ]
            ]
        },
        {
            "Type": "R",
            "Centroid": {
                "x": 100723.8173125,
                "y": 444911.70725
            },
            "Distances": [
                0.0
            ],
            "UnitPairs": [
                [
                    0.0,
                    0.0
                ]
            ]
        }
    ],
    "Annual Heating [kWh/m2]": 329.0356685807403,
    "Annual Cooling [kWh/m2]": 0.9490965828893955
}