{
    "Pand ID": "0599100000021916",
    "Archetype ID": "D.1965-1974",
    "Construction Year": 1971,
    "Number of Floors": 2,
    "Wall Area": 235.73,
    "Roof Area (Flat)": 0.0,
    "Roof Area (Sloped)": 165.33,
    "Floor Area": 138.01,
    "Shared Wall Area": 0.0,
    "Absolute Height (70%)": 4.030055522918701,
    "Surfaces": [
        {
            "Type": "G",
            "Centroid": {
                "x": 100496.8,
                "y": 443276.80293749995
            },
            "Distances": [
                3.748882336026579,
                1.5835217142138394,
                4.683728071105961,
                0.6091966181034203,
                5.9091912533933435,
                5.898833837675326,
                4.776528396160885,
                4.592141795449902,
                4.762426773123181,
                5.840315917782423,
                9.285653680260435,
                12.45605021248323,
                10.099413412193506,
                9.541471873862609,
                3.798920276821593,
                1.3785390888647584
            ],
            "UnitPairs": [
                [
                    -0.5363932019600225,
                    -0.8439682060901789
                ],
                [
                    -0.4400792194631522,
                    -0.8979589526235053
                ],
                [
                    -0.39495781392856905,
                    -0.9186992572201012
                ],
                [
                    -0.13111530435687524,
                    -0.9913671252182029
                ],
                [
                    0.04215889947021698,
                    -0.9991109183646529
                ],
                [
                    0.23549146123243814,
                    -0.9718764179084762
                ],
                [
                    0.5826669013919548,
                    -0.8127110692135909
                ],
                [
                    0.7206060151014054,
                    -0.6933447706586334
                ],
                [
                    0.7242368574493088,
                    -0.6895512847583923
                ],
                [
                    0.9997960867527399,
                    -0.02019368500070672
                ],
                [
                    0.9250964224805677,
                    0.3797322861091156
                ],
                [
                    -0.224860606068674,
                    0.974390941993217
                ],
                [
                    -0.555465428637823,
                    0.8315396307983159
                ],
                [
                    -0.8289994567468609,
                    0.559249408326383
                ],
                [
                    -0.8731099255336764,
                    0.48752339219218793
                ],
                [
                    -0.9676004190023253,
                    0.25248649299818915
                ]
            ]
        },
        {
            "Type": "F",
            "Centroid": {
                "x": 100497.07254166667,
                "y": 443277.3831666666
            },
            "Distances": [
                1.6231068566285338,
                0.7970135097376552,
                4.3855188633915825,
                2.2245089423283773,
                5.324468912559524,
                1.2354951239611192,
                6.484208949513108,
                1.3093734638865349,
                6.411149015683933,
                5.119957034434742,
                4.836299105171441,
                5.002246065635333,
                5.610194889779657,
                1.0183757662996806,
                1.261778058166923,
                3.1948811978198774,
                3.66605074088989,
                8.823838537447571,
                11.958523600461245,
                5.218722468346187,
                5.000412619820409,
                9.783728525920173,
                9.464137213796274,
                3.8080798356669816
            ],
            "UnitPairs": [
                [
                    -0.9897171342118344,
                    -0.14303843625932788
                ],
                [
                    -0.9766668408470666,
                    -0.21476005678386886
                ],
                [
                    -0.5206719518912549,
                    -0.8537568263350815
                ],
                [
                    -0.4357890625716457,
                    -0.9000488280881911
                ],
                [
                    -0.3986156556682692,
                    -0.9171180725818
                ],
                [
                    -0.2852432679226396,
                    -0.9584551518484384
                ],
                [
                    -0.0036113374577495918,
                    -0.999993479099622
                ],
                [
                    0.06994439391657255,
                    -0.9975508918143693
                ],
                [
                    0.17416274845657295,
                    -0.9847168816721141
                ],
                [
                    0.4903524221885535,
                    -0.8715242406576071
                ],
                [
                    0.6278733525987692,
                    -0.7783155228417211
                ],
                [
                    0.6350314022247887,
                    -0.7724863223309645
                ],
                [
                    0.9922263740737688,
                    -0.12444606298481957
                ],
                [
                    0.9992218658458725,
                    -0.03944189163178012
                ],
                [
                    0.9998456742646443,
                    -0.017567801634771625
                ],
                [
                    0.9808137264952329,
                    0.1949472593255272
                ],
                [
                    0.977232337069859,
                    0.21217200424415425
                ],
                [
                    0.9426264202408088,
                    0.3338494149523076
                ],
                [
                    -0.25700636377450636,
                    0.9664097107228415
                ],
                [
                    -0.3649200888164317,
                    0.9310388438610966
                ],
                [
                    -0.4086496099477319,
                    0.9126913477674512
                ],
                [
                    -0.6012448782767859,
                    0.7990648261223448
                ],
                [
                    -0.8645707983539215,
                    0.5025110293651902
                ],
                [
                    -0.9425791531602012,
                    0.33398284391237504
                ]
            ]
        },
        {
            "Type": "R",
            "Centroid": {
                "x": 100502.639125,
                "y": 443276.685
            },
            "Distances": [
                0.0
            ],
            "UnitPairs": [
                [
                    0.0,
                    0.0
                ]
            ]
        }
    ],
    "Annual Heating [kWh/m2]": 360.1467747731297,
    "Annual Cooling [kWh/m2]": 1.6749055594084177
}