{
    "Pand ID": "0599100000407947",
    "Archetype ID": "D.1992-2005",
    "Construction Year": 2005,
    "Number of Floors": 2,
    "Wall Area": 271.29,
    "Roof Area (Flat)": 77.38,
    "Roof Area (Sloped)": 73.51,
    "Floor Area": 127.32,
    "Shared Wall Area": 0.0,
    "Absolute Height (70%)": 2.6483263969421387,
    "Surfaces": [
        {
            "Type": "G",
            "Centroid": {
                "x": 100484.11666810345,
                "y": 444790.1148706897
            },
            "Distances": [
                2.2958132614802778,
                2.2246441126875056,
                3.0254444553586017,
                2.9608257376566915,
                4.381095337834828,
                4.33166694607135,
                6.103522491796919,
                6.072751604398297,
                7.0171464443525915,
                6.809400288585903,
                6.929921633206855,
                7.840202498764352,
                7.0677960043839505,
                8.332205398786284,
                9.842138957340111,
                8.502091832684648,
                11.026961305569598,
                5.386889273837014,
                5.465873979420566,
                4.663626328412962,
                5.2948823125225095,
                7.765427530908036,
                8.89278249267014,
                4.850372550234701,
                5.133126040248599,
                4.295826930200392,
                4.332805610983332,
                2.826424708883137,
                2.9018817581670535
            ],
            "UnitPairs": [
                [
                    -0.9076492145114452,
                    -0.41972955983199056
                ],
                [
                    -0.9074678920310232,
                    -0.42012144069634355
                ],
                [
                    -0.431273197279004,
                    -0.9022213859739445
                ],
                [
                    -0.4136660553417575,
                    -0.9104286872995545
                ],
                [
                    -0.13393753347286347,
                    -0.9909897764998413
                ],
                [
                    -0.1156120979945176,
                    -0.993294439125331
                ],
                [
                    0.03575097770865543,
                    -0.999360729463028
                ],
                [
                    0.04844704933038188,
                    -0.998825752276732
                ],
                [
                    0.10049767410936303,
                    -0.9949372932494832
                ],
                [
                    0.20650965385311168,
                    -0.9784445630006168
                ],
                [
                    0.6553042208719756,
                    -0.755365062805643
                ],
                [
                    0.6736059301243167,
                    -0.7390906919325626
                ],
                [
                    0.699681611280248,
                    -0.7144547871183143
                ],
                [
                    0.773529526466823,
                    -0.6337602635729163
                ],
                [
                    0.9125259189560824,
                    -0.4090188837124242
                ],
                [
                    0.44226844058475123,
                    0.8968827272630086
                ],
                [
                    0.21322346486901786,
                    0.9770034565083435
                ],
                [
                    -0.25948057076925757,
                    0.9657483281855892
                ],
                [
                    -0.26304907666506216,
                    0.9647824538545766
                ],
                [
                    -0.2797807996543672,
                    0.9600639062816407
                ],
                [
                    -0.29552934533531205,
                    0.9553336621545804
                ],
                [
                    -0.33221520556062095,
                    0.9432036138577472
                ],
                [
                    -0.3420518950006306,
                    0.9396810635138273
                ],
                [
                    -0.6673287608178912,
                    0.7447632677470458
                ],
                [
                    -0.7655750263366254,
                    0.6433466243400017
                ],
                [
                    -0.8237745982201852,
                    0.5669174642989688
                ],
                [
                    -0.8312842594018539,
                    0.555847533115612
                ],
                [
                    -0.9711184220928615,
                    0.23859800978187312
                ],
                [
                    -0.9755025667340091,
                    0.21998805034674013
                ]
            ]
        },
        {
            "Type": "F",
            "Centroid": {
                "x": 100484.39445564516,
                "y": 444790.1663790323
            },
            "Distances": [
                2.499346540208971,
                2.5705155311374868,
                3.199881277926649,
                3.1312084751991636,
                4.477396831447775,
                4.423191997963141,
                6.151417578527051,
                6.117151068317697,
                7.046104689101649,
                6.808293391329278,
                6.791163725135164,
                7.694896354262244,
                6.914211512408641,
                8.15283150294795,
                9.704182214434248,
                9.61106079535366,
                8.336112163275512,
                10.920512115705568,
                5.725525407530579,
                5.416552614390631,
                5.496467352170745,
                4.700308002779026,
                5.335153261243091,
                7.814116665126843,
                8.943740685515815,
                5.0032068875749,
                5.317132397647573,
                4.499903178040867,
                4.539381757556615,
                3.0860917029391697,
                3.163493505634168
            ],