{
    "Pand ID": "0599100000364908",
    "Archetype ID": "D.1992-2005",
    "Construction Year": 2000,
    "Number of Floors": 2,
    "Wall Area": 255.51,
    "Roof Area (Flat)": 110.85,
    "Roof Area (Sloped)": 0.0,
    "Floor Area": 110.83,
    "Shared Wall Area": 35.44,
    "Absolute Height (70%)": 3.9096548557281494,
    "Surfaces": [
        {
            "Type": "G",
            "Centroid": {
                "x": 90093.67035416666,
                "y": 439231.5591388889
            },
            "Distances": [
                8.731108820459566,
                7.407585429900973,
                8.92016619246511,
                8.754092021643576,
                9.97154241446924,
                4.461621044600656,
                2.77968639539764,
                2.7634714302343797,
                4.201151113554491,
                4.192079928071939,
                4.856249617317478,
                5.322878545707527,
                5.549366741749579,
                5.471235561360703,
                5.097030770841556,
                4.525342087884614,
                6.668524608695732,
                9.059674289653227
            ],
            "UnitPairs": [
                [
                    -0.9988040289041119,
                    -0.04889286087880302
                ],
                [
                    -0.9981210121216666,
                    -0.061273527409639324
                ],
                [
                    -0.9969171509582735,
                    -0.07846141806798548
                ],
                [
                    -0.9967529065369716,
                    -0.08052107370185371
                ],
                [
                    -0.9014319242756866,
                    -0.4329208771780736
                ],
                [
                    0.5595126319277944,
                    -0.828821823260725
                ],
                [
                    0.9250443998227373,
                    -0.379858997993455
                ],
                [
                    0.9308340608072475,
                    -0.36544213117960206
                ],
                [
                    0.9681473537579924,
                    -0.2503811123295782
                ],
                [
                    0.9711964951008375,
                    -0.23828001994260697
                ],
                [
                    0.985396903048119,
                    -0.17027314369323215
                ],
                [
                    0.9980188891627233,
                    -0.06291499721373306
                ],
                [
                    0.9976513701412129,
                    0.06849630395401395
                ],
                [
                    0.9799127223103545,
                    0.1994268202983494
                ],
                [
                    0.9474797289737198,
                    0.31981582697528665
                ],
                [
                    0.9135957576342792,
                    0.40662364863918965
                ],
                [
                    0.6312240833367203,
                    0.7756005135478684
                ],
                [
                    -0.7975636248775033,
                    0.6032348334374078
                ]
            ]
        },
        {
            "Type": "F",
            "Centroid": {
                "x": 90093.20274013157,
                "y": 439231.5368289474
            },
            "Distances": [
                8.426626884683875,
                8.26296326170879,
                6.939485963904328,
                8.452255620527136,
                8.286214291535433,
                9.542103871041142,
                4.721743809381504,
                3.2099044453954297,
                3.196340435595105,
                4.650352722456727,
                4.64281699550633,
                5.314207686767552,
                5.788393315951895,
                6.017418608195173,
                5.9343351661511194,
                5.548706764534181,
                4.964527344965357,
                6.989695755792458,
                8.705346930449974
            ],
            "UnitPairs": [
                [
                    -0.9988638095357857,
                    -0.04765595450368985
                ],
                [
                    -0.9988005961284534,
                    -0.04896293673224761
                ],
                [
                    -0.9980642179555194,
                    -0.06219177467187777
                ],
                [
                    -0.9967815704854647,
                    -0.08016545852504299
                ],
                [
                    -0.9966013840612539,
                    -0.08237524681112303
                ],
                [
                    -0.8929951661329909,
                    -0.45006625430386565
                ],
                [
                    0.6277230379447853,
                    -0.7784367589171065
                ],
                [
                    0.9467407582111564,
                    -0.3219967961669256
                ],
                [
                    0.9510712108664624,
                    -0.30897176547542515
                ],
                [
                    0.9751835267287975,
                    -0.2213980334076722
                ],
                [
                    0.9776278868652735,
                    -0.21034189982820894
                ],
                [
                    0.9884723514864046,
                    -0.1514014872679194
                ],
                [
                    0.9985408822340203,
                    -0.05400098616974158
                ],
                [
                    0.9977612925646742,
                    0.06687602754104563
                ],
                [
                    0.9822410101935156,
                    0.18762355367602973
                ],
                [
                    0.9546273741256796,
                    0.2978029156504512
                ],
                [
                    0.9269658617340822,
                    0.37514569327074815
                ],
                [
                    0.669120306781517,
                    0.743154099129251
                ],
                [
                    -0.7763105463302926,
                    0.6303506450035271
                ]
            ]
        },
        {
            "Type": "R",
            "Centroid": {
                "x": 90097.8796875,
                "y": 439236.73125
            },
            "Distances": [
                0.0
            ],
            "UnitPairs": [
                [
                    0.0,
                    0.0
                ]
            ]
        }
    ],
    "Annual Heating [kWh/m2]": 161.02285044010134,
    "Annual Cooling [kWh/m2]": 0.45350428872792925
}