{
    "Pand ID": "0599100000049201",
    "Archetype ID": "D.1965",
    "Construction Year": 1963,
    "Number of Floors": 3,
    "Wall Area": 284.71,
    "Roof Area (Flat)": 0.0,
    "Roof Area (Sloped)": 74.41,
    "Floor Area": 65.51,
    "Shared Wall Area": 0.0,
    "Absolute Height (70%)": 7.207290172576904,
    "Surfaces": [
        {
            "Type": "G",
            "Centroid": {
                "x": 93536.53575,
                "y": 440091.45275
            },
            "Distances": [
                5.537620993302277,
                3.8782332982233148,
                4.4764714357975,
                4.391498208539115,
                4.449316775148376,
                6.725463739847791,
                6.303597862779846,
                7.448307443017999
            ],
            "UnitPairs": [
                [
                    -0.7196456754311114,
                    -0.6943414879101634
                ],
                [
                    -0.19857624355612316,
                    -0.9800854429564492
                ],
                [
                    0.5437039049415582,
                    -0.8392771078441859
                ],
                [
                    0.5533134444360748,
                    -0.8329731281417707
                ],
                [
                    0.5692727958035664,
                    -0.8221486994199961
                ],
                [
                    0.3559419978448168,
                    0.9345080492806043
                ],
                [
                    -0.1427954351775808,
                    0.9897522233834312
                ],
                [
                    -0.5551764654769912,
                    0.8317325845369262
                ]
            ]
        },
        {
            "Type": "F",
            "Centroid": {
                "x": 93536.94875,
                "y": 440091.4585
            },
            "Distances": [
                5.845663271011882,
                4.271091585074118,
                4.182206215406036,
                4.317563123774525,
                4.232839954237931,
                6.584287837600173,
                6.370063016015196,
                7.680641677495684
            ],
            "UnitPairs": [
                [
                    -0.7523739901025245,
                    -0.6587361983504522
                ],
                [
                    0.473151876926308,
                    -0.8809808745716969
                ],
                [
                    0.482251447231746,
                    -0.8760328427878069
                ],
                [
                    0.49122038038418403,
                    -0.8710353252855005
                ],
                [
                    0.500816242268157,
                    -0.8655536329312022
                ],
                [
                    0.3008487856016658,
                    0.953671855620162
                ],
                [
                    -0.20614003294774463,
                    0.9785225019468397
                ],
                [
                    -0.5921543005094472,
                    0.8058245990215037
                ]
            ]
        },
        {
            "Type": "R",
            "Centroid": {
                "x": 93535.765625,
                "y": 440087.65175
            },
            "Distances": [
                0.0
            ],
            "UnitPairs": [
                [
                    0.0,
                    0.0
                ]
            ]
        }
    ],
    "Annual Heating [kWh/m2]": 318.05745712201696,
    "Annual Cooling [kWh/m2]": 1.8574555562032744
}