{
    "Pand ID": "0599100000035658",
    "Archetype ID": "D.1975-1991",
    "Construction Year": 1980,
    "Number of Floors": 2,
    "Wall Area": 337.12,
    "Roof Area (Flat)": 171.81,
    "Roof Area (Sloped)": 0.0,
    "Floor Area": 171.81,
    "Shared Wall Area": 0.0,
    "Absolute Height (70%)": 1.0346839427947998,
    "Surfaces": [
        {
            "Type": "G",
            "Centroid": {
                "x": 94232.50338257576,
                "y": 442522.79670454544
            },
            "Distances": [
                4.629034550665084,
                5.228612799882714,
                5.463334933767895,
                4.9929323374154455,
                5.693551444706815,
                4.768387497493555,
                5.91360725875758,
                6.115181049285718,
                6.298791997626354,
                6.456024672225738,
                6.58801045001712,
                11.291841856304464,
                11.149176445700798,
                11.243391629105162,
                6.142718028743493,
                6.21551103914207,
                9.929262007987182,
                10.257950904055614,
                8.3769131107818,
                6.225327587224704,
                8.161319116424146,
                7.542356471542503,
                7.656109455358822,
                7.750826461831794,
                7.824900891516128,
                7.878185627438609,
                7.912526899315592,
                7.922488428643991,
                7.9116633537294305,
                7.879462373499077,
                7.824380430040287,
                8.247730032558607,
                8.30891393507952
            ],
            "UnitPairs": [
                [
                    -0.36179414031833834,
                    -0.9322580115136123
                ],
                [
                    -0.311508546931645,
                    -0.9502433505100338
                ],
                [
                    -0.3092904967837664,
                    -0.9509676064931186
                ],
                [
                    -0.3059840335339665,
                    -0.9520366438442822
                ],
                [
                    -0.300472840610758,
                    -0.9537903711273783
                ],
                [
                    -0.2920814586665464,
                    -0.9563934449290326
                ],
                [
                    -0.28607878435771184,
                    -0.9582060995111719
                ],
                [
                    -0.26683716518045436,
                    -0.9637416289018852
                ],
                [
                    -0.24334151315558047,
                    -0.9699406723996847
                ],
                [
                    -0.21681416147228832,
                    -0.976212896547197
                ],
                [
                    -0.18727316617301107,
                    -0.9823078749717604
                ],
                [
                    0.33096836386778533,
                    -0.9436418505549026
                ],
                [
                    0.35323168876338035,
                    -0.9355358753427739
                ],
                [
                    0.35747597849718116,
                    -0.9339223333861777
                ],
                [
                    0.5986344167240542,
                    -0.8010223686723433
                ],
                [
                    0.6006332223913003,
                    -0.7995246914009866
                ],
                [
                    0.6633164095114837,
                    -0.7483390547557929
                ],
                [
                    0.9696129877464172,
                    0.24464393308125637
                ],
                [
                    0.551186620080461,
                    0.8343819927612758
                ],
                [
                    0.5167988959886385,
                    0.8561068280915205
                ],
                [
                    -0.0260690180995452,
                    0.9996601453970871
                ],
                [
                    -0.09317480265013113,
                    0.9956497658067867
                ],
                [
                    -0.11360307488099115,
                    0.9935262157475182
                ],
                [
                    -0.13530912876483878,
                    0.9908034313994377
                ],
                [
                    -0.15805408821132463,
                    0.987430455880153
                ],
                [
                    -0.18135617048504335,
                    0.9834174797241505
                ],
                [
                    -0.2049607661873671,
                    0.9787701897401082
                ],
                [
                    -0.22868541772983111,
                    0.973500374790751
                ],
                [
                    -0.2523815140365694,
                    0.967627806221281
                ],
                [
                    -0.2754956458783068,
                    0.9613023193054797
                ],
                [
                    -0.2981395902992357,
                    0.9545222808799195
                ],
                [
                    -0.3310920174373702,
                    0.9435984718031563
                ],
                [
                    -0.9861406243683248,
                    0.16591163000359746
                ]
            ]
        },
        {
            "Type": "F",
            "Centroid": {
                "x": 94232.38900961538,
                "y": 442522.4568910256
            },
            "Distances": [
                3.6987668311907616,
                4.2708923789056,
                4.870079928238981,
                5.104810129252487,
                4.634423715403744,
                5.3350791832941535,
                4.4099974934332415,
                5.55528998707244,
                5.757202854894332,
                5.941428488317577,
                6.0996148738782034,
                6.23298031313455,
                11.011239296289181,
                11.113714627188003,
                10.874039165080886,
                10.969293605269844,
                3.1416963480603664,
                6.082225054207857,
                5.94631141384674,
                6.0197774189841,
                9.755789905839354,
                10.456329589393597,
                8.723971980914152,
                6.575811147794577,
                8.498928449542522,
                7.871380613602207,
                7.9821818362461885,
                8.073610900334495,
                8.144071115133816,
                8.19347191962837,
                8.223689464343101,
                8.229313433411885,
                8.213959883604105,
                8.177150827865939,
                8.117370274598033,
                8.533357121608878,
                8.81300610960657,
                8.528177505119743,
                8.260097658509714
            ],