{
    "Pand ID": "0599100000754056",
    "Archetype ID": "D.2006-2014",
    "Construction Year": 2009,
    "Number of Floors": 3,
    "Wall Area": 297.8,
    "Roof Area (Flat)": 15.21,
    "Roof Area (Sloped)": 209.89,
    "Floor Area": 150.37,
    "Shared Wall Area": 0.0,
    "Absolute Height (70%)": 2.3877203464508057,
    "Surfaces": [
        {
            "Type": "G",
            "Centroid": {
                "x": 100508.47222159091,
                "y": 444929.7787045454
            },
            "Distances": [
                3.534625020140505,
                3.5260836292337476,
                7.33889176896837,
                3.5237588835387954,
                3.5261888048586916,
                4.769251888762497,
                6.821859492995331,
                7.174204266062361,
                6.917529251273288,
                3.5322221741560216,
                3.535049033503482,
                8.871666915014584,
                6.3513526430786005,
                5.426747312774963,
                6.4463332732287615,
                5.971532644478953,
                5.790267825209826,
                6.3108797784813895,
                9.757929919129776,
                11.340034260680667,
                8.384389322180423,
                8.562819588535465
            ],
            "UnitPairs": [
                [
                    -0.9273710994064065,
                    -0.3741428122866358
                ],
                [
                    -0.9273487060277255,
                    -0.3741983129688096
                ],
                [
                    -0.9209713542167363,
                    -0.3896302923441539
                ],
                [
                    -0.9137711169610171,
                    -0.40622942508860105
                ],
                [
                    -0.8995290004173317,
                    -0.43686105045906304
                ],
                [
                    -0.3685922094102585,
                    -0.9295911914180685
                ],
                [
                    0.5557269118454777,
                    -0.8313649015027569
                ],
                [
                    0.5880918290888905,
                    -0.8087941645183175
                ],
                [
                    0.5954569557239643,
                    -0.8033872129178737
                ],
                [
                    0.6831650983748367,
                    -0.7302639580059389
                ],
                [
                    0.6831845573266871,
                    -0.7302457535859682
                ],
                [
                    0.88135532859767,
                    -0.47245400279021166
                ],
                [
                    0.992086452003573,
                    -0.12555664757774512
                ],
                [
                    0.9125339035845282,
                    0.40900106944699194
                ],
                [
                    0.5479224792431528,
                    0.8365291129064407
                ],
                [
                    0.5037385020194785,
                    0.8638561926519783
                ],
                [
                    0.4841038435017328,
                    0.875010553483128
                ],
                [
                    0.3917189038384402,
                    0.9200849419350426
                ],
                [
                    0.07348801590458179,
                    0.9972961002221997
                ],
                [
                    -0.9051920704069082,
                    0.4250027243118037
                ],
                [
                    -0.9930251054643421,
                    0.1179030954535646
                ],
                [
                    -0.9944048222516791,
                    0.10563640226080362
                ]
            ]
        },
        {
            "Type": "F",
            "Centroid": {
                "x": 100508.18873557691,
                "y": 444929.1824038461
            },
            "Distances": [
                3.0727307528580163,
                3.0812122568609475,
                3.0528777298365957,
                3.0388179209070705,
                6.859516699913242,
                6.924736827175841,
                4.203842771620682,
                4.110677930570103,
                6.7930897050743235,
                6.508407152637803,
                6.883112436848773,
                6.632927788630328,
                3.3500974915184645,
                3.3473013428317713,
                8.864360325032195,
                6.587648755510361,
                5.944767050073226,
                5.844537302429347,
                7.101049606245792,
                6.629685731237254,
                6.449401806690257,
                10.376201634368655,
                11.356064291936418,
                8.197091330432677,
                3.7421430679502543,
                8.367130036551364
            ],