{
    "Pand ID": "0599100015001658",
    "Archetype ID": "D.1975-1991",
    "Construction Year": 1987,
    "Number of Floors": 2,
    "Wall Area": 239.01,
    "Roof Area (Flat)": 42.39,
    "Roof Area (Sloped)": 115.32,
    "Floor Area": 135.51,
    "Shared Wall Area": 0.0,
    "Absolute Height (70%)": 6.330732345581055,
    "Surfaces": [
        {
            "Type": "G",
            "Centroid": {
                "x": 75324.03447916666,
                "y": 436348.24775000004
            },
            "Distances": [
                6.3171027400369635,
                5.185100162482781,
                8.161130274767178,
                10.082325394544663,
                2.592942478051074,
                6.465391611834969,
                3.1762824749824468,
                7.067124381786269,
                9.442431838649396,
                6.29732049054481,
                4.281422547206143,
                5.260682657952251
            ],
            "UnitPairs": [
                [
                    -0.6575271667405121,
                    -0.75343083624059
                ],
                [
                    -0.4867151236384539,
                    -0.8735607525648141
                ],
                [
                    -0.23705866730856726,
                    -0.9714953361977021
                ],
                [
                    0.7602743447940556,
                    -0.6496021248795061
                ],
                [
                    0.9970654402173136,
                    -0.0765539543345399
                ],
                [
                    0.9984442893629139,
                    0.055758416751070745
                ],
                [
                    0.6725892140165286,
                    0.7400160465750918
                ],
                [
                    0.6348173728053492,
                    0.7726622180387199
                ],
                [
                    -0.08087605817179448,
                    0.9967241660633058
                ],
                [
                    -0.740738330480028,
                    0.6717936630823937
                ],
                [
                    -0.9631533961433701,
                    0.2689526640460959
                ],
                [
                    -0.9817483780088359,
                    0.19018444278389357
                ]
            ]
        },
        {
            "Type": "F",
            "Centroid": {
                "x": 75323.15866435185,
                "y": 436348.2281388889
            },
            "Distances": [
                3.211752705576639,
                2.4715246226174283,
                2.60111147842257,
                5.604500525964826,
                5.762886381134568,
                4.801511586579667,
                1.9387804579146366,
                7.979454285919231,
                1.4750178520475783,
                10.751309715082357,
                8.380461619740228,
                3.465767986746078,
                7.340995683604209,
                3.832813998262948,
                4.097100948500947,
                7.667088792554734,
                4.367549554171735,
                9.431777881058805,
                0.3875593587086222,
                5.693754720037842,
                5.188765988070316,
                3.7410443032247507,
                4.046622061483138,
                3.4525415111531497,
                4.4085005258257395,
                2.2279717144210753,
                1.2022091536497925
            ],
            "UnitPairs": [
                [
                    -0.9710747176909903,
                    -0.2387758209311895
                ],
                [
                    -0.9058586070186233,
                    -0.4235801979440011
                ],
                [
                    -0.6066067775074946,
                    -0.7950020235709925
                ],
                [
                    -0.5919977768729323,
                    -0.8059395958615668
                ],
                [
                    -0.5687864786977516,
                    -0.8224852227551643
                ],
                [
                    -0.3431943924621334,
                    -0.9392643978042322
                ],
                [
                    -0.20675463805955366,
                    -0.9783928248105987
                ],
                [
                    -0.1326972765207662,
                    -0.9911566136610154
                ],
                [
                    -0.1110846567937522,
                    -0.9938109473260064
                ],
                [
                    0.7944286207438083,
                    -0.607357527773461
                ],
                [
                    0.9417319124220427,
                    -0.33636439336814805
                ],
                [
                    0.9986670086909717,
                    -0.05161594474798095
                ],
                [
                    0.9986585558836082,
                    0.05177923097600188
                ],
                [
                    0.7858842483649118,
                    0.6183736315302566
                ],
                [
                    0.7752184259211963,
                    0.6316932737589207
                ],
                [
                    0.699372120660148,
                    0.7147577469627926
                ],
                [
                    0.6919550907568977,
                    0.721940546288691
                ],
                [
                    0.01189045687387079,
                    0.9999293060188459
                ],
                [
                    -0.6420999681054259,
                    0.7666209173763856
                ],
                [
                    -0.6654399492351475,
                    0.7464513875410269
                ],
                [
                    -0.7099668515275341,
                    0.7042350954987121
                ],
                [
                    -0.8042812669357913,
                    0.5942488061882485
                ],
                [
                    -0.8456069778374214,
                    0.5338059938148528
                ],
                [
                    -0.9407133386723975,
                    0.33920261562056253
                ],
                [
                    -0.9728595532051194,
                    0.23139639093455067
                ],
                [
                    -0.9954578137179732,
                    0.09520368221782773
                ],
                [
                    -0.9988709936289496,
                    0.04750513747706625
                ]
            ]
        },
        {
            "Type": "R",
            "Centroid": {
                "x": 75331.05081249999,
                "y": 436345.40925
            },
            "Distances": [
                0.0
            ],
            "UnitPairs": [
                [
                    0.0,
                    0.0
                ]
            ]
        }
    ],
    "Annual Heating [kWh/m2]": 300.9090786821988,
    "Annual Cooling [kWh/m2]": 1.232775888885806
}