{
    "Pand ID": "0599100000066230",
    "Archetype ID": "D.1965",
    "Construction Year": 1963,
    "Number of Floors": 2,
    "Wall Area": 274.24,
    "Roof Area (Flat)": 121.5,
    "Roof Area (Sloped)": 10.64,
    "Floor Area": 132.03,
    "Shared Wall Area": 4.99,
    "Absolute Height (70%)": 0.54135662317276,
    "Surfaces": [
        {
            "Type": "G",
            "Centroid": {
                "x": 94681.5530367647,
                "y": 441822.0577352941
            },
            "Distances": [
                5.334026775035322,
                5.636349046873482,
                4.6339862132800675,
                4.6848088153913645,
                7.146144628296425,
                2.9511967345554844,
                5.4430466643089295,
                4.962249275494732,
                2.9173153232920845,
                4.933580663774802,
                9.185224169744657,
                11.04162154495287,
                10.969883721864349,
                11.068238033484565,
                7.736898857463391,
                7.6399558237909835,
                7.75028204732749
            ],
            "UnitPairs": [
                [
                    -0.11724946106966229,
                    -0.9931024941459334
                ],
                [
                    -0.10492816534001727,
                    -0.9944798037760133
                ],
                [
                    -0.0402270866001576,
                    -0.9991905631578311
                ],
                [
                    -0.025916055379750374,
                    -0.999664122629973
                ],
                [
                    0.1607283780337737,
                    -0.986998677048066
                ],
                [
                    0.6294355823650816,
                    -0.777052667232235
                ],
                [
                    0.6767511767708633,
                    -0.736211820564742
                ],
                [
                    0.6776338810504976,
                    -0.7353994310933617
                ],
                [
                    0.6854206740461285,
                    -0.7281473062438334
                ],
                [
                    0.688665792016752,
                    -0.7250789108131194
                ],
                [
                    0.8501249497002601,
                    0.5265810193095934
                ],
                [
                    0.03256661477053701,
                    0.9994695671216745
                ],
                [
                    0.02740122346867269,
                    0.999624515982086
                ],
                [
                    0.0163158973222735,
                    0.9998668868877342
                ],
                [
                    -0.9731821371085646,
                    0.23003592765654482
                ],
                [
                    -0.9746668614904855,
                    0.22366159507677374
                ],
                [
                    -0.980404547641246,
                    0.19699472826541248
                ]
            ]
        },
        {
            "Type": "F",
            "Centroid": {
                "x": 94681.43857954546,
                "y": 441822.1191363636
            },
            "Distances": [
                5.56338093314421,
                5.382941410165757,
                5.686673308394486,
                4.69218810632256,
                4.744641460520072,
                7.22587949020862,
                3.0713638142772806,
                5.565873797923918,
                5.0851418186904125,
                5.057087883490963,
                3.04075558009639,
                2.904896156423703,
                5.5500326082377685,
                9.250878181784854,
                10.984597230469218,
                10.91225957548432,
                11.080989160301149,
                11.009317898432094,
                7.611460076615385,
                7.514743136464063,
                7.721930313768972,
                7.626064924017632
            ],
            "UnitPairs": [
                [
                    -0.11628801860499992,
                    -0.9932155338741552
                ],
                [
                    -0.09492106759635692,
                    -0.9954848019564979
                ],
                [
                    -0.08387233090352787,
                    -0.9964765085584351
                ],
                [
                    -0.015334966082482894,
                    -0.9998824124942137
                ],
                [
                    -0.0014657683870585858,
                    -0.9999989257609407
                ],
                [
                    0.17479470232721125,
                    -0.984604901490106
                ],
                [
                    0.6420748481063179,
                    -0.7666419564759346
                ],
                [
                    0.6823808071158451,
                    -0.7309968769289836
                ],
                [
                    0.6837656801932485,
                    -0.729701647654618
                ],
                [
                    0.6944798143620695,
                    -0.7195121871404441
                ],
                [
                    0.6952368905860606,
                    -0.7187806800187564
                ],
                [
                    0.6964260839632577,
                    -0.7176285317457785
                ],
                [
                    0.7014455102038636,
                    -0.7127230852265426
                ],
                [
                    0.8564641430618853,
                    0.5162065203474964
                ],
                [
                    0.04315546984500223,
                    0.9990683687428289
                ],
                [
                    0.03803478570680962,
                    0.9992764157510359
                ],
                [
                    0.031860463847816774,
                    0.9994923265555379
                ],
                [
                    0.026799612587924574,
                    0.9996408258795442
                ],
                [
                    -0.9741829387291223,
                    0.22576005379404707
                ],
                [
                    -0.975676002800513,
                    0.2192175575979561
                ],
                [
                    -0.9800599381177856,
                    0.19870208276855666
                ],
                [
                    -0.9813651758837828,
                    0.19215200119330555
                ]
            ]
        },
        {
            "Type": "R",
            "Centroid": {
                "x": 94681.366625,
                "y": 441817.4275
            },
            "Distances": [
                0.0
            ],
            "UnitPairs": [
                [
                    0.0,
                    0.0
                ]
            ]
        }
    ],
    "Annual Heating [kWh/m2]": 359.38992062377724,
    "Annual Cooling [kWh/m2]": 1.5626912144242955
}