{
    "Pand ID": "0599100000027391",
    "Archetype ID": "D.1965",
    "Construction Year": 1925,
    "Number of Floors": 2,
    "Wall Area": 169.78,
    "Roof Area (Flat)": 0.0,
    "Roof Area (Sloped)": 100.62,
    "Floor Area": 70.19,
    "Shared Wall Area": 0.0,
    "Absolute Height (70%)": 6.0532050132751465,
    "Surfaces": [
        {
            "Type": "G",
            "Centroid": {
                "x": 84232.89827500001,
                "y": 430932.73745
            },
            "Distances": [
                5.241633814945128,
                5.783746177856639,
                6.2086129086995925,
                6.233756544004544,
                5.81770953640182,
                5.24158217048233,
                5.776230938092925,
                6.181567960490961,
                6.2544295223518,
                5.82868165627105
            ],
            "UnitPairs": [
                [
                    -0.9104794742422527,
                    -0.4135542612324905
                ],
                [
                    -0.6373723684693369,
                    -0.7705559446995318
                ],
                [
                    -0.5328726478297934,
                    -0.8461954509419587
                ],
                [
                    0.9916332080600011,
                    -0.1290874923167643
                ],
                [
                    0.9999811719017115,
                    -0.006136435616845327
                ],
                [
                    0.9093819089264569,
                    0.41596219024963477
                ],
                [
                    0.6397943641103733,
                    0.7685461415247644
                ],
                [
                    0.539118880726434,
                    0.8422296791518791
                ],
                [
                    -0.9910416254363154,
                    0.13355334759019005
                ],
                [
                    -0.9999516775362598,
                    0.009830696436164962
                ]
            ]
        },
        {
            "Type": "F",
            "Centroid": {
                "x": 84232.36865277779,
                "y": 430932.4951944445
            },
            "Distances": [
                4.659238090109905,
                5.265623221776155,
                5.730286324294035,
                6.734749250649406,
                6.350582267457468,
                6.306303612007667,
                6.678586537258132,
                5.770283135955453,
                5.307238403277791
            ],
            "UnitPairs": [
                [
                    -0.9106162200175175,
                    -0.4132530699716677
                ],
                [
                    -0.5995069614413104,
                    -0.80036954163899
                ],
                [
                    -0.484928260216944,
                    -0.8745539334100373
                ],
                [
                    0.9965066214712074,
                    -0.08351379146009132
                ],
                [
                    0.9994709075330466,
                    0.03252545149676256
                ],
                [
                    0.6699998100584353,
                    0.7423612695458058
                ],
                [
                    0.5782993453288436,
                    0.8158246546852032
                ],
                [
                    -0.9824089467051127,
                    0.18674223259282025
                ],
                [
                    -0.9984058327804461,
                    0.05644283010253717
                ]
            ]
        },
        {
            "Type": "R",
            "Centroid": {
                "x": 84237.664875,
                "y": 430934.91775
            },
            "Distances": [
                0.0
            ],
            "UnitPairs": [
                [
                    0.0,
                    0.0
                ]
            ]
        }
    ],
    "Annual Heating [kWh/m2]": 404.7884713617145,
    "Annual Cooling [kWh/m2]": 1.8847190320442224
}