{
    "Pand ID": "0599100000234020",
    "Archetype ID": "D.1965",
    "Construction Year": 1915,
    "Number of Floors": 3,
    "Wall Area": 417.39,
    "Roof Area (Flat)": 139.89,
    "Roof Area (Sloped)": 56.34,
    "Floor Area": 166.72,
    "Shared Wall Area": 0.0,
    "Absolute Height (70%)": 6.4944281578063965,
    "Surfaces": [
        {
            "Type": "G",
            "Centroid": {
                "x": 93538.5613173077,
                "y": 441010.6254038462
            },
            "Distances": [
                5.729227710337743,
                6.409036001195886,
                6.491778303483983,
                5.703628197789413,
                4.078724084450491,
                4.944531882959531,
                5.147054751895765,
                4.938653990138747,
                5.500812723474069,
                4.495858881259367,
                5.277498941790107,
                4.597198511823665,
                7.385474361322911,
                7.5605784579483775,
                7.825837630480954,
                8.723940059222967,
                10.902186513363844,
                7.718328854776947,
                7.302163241273962,
                7.385805388255177,
                8.486377654490168,
                10.651845177897494,
                9.691510527754795,
                8.099956334323858,
                8.349734053956615,
                8.947962914013445
            ],
            "UnitPairs": [
                [
                    -0.9931866204981706,
                    -0.11653470239985511
                ],
                [
                    -0.9769319920379276,
                    -0.21355065659652425
                ],
                [
                    -0.9352125140241615,
                    -0.35408692945745324
                ],
                [
                    -0.8032066868372719,
                    -0.595700443360497
                ],
                [
                    -0.7809286045685744,
                    -0.6246202963133514
                ],
                [
                    -0.7485425102523726,
                    -0.6630868045324659
                ],
                [
                    -0.030540243940694226,
                    -0.9995335379566024
                ],
                [
                    -0.00024142361435104337,
                    -0.9999999708573187
                ],
                [
                    0.007600275524811885,
                    -0.9999711174888737
                ],
                [
                    0.19035466079121105,
                    -0.9817153880402726
                ],
                [
                    0.3122326902352028,
                    -0.9500056563771017
                ],
                [
                    0.7486750209830815,
                    -0.6629371862823678
                ],
                [
                    0.7871948920102421,
                    -0.6167043067735002
                ],
                [
                    0.8689556928535221,
                    -0.49488989063978195
                ],
                [
                    0.9201325190113743,
                    -0.39160713407416725
                ],
                [
                    0.9267381065682689,
                    -0.37570797414249774
                ],
                [
                    0.9992314549887926,
                    0.03919820609390759
                ],
                [
                    0.8863068445281419,
                    0.46309845318524684
                ],
                [
                    0.37191823882508174,
                    0.9282654919952854
                ],
                [
                    0.33602397597121425,
                    0.9418534321074042
                ],
                [
                    0.05748126140096629,
                    0.9983465854039637
                ],
                [
                    -0.19735475615562587,
                    0.9803321377078044
                ],
                [
                    -0.31524418190028436,
                    0.9490105930799827
                ],
                [
                    -0.7002744303277666,
                    0.7138737438995231
                ],
                [
                    -0.9349031067630582,
                    0.3549030585452622
                ],
                [
                    -0.9825915006782466,
                    0.18577928516083567
                ]
            ]
        },
        {
            "Type": "F",
            "Centroid": {
                "x": 93539.67595833335,
                "y": 441009.8814444445
            },
            "Distances": [
                7.4022402359115755,
                7.352093274037139,
                4.662818926734912,
                6.283678187635995,
                5.442143568597607,
                6.575423079709303,
                4.580793776359,
                4.3405697218619395,
                4.876178154972854,
                3.678811222408269,
                3.1369631119735666,
                4.3028545575875485,
                10.056135189773668,
                8.746954937392903,
                13.863945488586245,
                3.274555357281169,
                6.050087562181314,
                6.224549408872779,
                3.4531471650398293,
                6.513604792966492,
                7.416389343796091,
                14.916058872495283,
                9.849063782857513,
                7.171941687264167,
                7.69082671532189,
                7.820732084856905,
                7.345620264139652,
                7.053938589259965,
                9.237597529710913,
                8.401477049929886,
                11.639649851942645,
                10.78040194872646,
                9.415613145138266,
                9.660506293315654,
                10.19488367374817,
                6.805261143584154
            ],