{
    "Pand ID": "0599100100017620",
    "Archetype ID": "D.2015-2018",
    "Construction Year": 2020,
    "Number of Floors": 2,
    "Wall Area": 682.38,
    "Roof Area (Flat)": 410.26,
    "Roof Area (Sloped)": 0.0,
    "Floor Area": 391.43,
    "Shared Wall Area": 0.0,
    "Absolute Height (70%)": 2.5473523139953613,
    "Surfaces": [
        {
            "Type": "G",
            "Centroid": {
                "x": 93143.08470192309,
                "y": 440806.68682692305
            },
            "Distances": [
                7.0016776899153355,
                10.046316087756283,
                9.384287879843258,
                8.655457789760737,
                8.060046054244992,
                13.189734452765508,
                12.026649226906338,
                16.006669201760754,
                14.639068723444602,
                15.538885286134374,
                13.987760760390735,
                12.860333845909427,
                12.843431677049582
            ],
            "UnitPairs": [
                [
                    -0.9789192285959583,
                    -0.20424775123632108
                ],
                [
                    -0.047288669691333454,
                    -0.9988812650754965
                ],
                [
                    0.006705152028315694,
                    -0.9999775202154682
                ],
                [
                    0.07947853176820191,
                    -0.9968365778742125
                ],
                [
                    0.14899704900391042,
                    -0.9888376405599285
                ],
                [
                    0.22645816620550888,
                    -0.9740208924652685
                ],
                [
                    0.35744977639312775,
                    -0.9339323623028077
                ],
                [
                    0.9838975790904044,
                    0.17873319182524888
                ],
                [
                    0.09351162309364279,
                    0.9956181880351486
                ],
                [
                    0.011128409388974244,
                    0.9999380773350275
                ],
                [
                    -0.028887892066083207,
                    0.999582657758716
                ],
                [
                    -0.49898214151922804,
                    0.8666122676519673
                ],
                [
                    -0.9637671016861638,
                    0.2667451474862322
                ]
            ]
        },
        {
            "Type": "F",
            "Centroid": {
                "x": 93141.32435227273,
                "y": 440808.0373863636
            },
            "Distances": [
                8.411163227697049,
                10.132393620433511,
                5.803274602805608,
                11.457951011790826,
                10.888376430736002,
                10.27459113662458,
                9.779744290550312,
                14.970286458871358,
                12.352026227827785,
                13.965583548238364,
                17.574294573382364,
                1.113458913517592,
                5.989976758742353,
                6.745791026292367,
                13.589560014561021,
                14.318478633889068,
                12.703968790337118,
                17.22861650455253,
                10.84502964194771,
                2.5665335354124816,
                10.818653643654578,
                14.514247289769479
            ],
            "UnitPairs": [
                [
                    -0.9999481694792619,
                    -0.010181274727328497
                ],
                [
                    -0.9805903367886115,
                    -0.19606782346116178
                ],
                [
                    -0.8777332835962836,
                    -0.4791495412366435
                ],
                [
                    0.11217299898967256,
                    -0.9936886928498597
                ],
                [
                    0.16745129440262668,
                    -0.9858803497397058
                ],
                [
                    0.23828419980068474,
                    -0.9711954695762062
                ],
                [
                    0.3027965393877849,
                    -0.9530552217656548
                ],
                [
                    0.3171130185324972,
                    -0.9483877548119273
                ],
                [
                    0.3827123291411698,
                    -0.9238675625452712
                ],
                [
                    0.4338717896280492,
                    -0.9009746223756548
                ],
                [
                    0.9963001731967361,
                    0.08594163652243127
                ],
                [
                    0.9585200803720424,
                    0.28502500859323493
                ],
                [
                    0.8497984102939397,
                    0.5271078275475455
                ],
                [
                    0.2741372687146843,
                    0.9616905728464084
                ],
                [
                    0.23027034899685353,
                    0.9731266959511836
                ],
                [
                    0.13501942327131705,
                    0.9908429519048318
                ],
                [
                    0.10675976536538816,
                    0.9942848447497967
                ],
                [
                    -0.10051458701083883,
                    0.9949355847480984
                ],
                [
                    -0.4293881553549914,
                    0.9031200429847838
                ],
                [
                    -0.4355007473365191,
                    0.900188368659212
                ],
                [
                    -0.981427784127644,
                    0.19183196955226925
                ],
                [
                    -0.9936944703219575,
                    0.1121218072078944
                ]
            ]
        },
        {
            "Type": "R",
            "Centroid": {
                "x": 93158.833625,
                "y": 440809.54774999997
            },
            "Distances": [
                0.0
            ],
            "UnitPairs": [
                [
                    0.0,
                    0.0
                ]
            ]
        }
    ],
    "Annual Heating [kWh/m2]": 133.1715656806506,
    "Annual Cooling [kWh/m2]": 0.3888970194717487
}