{
    "Pand ID": "0599100000059771",
    "Archetype ID": "D.1965",
    "Construction Year": 1922,
    "Number of Floors": 3,
    "Wall Area": 259.67,
    "Roof Area (Flat)": 4.61,
    "Roof Area (Sloped)": 150.31,
    "Floor Area": 96.83,
    "Shared Wall Area": 0.0,
    "Absolute Height (70%)": 6.237630844116211,
    "Surfaces": [
        {
            "Type": "G",
            "Centroid": {
                "x": 93296.63902155172,
                "y": 440910.68388793105
            },
            "Distances": [
                6.529775548929078,
                7.059544084774002,
                6.795922286140549,
                4.330584876732707,
                4.727625837998171,
                5.288892462344908,
                4.912599859016647,
                4.666881458406107,
                3.8466327319477935,
                4.150421668892663,
                5.887424414512601,
                6.238641977174641,
                5.920639227075225,
                6.151358817826707,
                6.353205728590162,
                4.020816064295027,
                4.1421988199695745,
                5.071049017029313,
                5.240861882482596,
                5.614576097450334,
                4.907572213396729,
                6.712662450018651,
                7.066246352372461,
                7.186348074648349,
                7.525433503052892,
                6.254294835706284,
                5.491744794837471,
                5.112120579853838,
                5.280503309532652
            ],
            "UnitPairs": [
                [
                    -0.9998653863065069,
                    -0.01640759781746496
                ],
                [
                    -0.9943838394408175,
                    -0.10583373686560565
                ],
                [
                    -0.989843065956308,
                    -0.14216435832590452
                ],
                [
                    -0.24359216635852293,
                    -0.9698777533734659
                ],
                [
                    -0.232441523372014,
                    -0.9726103732803273
                ],
                [
                    -0.2193080233672298,
                    -0.9756556722977419
                ],
                [
                    -0.15895789889840514,
                    -0.987285362181474
                ],
                [
                    -0.07668858849585909,
                    -0.9970550939614686
                ],
                [
                    0.07021815366749143,
                    -0.9975316590943509
                ],
                [
                    0.1489254580853016,
                    -0.9888484251562941
                ],
                [
                    0.39322856401864775,
                    -0.9194407520008193
                ],
                [
                    0.421582687049148,
                    -0.9067899635419551
                ],
                [
                    0.5236095849413036,
                    -0.8519583338154489
                ],
                [
                    0.9798003379058362,
                    -0.19997824341565054
                ],
                [
                    0.9902250481157149,
                    -0.13947886608454432
                ],
                [
                    0.9727138435921736,
                    0.23200814314187426
                ],
                [
                    0.966902754393695,
                    0.2551451813103393
                ],
                [
                    0.9236951629827922,
                    0.3831282368635765
                ],
                [
                    0.9164720528771966,
                    0.40009870818968807
                ],
                [
                    0.9012440762144686,
                    0.43331179892581895
                ],
                [
                    0.8990399440760586,
                    0.4378666223357491
                ],
                [
                    -0.10873428496671383,
                    0.9940708502278787
                ],
                [
                    -0.16117419276543604,
                    0.9869259747247561
                ],
                [
                    -0.21080200067942811,
                    0.9775287803996108
                ],
                [
                    -0.3147853941916114,
                    0.9491628709571566
                ],
                [
                    -0.7257247493045232,
                    0.6879851657171736
                ],
                [
                    -0.7662221586971,
                    0.6425757570291275
                ],
                [
                    -0.790062849385097,
                    0.6130258510222074
                ],
                [
                    -0.9205365978929467,
                    0.39065633482599393
                ]
            ]
        },
        {
            "Type": "F",
            "Centroid": {
                "x": 93296.20555743243,
                "y": 440911.2814391892
            },
            "Distances": [
                6.136031567050842,
                5.727878272090448,
                5.676888490388638,
                6.722297315847865,
                5.787577342883121,
                5.81442803185859,
                6.4847833936076595,
                3.5121545766157585,
                3.136173440885863,
                4.755630703908256,
                4.78146143412877,
                4.837768062266257,
                5.238128145892953,
                5.8033342897511035,
                5.972851135701732,
                5.458756891227254,
                5.25123294271603,
                4.490153174096255,
                2.2521666534571803,
                0.5578735082018549,
                4.817849684335491,
                6.609312233702542,
                6.964666761192966,
                1.82417152239362,
                6.165840734164484,
                1.3742979484677258,
                5.682691426698872,
                6.6569329771213726,
                1.1092051511675425,
                1.5970208877999557,
                0.42561750032190787,
                3.2872244494104947,
                0.41703423583546384,
                0.4954356939483719,
                4.916755262426802,
                6.7141180409164525,
                3.87279225161542,
                6.8863010811957395,
                4.040762489893987,
                3.9356721342634153,
                2.170422237492756,
                4.357487887414294,
                4.462269430758484,
                4.223111349787614,
                5.291442051668229,
                5.446978318034857,
                5.08783748595553,
                5.7920333555457475,
                1.5471799934849448,
                3.0698624165433253,
                3.3728670076454543,
                6.0825384203513,
                5.971295433016082,
                5.890208777786846,
                5.532560133870749,
                5.403012224140763,
                6.4152142967023655,
                6.517654514025833,
                6.8254664536851415,
                4.959030568092329,
                5.194706868135404,
                5.011661696429801,
                4.405989585720096,
                4.310144001118383,
                4.4562282424030135,
                4.730776513285902,
                3.6377529650925142,
                5.530271572183273,
                4.779008606021798,
                4.408175989452635,
                1.5551232808669557,
                1.4816021869390599,
                3.7126389481534146,
                4.663613804332206
            ],