{
    "Pand ID": "0599100000363137",
    "Archetype ID": "D.1992-2005",
    "Construction Year": 1999,
    "Number of Floors": 2,
    "Wall Area": 272.6,
    "Roof Area (Flat)": 5.91,
    "Roof Area (Sloped)": 263.27,
    "Floor Area": 155.92,
    "Shared Wall Area": 0.0,
    "Absolute Height (70%)": 6.210427761077881,
    "Surfaces": [
        {
            "Type": "G",
            "Centroid": {
                "x": 97767.819625,
                "y": 437473.52962499997
            },
            "Distances": [
                8.663674569753733,
                7.214486515041358,
                8.604044625951063,
                9.125795385893094,
                6.765624743888199,
                6.916297170509835,
                6.811862964762416,
                7.025523329271243,
                6.9165147961697375,
                7.8239649187856415,
                4.6348042758786105,
                5.043421152904721,
                5.150417051153683,
                5.6172227947143725,
                5.871326153489049,
                5.859575874226952,
                5.580492209542902,
                5.0873532584134,
                4.988482427126619,
                4.579184239672207,
                7.794407581785847,
                6.938817977594224,
                7.004839892991219,
                6.773024918817712,
                6.843330616467346,
                6.730673846352506,
                9.208049850583985,
                7.200934890777717,
                8.361225533746845,
                8.327007501265884,
                8.602589228012759,
                7.983601868892606
            ],
            "UnitPairs": [
                [
                    -0.9866699667875269,
                    -0.16273406723701253
                ],
                [
                    -0.9687713027713603,
                    -0.2479559697339058
                ],
                [
                    -0.8773998541605932,
                    -0.47975983149797974
                ],
                [
                    -0.8340300410150643,
                    -0.5517190323746408
                ],
                [
                    -0.3989561351940511,
                    -0.9169700116094452
                ],
                [
                    0.03958946431202515,
                    -0.9992160298531478
                ],
                [
                    0.051353425900339096,
                    -0.9986805423398908
                ],
                [
                    0.09021569928650242,
                    -0.9959222497776858
                ],
                [
                    0.09554125444387865,
                    -0.9954254711927407
                ],
                [
                    0.31337212339951154,
                    -0.9496304082515898
                ],
                [
                    0.7531736600345879,
                    -0.657821737121922
                ],
                [
                    0.7793940622519411,
                    -0.6265340339729496
                ],
                [
                    0.7975689073733707,
                    -0.6032278491509222
                ],
                [
                    0.8564396812828404,
                    -0.5162471039377815
                ],
                [
                    0.9251423542143374,
                    -0.3796203688407057
                ],
                [
                    0.995091219084728,
                    -0.09896194066644992
                ],
                [
                    0.9984446336956492,
                    0.055752250576644895
                ],
                [
                    0.9869203581848637,
                    0.16120858103792216
                ],
                [
                    0.9824255315296909,
                    0.1866549624269449
                ],
                [
                    0.9743684172701677,
                    0.22495819039641185
                ],
                [
                    0.7084326091586008,
                    0.7057784626075927
                ],
                [
                    0.5359432272208997,
                    0.8442540240923031
                ],
                [
                    0.5331759978890975,
                    0.8460043470780544
                ],
                [
                    0.46977717314444495,
                    0.8827850290939545
                ],
                [
                    0.4650969941951945,
                    0.8852597279841635
                ],
                [
                    0.061035864964446664,
                    0.9981355735510291
                ],
                [
                    -0.5080541022163143,
                    0.8613251588228308
                ],
                [
                    -0.7552057590412318,
                    0.6554878042427312
                ],
                [
                    -0.7997855664821136,
                    0.6002858049686705
                ],
                [
                    -0.80571411746293,
                    0.5923046183518512
                ],
                [
                    -0.8154739595327152,
                    0.5787937640680276
                ],
                [
                    -0.9712643024216859,
                    0.2380034765319949
                ]
            ]
        },
        {
            "Type": "F",
            "Centroid": {
                "x": 97767.60105654763,
                "y": 437474.11939285713
            },
            "Distances": [
                8.566278365461658,
                4.299069632054697,
                7.1762959895710745,
                8.71746119857771,
                9.385833186571952,
                9.289102413761553,
                7.516786698650123,
                7.414460554922907,
                7.634376407370757,
                7.526194038249719,
                8.45255026526454,
                5.196078222246825,
                5.592600812137539,
                5.690583498948021,
                6.121460612815186,
                6.314392485662994,
                6.161418206896287,
                5.79708145668309,
                5.244442503966708,
                5.1307490714747885,
                3.3208217121786845,
                4.701050975324185,
                4.4116643103153255,
                5.321405872809932,
                4.3527711902227395,
                7.554694068131202,
                4.477680791722022,
                6.5771236683637975,
                6.641229442736556,
                6.372421912775727,
                6.439900793119459,
                6.160591014954655,
                8.589745441437424,
                6.578827340624529,
                6.656145515996523,
                7.83978552528541,
                7.809238194451205,
                8.129852194329066,
                8.090765514218837,
                7.648698599952015,
                2.2674826373768986,
                2.4960113393187475
            ],