{
    "Pand ID": "0599100000022139",
    "Archetype ID": "D.1965",
    "Construction Year": 1926,
    "Number of Floors": 2,
    "Wall Area": 193.93,
    "Roof Area (Flat)": 0.0,
    "Roof Area (Sloped)": 85.06,
    "Floor Area": 68.64,
    "Shared Wall Area": 0.0,
    "Absolute Height (70%)": 5.216468334197998,
    "Surfaces": [
        {
            "Type": "G",
            "Centroid": {
                "x": 97394.77871428573,
                "y": 434397.85847619054
            },
            "Distances": [
                6.501883926557927,
                6.8573215494480495,
                3.7638095916313277,
                4.1748229531010175,
                3.5769534821521156,
                3.9948801667536813,
                3.8823750737809486,
                3.2448868531567103,
                1.8734878534470305,
                7.022573461524053,
                2.1377304217331408,
                1.8850190787982726,
                8.028531178192726,
                7.7407381076357895,
                7.795041471741289,
                3.4569283328453193,
                4.486420481488117,
                6.604669399725368,
                6.224528192000417,
                6.384238182080174,
                5.9573015442773025
            ],
            "UnitPairs": [
                [
                    -0.9759808629930048,
                    -0.21785627159076615
                ],
                [
                    -0.9475586406251023,
                    -0.3195819497041537
                ],
                [
                    -0.5998481673299596,
                    -0.8001138519928829
                ],
                [
                    -0.5625901534278772,
                    -0.8267359428898672
                ],
                [
                    -0.4832923588047,
                    -0.8754590201265786
                ],
                [
                    -0.4525077625021404,
                    -0.8917604638440226
                ],
                [
                    0.30169308529212036,
                    -0.9534050987313427
                ],
                [
                    0.40595736427500523,
                    -0.9138920168110075
                ],
                [
                    0.9598598202647619,
                    -0.28048016942610937
                ],
                [
                    0.9871432107118666,
                    -0.15983829811865277
                ],
                [
                    0.9974530430042324,
                    -0.07132620136805759
                ],
                [
                    0.9985499539243005,
                    -0.053832977976119474
                ],
                [
                    0.9526382279044507,
                    0.3041059136798685
                ],
                [
                    0.9458123518036226,
                    0.3247137126388421
                ],
                [
                    0.9416608931317794,
                    0.33656316249147017
                ],
                [
                    0.7093828619393028,
                    0.7048233503416328
                ],
                [
                    0.6110184557128082,
                    0.7916163507522661
                ],
                [
                    -0.7934862395904847,
                    0.6085881921139711
                ],
                [
                    -0.8404997333684828,
                    0.5418119583467214
                ],
                [
                    -0.845944986966355,
                    0.5332701745142827
                ],
                [
                    -0.9866403844161817,
                    0.1629133261556255
                ]
            ]
        },
        {
            "Type": "F",
            "Centroid": {
                "x": 97395.25617391305,
                "y": 434398.25726086955
            },
            "Distances": [
                7.060515156290272,
                7.440598261527354,
                4.371619326162846,
                4.776166637615162,
                4.162925070375859,
                4.573139784569672,
                4.158549487168232,
                3.467500404445632,
                1.6120917179228846,
                1.49124017925427,
                1.7442298943583903,
                6.631667546392123,
                7.4561068879342836,
                7.51074486337692,
                7.163105269262678,
                7.2144193181773595,
                2.837660803799046,
                3.881323559930964,
                3.8687997985409526,
                6.768106437610087,
                6.804504816230514,
                6.437219212167629,
                6.602075148966667
            ],
            "UnitPairs": [
                [
                    -0.9663847130139771,
                    -0.257100343159812
                ],
                [
                    -0.9374479938139353,
                    -0.3481253493990747
                ],
                [
                    -0.6256660767944339,
                    -0.780090994915761
                ],
                [
                    -0.5917243110367166,
                    -0.806140397032752
                ],
                [
                    -0.5299576321331315,
                    -0.8480241200248047
                ],
                [
                    -0.4996947438065197,
                    -0.8662015718134761
                ],
                [
                    0.16684329213612428,
                    -0.985983425757847
                ],
                [
                    0.24219927584761825,
                    -0.9702265254974682
                ],
                [
                    0.8193244046062428,
                    -0.5733302015563332
                ],
                [
                    0.9420521968921869,
                    -0.3354663296526261
                ],
                [
                    0.9487431056610267,
                    -0.31604828659663703
                ],
                [
                    0.9733337869840009,
                    -0.22939341558855525
                ],
                [
                    0.9617386385049224,
                    0.2739685952927788
                ],
                [
                    0.9578046142970312,
                    0.2874201120856284
                ],
                [
                    0.9554272664854091,
                    0.29522658832872595
                ],
                [
                    0.9512652071203588,
                    0.30837397056538507
                ],
                [
                    0.6959345120843652,
                    0.7181052533507164
                ],
                [
                    0.5832613674180233,
                    0.8122845420649452
                ],
                [
                    0.5773951104424517,
                    0.8164648715267234
                ],
                [
                    -0.8448705654613865,
                    0.5349707726754398
                ],
                [
                    -0.8459357541076286,
                    0.5332848206374879
                ],
                [
                    -0.8869006514877628,
                    0.4619602086658351
                ],
                [
                    -0.890352469551942,
                    0.4552718747767734
                ]
            ]
        },
        {
            "Type": "R",
            "Centroid": {
                "x": 97388.901,
                "y": 434398.829
            },
            "Distances": [
                0.0
            ],
            "UnitPairs": [
                [
                    0.0,
                    0.0
                ]
            ]
        }
    ],
    "Annual Heating [kWh/m2]": 435.1895103540192,
    "Annual Cooling [kWh/m2]": 1.8609457526757571
}