{
    "Pand ID": "0599100000185675",
    "Archetype ID": "D.1975-1991",
    "Construction Year": 1988,
    "Number of Floors": 1,
    "Wall Area": 219.28,
    "Roof Area (Flat)": 201.22,
    "Roof Area (Sloped)": 0.0,
    "Floor Area": 201.22,
    "Shared Wall Area": 0.0,
    "Absolute Height (70%)": 1.8311223983764648,
    "Surfaces": [
        {
            "Type": "G",
            "Centroid": {
                "x": 96819.5680972222,
                "y": 437400.1136944445
            },
            "Distances": [
                9.176866419126764,
                7.754018029892338,
                12.11828620755421,
                10.104241273798468,
                6.436565901804769,
                7.398517324992047,
                7.299273582384016,
                7.417256908882269,
                4.788624837083809,
                3.6345273339747823,
                5.684326506305457,
                4.7421091823112205,
                8.168732415440317,
                7.896215763621443,
                7.99808379462237,
                10.941403969788848,
                10.905173917175665,
                11.006536085814606
            ],
            "UnitPairs": [
                [
                    -0.9999842869113879,
                    -0.005605883545271543
                ],
                [
                    -0.9978984047217243,
                    -0.06479794637052776
                ],
                [
                    -0.8085072471801409,
                    -0.5884862201081608
                ],
                [
                    -0.023526974046977088,
                    -0.9997232024376511
                ],
                [
                    0.1418889811302783,
                    -0.9898825773968403
                ],
                [
                    0.3610558251668987,
                    -0.9325442033024761
                ],
                [
                    0.3706228773661994,
                    -0.9287834423442308
                ],
                [
                    0.38791669388539135,
                    -0.9216944388489211
                ],
                [
                    0.9882331439165298,
                    -0.15295506943168444
                ],
                [
                    0.9941534196223848,
                    -0.1079767486689541
                ],
                [
                    0.959177445514649,
                    0.2828049292639589
                ],
                [
                    0.911678245181477,
                    0.410904827500022
                ],
                [
                    0.7928130643076129,
                    0.609464884192004
                ],
                [
                    0.7609059779580486,
                    0.648862152315656
                ],
                [
                    0.7552156157521034,
                    0.6554764478790762
                ],
                [
                    -0.5699197506483903,
                    0.8217003576857421
                ],
                [
                    -0.5733720773003375,
                    0.8192951000538792
                ],
                [
                    -0.57917606161591,
                    0.8152024838352027
                ]
            ]
        },
        {
            "Type": "F",
            "Centroid": {
                "x": 96819.71080357142,
                "y": 437400.45534523815
            },
            "Distances": [
                9.327715302483028,
                7.9255063712315135,
                12.436208128770486,
                10.45002220334764,
                6.757176037582726,
                7.669884856833863,
                7.568141761168655,
                7.776691073326465,
                7.681336611901967,
                4.713581067353562,
                3.5473598435252107,
                5.458393868273219,
                4.478763264909927,
                7.8495230945439705,
                7.949816544886746,
                7.567796332824106,
                7.6681299050023926,
                10.746529887401644,
                10.711653413890375,
                10.848986733555178,
                10.815238887453647
            ],
            "UnitPairs": [
                [
                    -0.9991116012027407,
                    -0.0421427139858807
                ],
                [
                    -0.9943123129688595,
                    -0.10650363504837301
                ],
                [
                    -0.7993134618284228,
                    -0.600914294837344
                ],
                [
                    -0.036404570634000044,
                    -0.9993371339227588
                ],
                [
                    0.1140374949954749,
                    -0.9934764464923952
                ],
                [
                    0.32967527880396497,
                    -0.9440943864601292
                ],
                [
                    0.33859981874532924,
                    -0.940930477105312
                ],
                [
                    0.3471362566828017,
                    -0.9378147041373642
                ],
                [
                    0.3560020302117051,
                    -0.9344851815225024
                ],
                [
                    0.9736909926849606,
                    -0.2278724440650429
                ],
                [
                    0.9783533618392576,
                    -0.20694129452050583
                ],
                [
                    0.9727351225853167,
                    0.231918911020488
                ],
                [
                    0.9334209426353665,
                    0.3587831432072916
                ],
                [
                    0.8068734052111911,
                    0.5907243925578975
                ],
                [
                    0.8012224423805372,
                    0.5983666082142007
                ],
                [
                    0.7750699372193157,
                    0.6318754564143523
                ],
                [
                    0.7691016586364451,
                    0.6391264653280047
                ],
                [
                    -0.5935337860920579,
                    0.8048090734871391
                ],
                [
                    -0.5970533515521294,
                    0.8022015304151255
                ],
                [
                    -0.5991737966937132,
                    0.8006189863821873
                ],
                [
                    -0.6026153133789497,
                    0.7980318189653783
                ]
            ]
        },
        {
            "Type": "R",
            "Centroid": {
                "x": 96819.5680972222,
                "y": 437400.1136944445
            },
            "Distances": [
                9.176866419126764,
                7.754018029892338,
                12.11828620755421,
                10.104241273798468,
                6.436565901804769,
                7.398517324992047,
                7.299273582384016,
                7.417256908882269,
                4.788624837083809,
                3.6345273339747823,
                5.684326506305457,
                4.7421091823112205,
                8.168732415440317,
                7.896215763621443,
                7.99808379462237,
                10.941403969788848,
                10.905173917175665,
                11.006536085814606
            ],