{
    "Pand ID": "0599100000232554",
    "Archetype ID": "D.1965",
    "Construction Year": 1889,
    "Number of Floors": 2,
    "Wall Area": 333.7,
    "Roof Area (Flat)": 0.0,
    "Roof Area (Sloped)": 342.46,
    "Floor Area": 248.05,
    "Shared Wall Area": 0.0,
    "Absolute Height (70%)": 4.368919849395752,
    "Surfaces": [
        {
            "Type": "G",
            "Centroid": {
                "x": 87645.92491249999,
                "y": 441328.43915
            },
            "Distances": [
                8.953809370598815,
                8.507100971841874,
                7.877096650731126,
                8.019320753361091,
                8.291993924586189,
                8.202451587486799,
                8.472166785723573,
                3.240556641230165,
                4.190485096655056,
                4.476316571142847,
                3.858646400625665,
                4.658946001515154,
                6.215170781645958,
                6.623849563895581,
                9.871094369165847,
                15.087409209171103,
                15.140955357734981,
                16.984656565409185,
                11.136765569269429,
                11.094489183584752
            ],
            "UnitPairs": [
                [
                    -0.9979383779757826,
                    -0.06417938736903103
                ],
                [
                    -0.9835724329235069,
                    -0.18051390304609044
                ],
                [
                    -0.9052002680874002,
                    -0.4249852640439418
                ],
                [
                    -0.9041102386337739,
                    -0.4272992819998419
                ],
                [
                    -0.6919143998627698,
                    -0.7219795449059088
                ],
                [
                    -0.6882515476962796,
                    -0.7254721270274109
                ],
                [
                    -0.6414356725310592,
                    -0.7671768231670113
                ],
                [
                    0.023653343696409923,
                    -0.9997202205277133
                ],
                [
                    0.35930207727221636,
                    -0.9332213120519003
                ],
                [
                    0.8010269030397733,
                    -0.5986283493174286
                ],
                [
                    0.9577581401108738,
                    -0.28757493814892815
                ],
                [
                    0.9937118821503744,
                    -0.11196738486345151
                ],
                [
                    0.9971809653733389,
                    0.07503414087664352
                ],
                [
                    0.9942330266533193,
                    0.10724126403479309
                ],
                [
                    0.9656122860883879,
                    0.2599863707103842
                ],
                [
                    0.9330064429780298,
                    0.35985966342657
                ],
                [
                    0.758647636731725,
                    0.6515011613814427
                ],
                [
                    0.5149736155286361,
                    0.8572060285073622
                ],
                [
                    -0.9719473695184729,
                    0.23519845000790504
                ],
                [
                    -0.9728568680712519,
                    0.23140767974852258
                ]
            ]
        },
        {
            "Type": "F",
            "Centroid": {
                "x": 87645.10299493243,
                "y": 441328.60777027026
            },
            "Distances": [
                5.789389592570216,
                8.147406736528609,
                5.29272160771774,
                7.56148908475607,
                7.7355082410099225,
                7.416299054493393,
                5.018833240700816,
                5.298122976194003,
                7.222221013524161,
                7.365508255035686,
                7.877107851128964,
                7.791724396497836,
                7.410611191612876,
                8.10804300317236,
                3.52473118247388,
                4.696596290909187,
                5.247789572308546,
                4.694932545992525,
                5.495094356765443,
                7.025878722805025,
                7.42735002327233,
                4.697953987151358,
                4.591743641084931,
                10.627580591691672,
                4.632570434163008,
                15.800082052143757,
                4.559099032664349,
                8.436203026418774,
                6.665612330933259,
                6.773097498169154,
                7.577454941806048,
                6.02284793821978,
                17.281509987528693,
                10.29828775930949,
                10.25589435742527,
                6.387387029981257,
                3.4991473502784123
            ],