{
    "Pand ID": "0599100000275416",
    "Archetype ID": "D.1975-1991",
    "Construction Year": 1979,
    "Number of Floors": 2,
    "Wall Area": 216.82,
    "Roof Area (Flat)": 0.0,
    "Roof Area (Sloped)": 120.96,
    "Floor Area": 103.48,
    "Shared Wall Area": 0.0,
    "Absolute Height (70%)": 7.2688984870910645,
    "Surfaces": [
        {
            "Type": "G",
            "Centroid": {
                "x": 69299.61481249999,
                "y": 445242.46274999995
            },
            "Distances": [
                7.629382875589344,
                7.6303340400073765,
                7.629660383175277,
                7.626461339507148
            ],
            "UnitPairs": [
                [
                    -0.9981148048494622,
                    -0.06137455776068658
                ],
                [
                    0.5091520213452617,
                    -0.8606766054448292
                ],
                [
                    0.9980785012131907,
                    0.06196212888556121
                ],
                [
                    -0.5094105676336944,
                    0.8605236043149062
                ]
            ]
        },
        {
            "Type": "F",
            "Centroid": {
                "x": 69300.68850480768,
                "y": 445241.4008076923
            },
            "Distances": [
                5.901907771514671,
                6.181574534710445,
                4.81905198516261,
                5.08613156962228,
                5.0140089784183886,
                4.848803789537309,
                5.099990735013202,
                6.718927504049083,
                9.095304403313044,
                7.792891575785419,
                7.965726150958303,
                8.068188927735234,
                8.708951979069184
            ],
            "UnitPairs": [
                [
                    0.424660599479681,
                    -0.905352624809559
                ],
                [
                    0.45478828679203326,
                    -0.8905995812915966
                ],
                [
                    0.8998258797920151,
                    -0.43624922470593097
                ],
                [
                    0.9245352047923326,
                    -0.3810966479773858
                ],
                [
                    0.925069682221849,
                    -0.3797974236800023
                ],
                [
                    0.9262712799397099,
                    -0.37685742126015204
                ],
                [
                    0.93398359718994,
                    -0.357315882910542
                ],
                [
                    0.9735642613158285,
                    0.2284132857094026
                ],
                [
                    -0.5451925617662234,
                    0.8383108436581164
                ],
                [
                    -0.8552271314008594,
                    0.5182533682629156
                ],
                [
                    -0.8558783189982498,
                    0.5171772453122141
                ],
                [
                    -0.9494934211743171,
                    0.3137869390951299
                ],
                [
                    -0.997673695820565,
                    0.06817035035654918
                ]
            ]
        },
        {
            "Type": "R",
            "Centroid": {
                "x": 69305.17981249999,
                "y": 445239.5735
            },
            "Distances": [
                0.0
            ],
            "UnitPairs": [
                [
                    0.0,
                    0.0
                ]
            ]
        }
    ],
    "Annual Heating [kWh/m2]": 307.6559078662313,
    "Annual Cooling [kWh/m2]": 1.2290900054468783
}