{
    "Pand ID": "0599100000616660",
    "Archetype ID": "D.1965",
    "Construction Year": 1950,
    "Number of Floors": 1,
    "Wall Area": 186.56,
    "Roof Area (Flat)": 110.44,
    "Roof Area (Sloped)": 0.0,
    "Floor Area": 110.41,
    "Shared Wall Area": 0.0,
    "Absolute Height (70%)": 2.647853136062622,
    "Surfaces": [
        {
            "Type": "G",
            "Centroid": {
                "x": 93359.6998125,
                "y": 431500.9025
            },
            "Distances": [
                8.636380035936815,
                8.547769306956196,
                8.552529194633536,
                8.461132644338603
            ],
            "UnitPairs": [
                [
                    -0.7479696323146311,
                    -0.6637329501652872
                ],
                [
                    0.992100944171715,
                    -0.12544208453940645
                ],
                [
                    0.7447212228167425,
                    0.6673756815215369
                ],
                [
                    -0.991563464687642,
                    0.1296221257989519
                ]
            ]
        },
        {
            "Type": "F",
            "Centroid": {
                "x": 93359.6998125,
                "y": 431500.9025
            },
            "Distances": [
                8.636380035936815,
                8.547769306956196,
                8.552529194633536,
                8.461132644338603
            ],
            "UnitPairs": [
                [
                    -0.7479696323146311,
                    -0.6637329501652872
                ],
                [
                    0.992100944171715,
                    -0.12544208453940645
                ],
                [
                    0.7447212228167425,
                    0.6673756815215369
                ],
                [
                    -0.991563464687642,
                    0.1296221257989519
                ]
            ]
        },
        {
            "Type": "R",
            "Centroid": {
                "x": 93353.24006249999,
                "y": 431495.17025
            },
            "Distances": [
                0.0
            ],
            "UnitPairs": [
                [
                    0.0,
                    0.0
                ]
            ]
        }
    ],
    "Annual Heating [kWh/m2]": 662.6148474243514,
    "Annual Cooling [kWh/m2]": 2.437078907180599
}