{
    "Pand ID": "0599100000114033",
    "Archetype ID": "D.1965",
    "Construction Year": 1915,
    "Number of Floors": 2,
    "Wall Area": 236.92,
    "Roof Area (Flat)": 0.0,
    "Roof Area (Sloped)": 70.49,
    "Floor Area": 57.33,
    "Shared Wall Area": 0.0,
    "Absolute Height (70%)": 7.808739185333252,
    "Surfaces": [
        {
            "Type": "G",
            "Centroid": {
                "x": 94383.17124999998,
                "y": 432758.952
            },
            "Distances": [
                5.9724699454989185,
                4.796410663168367,
                5.084222285643956,
                5.327922320171703,
                5.327255695957442,
                5.088370883708784,
                4.78418334205071,
                5.96857078791998
            ],
            "UnitPairs": [
                [
                    -0.9997538797981609,
                    -0.0221851262904792
                ],
                [
                    -0.862102995422686,
                    -0.5067330907718898
                ],
                [
                    -0.5062721209616096,
                    -0.8623737818005794
                ],
                [
                    -0.41291893308350447,
                    -0.9107677830825925
                ],
                [
                    0.9796788999582436,
                    0.20057231358441677
                ],
                [
                    0.9539398976492608,
                    0.29999778611336103
                ],
                [
                    0.6998059565538285,
                    0.7143329917984897
                ],
                [
                    0.2444471301162227,
                    0.9696626220381718
                ]
            ]
        },
        {
            "Type": "F",
            "Centroid": {
                "x": 94382.69296428571,
                "y": 432758.4637857143
            },
            "Distances": [
                4.14053537157326,
                4.424145198201064,
                4.691619110454035,
                5.906134427647119,
                5.700205662238696,
                6.56792705005488,
                5.504220460482141
            ],
            "UnitPairs": [
                [
                    -0.8831501140719492,
                    -0.46909047742914484
                ],
                [
                    -0.47369925529896856,
                    -0.8806866727328184
                ],
                [
                    -0.36697656932332967,
                    -0.9302301852593687
                ],
                [
                    0.9646386793387719,
                    0.26357583030989407
                ],
                [
                    0.9354549695639108,
                    0.35344589390482756
                ],
                [
                    0.2949615151796288,
                    0.9555091336889133
                ],
                [
                    -0.9979095723281447,
                    0.06462573369687492
                ]
            ]
        },
        {
            "Type": "R",
            "Centroid": {
                "x": 94386.51925,
                "y": 432762.36950000003
            },
            "Distances": [
                0.0
            ],
            "UnitPairs": [
                [
                    0.0,
                    0.0
                ]
            ]
        }
    ],
    "Annual Heating [kWh/m2]": 472.79770553284465,
    "Annual Cooling [kWh/m2]": 2.669333889903639
}