{
    "Pand ID": "0599100015001791",
    "Archetype ID": "D.1975-1991",
    "Construction Year": 1990,
    "Number of Floors": 2,
    "Wall Area": 191.08,
    "Roof Area (Flat)": 31.44,
    "Roof Area (Sloped)": 121.98,
    "Floor Area": 99.94,
    "Shared Wall Area": 0.0,
    "Absolute Height (70%)": 7.05820369720459,
    "Surfaces": [
        {
            "Type": "G",
            "Centroid": {
                "x": 76664.684825,
                "y": 435930.6835
            },
            "Distances": [
                10.276347013411618,
                5.605840520357274,
                1.9987335840207188,
                4.188332883107982,
                6.107690426000503,
                3.9780356886245687,
                7.549472851792681,
                4.991973150997896,
                2.4274587411914115,
                8.776084658905436
            ],
            "UnitPairs": [
                [
                    -0.9617911877738848,
                    -0.2737840592885198
                ],
                [
                    -0.14871989257905788,
                    -0.988879362486281
                ],
                [
                    0.1232280289719339,
                    -0.9923783819066657
                ],
                [
                    0.7366415435685426,
                    -0.6762833993888618
                ],
                [
                    0.9963340601033676,
                    -0.08554788529203429
                ],
                [
                    0.9995636819863823,
                    0.029537191028029493
                ],
                [
                    0.9345420718106665,
                    0.3558526605434153
                ],
                [
                    -0.09889876909848075,
                    0.995097499479727
                ],
                [
                    -0.5741395214472313,
                    0.818757479301621
                ],
                [
                    -0.8937584703051911,
                    0.44854854448289644
                ]
            ]
        },
        {
            "Type": "F",
            "Centroid": {
                "x": 76664.14239166667,
                "y": 435930.68340000004
            },
            "Distances": [
                9.755741001998784,
                5.55104673294855,
                2.283492580361454,
                2.1344731975872056,
                2.205893884853411,
                4.602492683080866,
                6.6482893211498615,
                4.520263343849843,
                7.949589320466959,
                2.609590701820364,
                4.749631385444312,
                2.519638789781492,
                2.162223091576608,
                8.294896894933842,
                8.330381657797446
            ],
            "UnitPairs": [
                [
                    -0.9575148279106749,
                    -0.28838403966098836
                ],
                [
                    -0.05247058450044035,
                    -0.9986224700867602
                ],
                [
                    0.3213206557522365,
                    -0.9469704515912588
                ],
                [
                    0.36952131056330667,
                    -0.929222255996689
                ],
                [
                    0.40651698591891494,
                    -0.9136432236707065
                ],
                [
                    0.7882105596089661,
                    -0.6154056497310701
                ],
                [
                    0.9969080786305244,
                    -0.07857660441375809
                ],
                [
                    0.9996615218178996,
                    0.026016183361920374
                ],
                [
                    0.9489462951127218,
                    0.3154376784593736
                ],
                [
                    0.8034721045955799,
                    0.5953424032745773
                ],
                [
                    -0.003635369837256849,
                    0.9999933920212404
                ],
                [
                    -0.2870517272559103,
                    0.9579150828123537
                ],
                [
                    -0.39369973893120885,
                    0.9192390959731304
                ],
                [
                    -0.880211865096922,
                    0.47458094414188007
                ],
                [
                    -0.9973452607537406,
                    0.07281779213937563
                ]
            ]
        },
        {
            "Type": "R",
            "Centroid": {
                "x": 76655.834125,
                "y": 435931.29000000004
            },
            "Distances": [
                0.0
            ],
            "UnitPairs": [
                [
                    0.0,
                    0.0
                ]
            ]
        }
    ],
    "Annual Heating [kWh/m2]": 317.42470820788816,
    "Annual Cooling [kWh/m2]": 1.1340872262970616
}