{
    "Pand ID": "0599100000235407",
    "Archetype ID": "D.1965",
    "Construction Year": 1907,
    "Number of Floors": 2,
    "Wall Area": 281.87,
    "Roof Area (Flat)": 18.94,
    "Roof Area (Sloped)": 152.82,
    "Floor Area": 124.83,
    "Shared Wall Area": 0.0,
    "Absolute Height (70%)": 6.1161980628967285,
    "Surfaces": [
        {
            "Type": "G",
            "Centroid": {
                "x": 97748.91673214287,
                "y": 435042.1578785714
            },
            "Distances": [
                6.439030678037365,
                5.637143120274408,
                5.544483844448164,
                8.666065277088679,
                7.517728438338322,
                7.454308358338913,
                7.441533011273566,
                7.149217143020291,
                7.467284389803431,
                9.153878494985458,
                6.66364558638022,
                6.521163050381672,
                6.7267456842753806,
                6.044368064654742,
                5.866686145490503,
                6.076053113985517,
                5.9147487292106105,
                6.651246247439314,
                3.209182857896449,
                3.1826089187869386,
                3.7958894856030088,
                4.561794955462205,
                4.310968408081546,
                4.3099647911834555,
                4.859134307247382,
                5.4358777936406,
                4.9158774991869185,
                4.888487988689201,
                5.945619627799896,
                6.965360381537089,
                6.5297688835587575,
                6.9288226964197985,
                4.934088897069293,
                5.920974349228585,
                6.008866200514093
            ],
            "UnitPairs": [
                [
                    -0.979162463749587,
                    -0.20307848134117673
                ],
                [
                    -0.9646476995253515,
                    -0.26354281587713047
                ],
                [
                    -0.9623722049820471,
                    -0.2717346850845374
                ],
                [
                    -0.7230336885907829,
                    -0.6908127714242165
                ],
                [
                    -0.5093103820224503,
                    -0.8605829040622094
                ],
                [
                    -0.5043871224701814,
                    -0.8634776376295162
                ],
                [
                    -0.4830801848777397,
                    -0.8755761160393132
                ],
                [
                    -0.0660012325025251,
                    -0.997819541454339
                ],
                [
                    0.12402672896698222,
                    -0.992278877383647
                ],
                [
                    0.4724929284901206,
                    -0.8813344612159619
                ],
                [
                    0.7629671763337447,
                    -0.6464372265249834
                ],
                [
                    0.7889915981827373,
                    -0.6144039859872736
                ],
                [
                    0.7975837216016229,
                    -0.6032082617439063
                ],
                [
                    0.9804404354174668,
                    -0.19681603745225662
                ],
                [
                    0.980475640674235,
                    -0.1966405808688749
                ],
                [
                    0.995900256896265,
                    -0.09045815780764743
                ],
                [
                    0.9961780503092055,
                    -0.08734581891624842
                ],
                [
                    0.9720197714265763,
                    0.23489905056391058
                ],
                [
                    0.6453801322169569,
                    0.7638615613706605
                ],
                [
                    0.633173257714876,
                    0.7740100940651428
                ],
                [
                    0.5640688079173349,
                    0.8257277880359342
                ],
                [
                    0.503122757499528,
                    0.8642149564119284
                ],
                [
                    0.2083390023095789,
                    0.978056675309079
                ],
                [
                    0.18889779768160508,
                    0.9819967525562593
                ],
                [
                    0.18812874872950963,
                    0.9821443752837304
                ],
                [
                    0.09090396728766116,
                    0.9958596631711537
                ],
                [
                    0.07936382816806853,
                    0.9968457166374892
                ],
                [
                    0.07858111915607892,
                    0.9969077227668457
                ],
                [
                    -0.22989313619737625,
                    0.9732158783791675
                ],
                [
                    -0.4658563182846407,
                    0.8848603792205183
                ],
                [
                    -0.5108690984865085,
                    0.8596585160466813
                ],
                [
                    -0.5593817756175539,
                    0.8289101453758138
                ],
                [
                    -0.9677282356431666,
                    0.25199615461146224
                ],
                [
                    -0.9702553674492844,
                    0.2420837085304462
                ],
                [
                    -0.9996656511268452,
                    0.02585702916308167
                ]
            ]
        },
        {
            "Type": "F",
            "Centroid": {
                "x": 97748.4690514706,
                "y": 435042.24889705883
            },
            "Distances": [
                4.342684224464894,
                6.021854349190968,
                4.906791150144656,
                5.233323719764545,
                5.142639918597637,
                1.4821372415560703,
                8.41361819995025,
                7.321868769207172,
                7.380680466991577,
                7.319883134110754,
                7.317957713499862,
                7.224687510623888,
                3.3637742951463045,
                7.6254244072721855,
                3.4987789353050713,
                9.452161989369454,
                7.067472497886991,
                6.933281073905037,
                7.141441717365906,
                6.5012062936921575,
                6.323524183299989,
                6.5303243349997295,
                6.368877242659522,
                7.067673494596094,
                3.4043872614961956,
                3.451918014534779,
                3.419584509059282,
                3.9954980153758264,
                4.728213234516035,
                4.339329194867544,
                4.32931897677521,
                4.875410617099982,
                3.6924035743442296,
                5.405041386640541,
                4.881784917340917,
                4.854155955258256,
                3.7342265098008864,
                2.2255638102034996,
                2.1427256919757887,
                2.1148916624542378,
                5.769049359175248,
                1.665754071395568,
                6.685631342682847,
                6.232009734593942,
                6.610710074192795,
                1.2104866947271875,
                4.477987662860279,
                5.464612518683728,
                1.0900283765154049,
                4.105309092390908,
                5.559548932454563
            ],