{
    "Pand ID": "0599100000016255",
    "Archetype ID": "D.1965-1974",
    "Construction Year": 1965,
    "Number of Floors": 2,
    "Wall Area": 220.66,
    "Roof Area (Flat)": 165.45,
    "Roof Area (Sloped)": 0.0,
    "Floor Area": 165.45,
    "Shared Wall Area": 0.0,
    "Absolute Height (70%)": -1.6345044374465942,
    "Surfaces": [
        {
            "Type": "G",
            "Centroid": {
                "x": 94829.54902499999,
                "y": 441485.13100000005
            },
            "Distances": [
                6.710209460970749,
                4.1806451906315045,
                2.251916252921051,
                10.398215366628586,
                12.017982651456421,
                7.166744505695812,
                4.373551258362383,
                4.370682739538552,
                7.298244104559839,
                9.452128279376836
            ],
            "UnitPairs": [
                [
                    -0.7730608157863379,
                    -0.6343319124052974
                ],
                [
                    -0.7155354888015646,
                    -0.6985763839878256
                ],
                [
                    -0.558812965783787,
                    -0.8292937171303834
                ],
                [
                    0.3405969077518423,
                    -0.9402094162631445
                ],
                [
                    0.8922129704280114,
                    -0.45161489722995674
                ],
                [
                    0.5220780505060305,
                    0.8528977131988469
                ],
                [
                    0.1807684312595831,
                    0.983525685612709
                ],
                [
                    0.17974308519264184,
                    0.9837135880557056
                ],
                [
                    -0.13392262385115095,
                    0.9909917915002238
                ],
                [
                    -0.9698768075326595,
                    0.2435959322530996
                ]
            ]
        },
        {
            "Type": "F",
            "Centroid": {
                "x": 94829.83817045455,
                "y": 441485.2128636364
            },
            "Distances": [
                6.986698015297527,
                4.447040126208798,
                2.488958722183486,
                10.381030495907709,
                11.798731348315657,
                3.005108131880445,
                6.948958003838795,
                4.249327911836578,
                4.246754479785773,
                7.261937606018784,
                9.713777730298155
            ],
            "UnitPairs": [
                [
                    -0.7838531796515141,
                    -0.620946207614002
                ],
                [
                    -0.7376918942581707,
                    -0.6751375186921491
                ],
                [
                    -0.6217642103741081,
                    -0.7832044858770039
                ],
                [
                    0.3133074839470794,
                    -0.9496517364290715
                ],
                [
                    0.8842861353002197,
                    -0.46694542605726586
                ],
                [
                    0.9621798679294099,
                    0.2724149440675812
                ],
                [
                    0.49683053826783885,
                    0.8678475766195868
                ],
                [
                    0.11800796640101459,
                    0.9930126483916994
                ],
                [
                    0.11690210672769841,
                    0.9931434425311512
                ],
                [
                    -0.17440874918833757,
                    0.9846733408631309
                ],
                [
                    -0.9735188221422847,
                    0.22860687420700818
                ]
            ]
        },
        {
            "Type": "R",
            "Centroid": {
                "x": 94829.824125,
                "y": 441484.95837500005
            },
            "Distances": [
                6.820332929249984,
                2.285656036194398,
                10.144182434587016,
                11.694612756135232,
                7.177702871777704,
                4.501167877935232,
                7.510301759282779,
                9.761508593229793
            ],
            "UnitPairs": [
                [
                    -0.8009139812782466,
                    -0.5987794206492306
                ],
                [
                    -0.6709233479234579,
                    -0.7415267097085434
                ],
                [
                    0.32200722148496025,
                    -0.9467372123834236
                ],
                [
                    0.8933600639759354,
                    -0.44934151387659765
                ],
                [
                    0.48295395642874317,
                    0.8756457479882054
                ],
                [
                    0.11341501002259483,
                    0.993547701673943
                ],
                [
                    -0.16677092880512168,
                    0.9859956679952895
                ],
                [
                    -0.9673197446707787,
                    0.25355968048974087
                ]
            ]
        }
    ],
    "Annual Heating [kWh/m2]": 322.28004391676,
    "Annual Cooling [kWh/m2]": 1.3503211820536583
}