{
    "Pand ID": "0599100000045702",
    "Archetype ID": "D.1965",
    "Construction Year": 1958,
    "Number of Floors": 2,
    "Wall Area": 345.23,
    "Roof Area (Flat)": 196.31,
    "Roof Area (Sloped)": 0.01,
    "Floor Area": 196.18,
    "Shared Wall Area": 0.0,
    "Absolute Height (70%)": -0.3292708694934845,
    "Surfaces": [
        {
            "Type": "G",
            "Centroid": {
                "x": 94835.01941071427,
                "y": 441419.0292857143
            },
            "Distances": [
                7.536278928753873,
                1.6971841655999245,
                2.247934628033543,
                0.5781483550493424,
                1.5087822262310147,
                3.9365017944371274,
                3.904966336862667,
                12.823576137320671,
                14.527266386472855,
                7.55129694287874,
                11.780186601964418,
                3.2240551803477473,
                3.245175202002529,
                13.779051826384913
            ],
            "UnitPairs": [
                [
                    -0.7269881815780952,
                    -0.6866499718530356
                ],
                [
                    -0.6527198030328815,
                    -0.7575994051797537
                ],
                [
                    -0.25302591418068293,
                    -0.9674595013503303
                ],
                [
                    0.09031295387518348,
                    -0.9959134351751355
                ],
                [
                    0.604603016832924,
                    -0.7965269562522834
                ],
                [
                    0.7039789209892021,
                    -0.7102208662119684
                ],
                [
                    0.7378333222803959,
                    -0.6749829542534194
                ],
                [
                    0.7767891092978303,
                    -0.6297608114802663
                ],
                [
                    0.9899463466238657,
                    -0.14144338374791926
                ],
                [
                    0.2029074339558937,
                    0.9791979234278608
                ],
                [
                    -0.631380976006132,
                    0.7754727997406126
                ],
                [
                    -0.850415256843122,
                    0.5261120516852343
                ],
                [
                    -0.8778526695623432,
                    0.4789307784453484
                ],
                [
                    -0.8932244300518812,
                    0.449611073660883
                ]
            ]
        },
        {
            "Type": "F",
            "Centroid": {
                "x": 94835.08535833332,
                "y": 441418.95203333336
            },
            "Distances": [
                7.531859917863624,
                1.6846966360930282,
                2.1914681126907745,
                0.498722456799326,
                1.407388535174208,
                1.422018174615688,
                3.8352172327320004,
                3.804184435904766,
                12.72371163966968,
                14.451210946576436,
                7.613983982651423,
                11.881732029543285,
                3.320926149240465,
                3.3402625478785697,
                13.87274719327346
            ],
            "UnitPairs": [
                [
                    -0.7361705334133936,
                    -0.6767960887400574
                ],
                [
                    -0.696703078870886,
                    -0.7173596168532406
                ],
                [
                    -0.2896384070794342,
                    -0.957136141384541
                ],
                [
                    -0.02753702613289541,
                    -0.9996207841935641
                ],
                [
                    0.6013027998482917,
                    -0.7990212405778744
                ],
                [
                    0.6492650256941552,
                    -0.7605622436134784
                ],
                [
                    0.7053750811252725,
                    -0.7088342506732553
                ],
                [
                    0.7400447360282606,
                    -0.6725576471031031
                ],
                [
                    0.7777028391481683,
                    -0.6286320815714692
                ],
                [
                    0.9905928796965847,
                    -0.1368420501688998
                ],
                [
                    0.1925754861069962,
                    0.9812821623522228
                ],
                [
                    -0.6315353110702678,
                    0.7753471163752271
                ],
                [
                    -0.8454669592584945,
                    0.5340277341133092
                ],
                [
                    -0.8726060576211707,
                    0.4884246801737583
                ],
                [
                    -0.8919454208266863,
                    0.45214308163047845
                ]
            ]
        },
        {
            "Type": "R",
            "Centroid": {
                "x": 94835.171875,
                "y": 441418.9880833333
            },
            "Distances": [
                7.62001669304915,
                1.7712192795052597,
                2.252194352753586,
                0.5439020157530564,
                3.8007342583238684,
                3.765360439039692,
                12.679357471975289,
                14.37051997675982,
                7.562349573349538,
                11.908758033638447,
                3.398949235118633,
                13.933797863591055
            ],
            "UnitPairs": [
                [
                    -0.7390075674168209,
                    -0.6736971243078546
                ],
                [
                    -0.711515516226004,
                    -0.7026703851519879
                ],
                [
                    -0.32024323261467685,
                    -0.9473353534860303
                ],
                [
                    -0.18431628694065907,
                    -0.9828669830492875
                ],
                [
                    0.6890116019711027,
                    -0.7247503103477879
                ],
                [
                    0.7246982179189981,
                    -0.6890663922620434
                ],
                [
                    0.7735999258382313,
                    -0.6336743286129579
                ],
                [
                    0.9901346661780972,
                    -0.1401190309429379
                ],
                [
                    0.18244991012517547,
                    0.9832151495452638
                ],
                [
                    -0.6373670519266865,
                    0.7705603422953223
                ],
                [
                    -0.8829934760400774,
                    0.4693852588979133
                ],
                [
                    -0.8942465020654776,
                    0.44757479100554554
                ]
            ]
        }
    ],
    "Annual Heating [kWh/m2]": 341.59150728716406,
    "Annual Cooling [kWh/m2]": 1.2879702814357783
}