{
    "Pand ID": "0599100000163825",
    "Archetype ID": "D.1965",
    "Construction Year": 1926,
    "Number of Floors": 3,
    "Wall Area": 219.94,
    "Roof Area (Flat)": 0.0,
    "Roof Area (Sloped)": 83.1,
    "Floor Area": 55.72,
    "Shared Wall Area": 0.0,
    "Absolute Height (70%)": 6.574620246887207,
    "Surfaces": [
        {
            "Type": "G",
            "Centroid": {
                "x": 93526.65212500001,
                "y": 440094.03925
            },
            "Distances": [
                6.022784115323871,
                5.530187745441157,
                4.982192338681846,
                5.6029480186438745,
                5.882545239907486,
                4.745082981388234,
                4.299384665290758,
                3.620816551593302,
                3.433612456327826,
                3.579985265330498,
                4.375900193127608,
                4.93409348312752
            ],
            "UnitPairs": [
                [
                    -0.46199563967793605,
                    -0.8868821956261015
                ],
                [
                    -0.3262999527458127,
                    -0.9452662803877437
                ],
                [
                    0.13658645707116598,
                    -0.9906281541248192
                ],
                [
                    0.5585452496760656,
                    -0.8294740526769366
                ],
                [
                    0.6270245020754482,
                    -0.7789995338875604
                ],
                [
                    0.5642683195410316,
                    0.8255914628690998
                ],
                [
                    0.4532043889277886,
                    0.891406631036919
                ],
                [
                    0.0357654131741291,
                    0.999360212946505
                ],
                [
                    -0.13644521796257933,
                    0.9906476177204203
                ],
                [
                    -0.13645307558595623,
                    0.9906465354318528
                ],
                [
                    -0.6669484840132549,
                    0.7451038314707698
                ],
                [
                    -0.7684288943798768,
                    0.6399351797503556
                ]
            ]
        },
        {
            "Type": "F",
            "Centroid": {
                "x": 93526.59026136364,
                "y": 440094.4879318182
            },
            "Distances": [
                6.397504803498237,
                5.937661284461236,
                6.012975218916814,
                6.275190665814655,
                4.420046686497256,
                3.935960802394591,
                3.175589291331073,
                2.980685885360344,
                3.1270586937601967,
                4.008327930908199,
                4.60954263969695
            ],
            "UnitPairs": [
                [
                    -0.4252652318679503,
                    -0.9050687722843489
                ],
                [
                    -0.2934886784815788,
                    -0.9559625492680853
                ],
                [
                    0.5307461814112576,
                    -0.8475308200398192
                ],
                [
                    0.5976493521998143,
                    -0.8017576016572231
                ],
                [
                    0.6197589823483752,
                    0.7847922042161902
                ],
                [
                    0.5107682056032373,
                    0.859718465629795
                ],
                [
                    0.06026082682764325,
                    0.9981826650218129
                ],
                [
                    -0.13642375589951095,
                    0.9906505735254336
                ],
                [
                    -0.13643375626204635,
                    0.9906491963113019
                ],
                [
                    -0.7126753132165401,
                    0.7014940469681167
                ],
                [
                    -0.8091120215533307,
                    0.587654436363653
                ]
            ]
        },
        {
            "Type": "R",
            "Centroid": {
                "x": 93527.332625,
                "y": 440089.10375
            },
            "Distances": [
                0.0
            ],
            "UnitPairs": [
                [
                    0.0,
                    0.0
                ]
            ]
        }
    ],
    "Annual Heating [kWh/m2]": 321.5708418783879,
    "Annual Cooling [kWh/m2]": 1.8540435349664208
}