{
    "Pand ID": "0599100000081426",
    "Archetype ID": "D.1965",
    "Construction Year": 1964,
    "Number of Floors": 2,
    "Wall Area": 307.97,
    "Roof Area (Flat)": 170.27,
    "Roof Area (Sloped)": 0.0,
    "Floor Area": 141.13,
    "Shared Wall Area": 19.79,
    "Absolute Height (70%)": 8.012458801269531,
    "Surfaces": [
        {
            "Type": "G",
            "Centroid": {
                "x": 68746.71127777777,
                "y": 444345.67916666664
            },
            "Distances": [
                12.780897570813293,
                9.32484810388339,
                7.488506262894166,
                3.4743386971826054,
                8.84675679711538,
                2.12141479116288,
                5.09798200210531,
                2.3820193217979706,
                9.02592888074986
            ],
            "UnitPairs": [
                [
                    -0.7683167573607957,
                    -0.6400698089728902
                ],
                [
                    0.029943889608020004,
                    -0.9995515811978603
                ],
                [
                    0.9950211645207154,
                    0.09966384578090114
                ],
                [
                    0.9297372834878209,
                    0.3682235512466406
                ],
                [
                    0.8925555888240639,
                    0.4509373801969941
                ],
                [
                    0.7208501744234453,
                    0.6930909219097364
                ],
                [
                    -0.1659044259898291,
                    0.9861418363688793
                ],
                [
                    -0.49528472207262153,
                    0.8687307086096624
                ],
                [
                    -0.9462491772994329,
                    0.32343854819756146
                ]
            ]
        },
        {
            "Type": "F",
            "Centroid": {
                "x": 68745.77521428572,
                "y": 444344.8613571428
            },
            "Distances": [
                11.399612811176233,
                11.241711497241045,
                11.380647406347602,
                8.589266497125779,
                8.369950372897568,
                8.580452674651664,
                8.415116277225634,
                4.664326834207738,
                10.055739325772242,
                3.3635147372925687,
                5.845840104805041,
                2.8974110048237978,
                8.47336509908583,
                8.414074431022339
            ],
            "UnitPairs": [
                [
                    -0.777369760930612,
                    -0.6290439211936499
                ],
                [
                    -0.7683629212369941,
                    -0.6400143914539366
                ],
                [
                    -0.7606521823086749,
                    -0.6491596548993556
                ],
                [
                    0.14148888204666046,
                    -0.9899398447669365
                ],
                [
                    0.9818798616641106,
                    0.18950445181701472
                ],
                [
                    0.9798184353503153,
                    0.19988955387328294
                ],
                [
                    0.9785112223065019,
                    0.206193568813956
                ],
                [
                    0.8932233658509824,
                    0.4496131878602341
                ],
                [
                    0.8783328036001218,
                    0.4780496690930241
                ],
                [
                    0.7329492827682901,
                    0.6802832857636951
                ],
                [
                    0.01544443786701429,
                    0.9998807275565281
                ],
                [
                    -0.08411450267761392,
                    0.9964560955904167
                ],
                [
                    -0.8974845526894948,
                    0.4410458906777586
                ],
                [
                    -0.9061857424989426,
                    0.42287988849274927
                ]
            ]
        },
        {
            "Type": "R",
            "Centroid": {
                "x": 68737.05649999999,
                "y": 444337.6101666666
            },
            "Distances": [
                0.15007257502991123,
                0.09866328825612834,
                0.16401964652277873
            ],
            "UnitPairs": [
                [
                    0.4131334455545777,
                    -0.9106704981299233
                ],
                [
                    0.8209740566857372,
                    0.5709654965485779
                ],
                [
                    -0.8718467758466457,
                    0.4897787249828323
                ]
            ]
        }
    ],
    "Annual Heating [kWh/m2]": 370.0481739966194,
    "Annual Cooling [kWh/m2]": 1.3856668142138122
}