{
    "Pand ID": "0599100100013055",
    "Archetype ID": "D.2015-2018",
    "Construction Year": 2016,
    "Number of Floors": 2,
    "Wall Area": 316.01,
    "Roof Area (Flat)": 35.48,
    "Roof Area (Sloped)": 278.86,
    "Floor Area": 188.91,
    "Shared Wall Area": 0.0,
    "Absolute Height (70%)": 3.84544038772583,
    "Surfaces": [
        {
            "Type": "G",
            "Centroid": {
                "x": 98216.32472727273,
                "y": 438019.90792424243
            },
            "Distances": [
                8.841307191836007,
                7.861318172290352,
                7.8028196076950564,
                8.222026476222101,
                8.288668419202684,
                8.113623484159532,
                9.462422416162163,
                10.27252794031956,
                9.004036603886561,
                9.326736946673067,
                6.111534954260982,
                5.495407516241786,
                6.510388957331964,
                5.90225326617316,
                7.410260759721169,
                6.898235183609938,
                6.669140940983655,
                6.760695905985791,
                9.998000556761806,
                9.392065863995505,
                9.998336680449793,
                9.579053208707313,
                7.149890832779587,
                7.154131953759288,
                7.620803881477562,
                8.435812093609874,
                6.553228268508598,
                6.648104848187121,
                8.77991227502198,
                7.49961499493665,
                7.929090200386058,
                5.71801333477907,
                5.350644833394374
            ],
            "UnitPairs": [
                [
                    -0.995862611906234,
                    -0.09087165788788958
                ],
                [
                    -0.9359406541592029,
                    -0.35215776562791196
                ],
                [
                    -0.9259123798787406,
                    -0.377738354932732
                ],
                [
                    -0.9210292979016438,
                    -0.3894933021334321
                ],
                [
                    -0.92025967102987,
                    -0.39130823895746863
                ],
                [
                    -0.8650545944653785,
                    -0.5016777338036238
                ],
                [
                    -0.8570455762858866,
                    -0.5152406041538189
                ],
                [
                    -0.5019920415583424,
                    -0.8648722392423562
                ],
                [
                    -0.44943478694642264,
                    -0.8933131434622598
                ],
                [
                    -0.3919620863785935,
                    -0.9199813709210313
                ],
                [
                    -0.04822475449100252,
                    -0.99883650967227
                ],
                [
                    0.10431851060644307,
                    -0.9945439398763904
                ],
                [
                    0.19265711088645443,
                    -0.9812661400582843
                ],
                [
                    0.6475955122380234,
                    -0.7619842862744428
                ],
                [
                    0.9600570017639877,
                    -0.27980449132196317
                ],
                [
                    0.9823197596073112,
                    -0.18721081668812387
                ],
                [
                    0.9878742683008115,
                    -0.15525601447008883
                ],
                [
                    0.9898792698767354,
                    -0.14191205399225734
                ],
                [
                    0.9901252426492108,
                    0.14018560506999805
                ],
                [
                    0.9511509881458656,
                    0.30872608854637384
                ],
                [
                    0.9459846201992081,
                    0.3242115024895936
                ],
                [
                    0.7470751619547846,
                    0.6647395748638955
                ],
                [
                    0.7257834907755505,
                    0.6879231966707159
                ],
                [
                    0.7257725690322865,
                    0.687934719315921
                ],
                [
                    0.5333128618041373,
                    0.8459180760772765
                ],
                [
                    0.35648882335302207,
                    0.934299587297553
                ],
                [
                    0.16484588709641199,
                    0.9863193364764765
                ],
                [
                    0.15030941149326796,
                    0.9886390042965874
                ],
                [
                    -0.06967350624540773,
                    0.9975698484454465
                ],
                [
                    -0.4705211234325455,
                    0.8823887308911958
                ],
                [
                    -0.8375144064320948,
                    0.5464152441309591
                ],
                [
                    -0.909533953180521,
                    0.41562962840949386
                ],
                [
                    -0.9248842759738937,
                    0.38024870289883517
                ]
            ]
        },
        {
            "Type": "F",
            "Centroid": {
                "x": 98216.96768627451,
                "y": 438019.91999019607
            },
            "Distances": [
                9.482816048060897,
                8.470071227183489,
                8.405894927652549,
                8.307043551950644,
                8.822156662732247,
                8.888333244651909,
                8.681483903708434,
                10.024823062615427,
                8.709463441368479,
                10.619976397866035,
                9.321162998937037,
                10.86327656875184,
                4.613125241704221,
                9.607788062601372,
                6.187948599353554,
                5.477933462978375,
                6.429617346389201,
                5.5175662745009255,
                6.7990566030581405,
                6.912420383227256,
                6.27029695840837,
                6.036885869830278,
                6.126825421907676,
                4.9737490520600405,
                9.36002570935927,
                10.01724108361166,
                6.721508882126183,
                8.778782064434662,
                9.388263399195438,
                6.410309926856099,
                6.7980310489679265,
                6.456365943914036,
                9.100316508472824,
                6.693245990386527,
                6.689006424456506,
                5.028658116866776,
                7.287544444145645,
                8.217004560482176,
                1.683930627551408,
                6.466314409680916,
                6.570178715875297,
                2.2955094665796314,
                3.179544452768824,
                8.836043877074665,
                2.3414155692881526,
                8.468700650712565,
                3.588339777444503,
                2.0549365014362575,
                6.303933366376706,
                5.946217394237561,
                1.4311387846910206
            ],