{
    "Pand ID": "0599100000091780",
    "Archetype ID": "D.1965",
    "Construction Year": 1877,
    "Number of Floors": 4,
    "Wall Area": 488.08,
    "Roof Area (Flat)": 0.0,
    "Roof Area (Sloped)": 152.02,
    "Floor Area": 136.9,
    "Shared Wall Area": 0.0,
    "Absolute Height (70%)": 9.565901756286621,
    "Surfaces": [
        {
            "Type": "G",
            "Centroid": {
                "x": 95026.6972037037,
                "y": 437169.3276851852
            },
            "Distances": [
                7.874836744454049,
                6.976944686555291,
                5.285957239425557,
                4.539200648729079,
                4.865933180257664,
                4.35413043279705,
                4.373575752516721,
                3.840320990161635,
                3.575866879088093,
                4.389276795644259,
                3.3175189652936705,
                3.018211785401122,
                7.329981575725222,
                10.278204267979556,
                10.348923730577583,
                8.405609985792093,
                9.87678619062954,
                4.511109214372479,
                6.292045555318012,
                4.2589474412477095,
                4.548470199849004,
                4.846422026099324,
                4.73802759514848,
                6.717439854284999,
                7.504163600554489,
                6.995306909033092,
                7.386036092431309
            ],
            "UnitPairs": [
                [
                    -0.9549028059528317,
                    -0.29691855985001775
                ],
                [
                    -0.9205610754062611,
                    -0.39059865136335054
                ],
                [
                    -0.7254511396915295,
                    -0.6882736693498169
                ],
                [
                    -0.5758070431252607,
                    -0.8175856218692599
                ],
                [
                    -0.5603660392948768,
                    -0.8282450736376116
                ],
                [
                    -0.41815552652996285,
                    -0.9083754486072649
                ],
                [
                    -0.37399688407201276,
                    -0.927429959999366
                ],
                [
                    -0.3329679229889806,
                    -0.9429381539954804
                ],
                [
                    -0.2748155166093923,
                    -0.9614969744261876
                ],
                [
                    -0.241657966239375,
                    -0.9703614931318375
                ],
                [
                    -0.203375989936125,
                    -0.9791007132657504
                ],
                [
                    -0.190080665140307,
                    -0.9817684761387577
                ],
                [
                    0.7256902682980206,
                    -0.6880215363617238
                ],
                [
                    0.8056170202901582,
                    -0.5924366773072096
                ],
                [
                    0.9997461152143845,
                    -0.022532312658632675
                ],
                [
                    0.9985350629505682,
                    0.05410848416195755
                ],
                [
                    0.9469979521457134,
                    0.32123959692389287
                ],
                [
                    0.63095264624198,
                    0.7758213442541027
                ],
                [
                    0.5507424041728518,
                    0.8346752687398298
                ],
                [
                    0.40298602412477313,
                    0.9152061321692004
                ],
                [
                    -0.026976917141614088,
                    0.9996360567434202
                ],
                [
                    -0.16273937751447945,
                    0.9866690909348481
                ],
                [
                    -0.17511584452291568,
                    0.9845478358094267
                ],
                [
                    -0.5202433932439621,
                    0.8540180394968295
                ],
                [
                    -0.5891001234795847,
                    0.808060050068272
                ],
                [
                    -0.6065071567080403,
                    0.7950780269017177
                ],
                [
                    -0.6331818102674194,
                    0.7740030976336424
                ]
            ]
        },
        {
            "Type": "F",
            "Centroid": {
                "x": 95026.76359302326,
                "y": 437169.6038023256
            },
            "Distances": [
                8.023925722949706,
                3.055682743743425,
                7.149555504675327,
                2.2973598816326737,
                1.3425772274695207,
                1.1988558140696866,
                5.526326942246149,
                4.804318728925652,
                5.132797322731365,
                4.633037820826004,
                4.654671212936303,
                4.122892268623713,
                3.859616294085961,
                4.673254312342283,
                4.675798271168662,
                3.6013783127415007,
                3.3019386177450474,
                7.47582831117379,
                10.391599565000401,
                6.813901589227411,
                6.806476232585071,
                10.292515548163921,
                8.328824206220373,
                9.728180642410521,
                4.256772192034001,
                3.1174096256606534,
                6.025789241533577,
                2.531375764820841,
                2.794191717767892,
                2.541283892184009,
                3.22025008884406,
                3.9798099297060503,
                4.274881846001263,
                4.5861198862521535,
                4.4792465865870605,
                6.519248623206969,
                7.323349518432524,
                7.428364445302997,
                6.819595485658878,
                7.217902923357586,
                2.3777903329200996,
                1.5360725462838538,
                2.330562559600535
            ],