{
    "Pand ID": "0599100000214327",
    "Archetype ID": "D.1965",
    "Construction Year": 1927,
    "Number of Floors": 2,
    "Wall Area": 182.42,
    "Roof Area (Flat)": 0.0,
    "Roof Area (Sloped)": 85.38,
    "Floor Area": 66.36,
    "Shared Wall Area": 0.0,
    "Absolute Height (70%)": 5.8320698738098145,
    "Surfaces": [
        {
            "Type": "G",
            "Centroid": {
                "x": 84552.81074999999,
                "y": 431165.86600000004
            },
            "Distances": [
                4.349158950663946,
                4.7745710622139725,
                5.35921967997958,
                5.38382090881127,
                4.774961028964402,
                4.342798271603813,
                6.207249095062847,
                6.230983375683643
            ],
            "UnitPairs": [
                [
                    -0.810702722063957,
                    -0.5854580227805326
                ],
                [
                    -0.29759217770178026,
                    -0.9546930898308168
                ],
                [
                    -0.11566515966961968,
                    -0.9932882617038225
                ],
                [
                    0.9863115972734069,
                    0.16489218624295293
                ],
                [
                    0.9367877502812227,
                    0.34989814364046756
                ],
                [
                    0.5469111967590412,
                    0.8371906251622706
                ],
                [
                    -0.058137670080860966,
                    0.9983085751998572
                ],
                [
                    -0.9999826069685508,
                    0.005897945437250599
                ]
            ]
        },
        {
            "Type": "F",
            "Centroid": {
                "x": 84552.47144642856,
                "y": 431165.3466071429
            },
            "Distances": [
                3.776557605402461,
                4.181167752606759,
                4.812043617378858,
                5.822035228689281,
                5.2873617702788955,
                6.716177499460636,
                5.917762142521032
            ],
            "UnitPairs": [
                [
                    -0.8437767304299426,
                    -0.5366943535989138
                ],
                [
                    -0.25867687989715027,
                    -0.9659639081283914
                ],
                [
                    -0.05830608591136853,
                    -0.9982987530522595
                ],
                [
                    0.9703528662262544,
                    0.2416926043686337
                ],
                [
                    0.9101757701696838,
                    0.4142222439657521
                ],
                [
                    -0.003211860999051478,
                    0.9999948419611587
                ],
                [
                    -0.9955742198956806,
                    0.09397857563884934
                ]
            ]
        },
        {
            "Type": "R",
            "Centroid": {
                "x": 84555.185875,
                "y": 431169.50175
            },
            "Distances": [
                0.0
            ],
            "UnitPairs": [
                [
                    0.0,
                    0.0
                ]
            ]
        }
    ],
    "Annual Heating [kWh/m2]": 412.2726600915554,
    "Annual Cooling [kWh/m2]": 2.112592895816237
}