{
    "Pand ID": "0599100100016751",
    "Archetype ID": "D.2015-2018",
    "Construction Year": 2017,
    "Number of Floors": 2,
    "Wall Area": 454.08,
    "Roof Area (Flat)": 149.43,
    "Roof Area (Sloped)": 0.0,
    "Floor Area": 162.38,
    "Shared Wall Area": 0.0,
    "Absolute Height (70%)": 5.646567344665527,
    "Surfaces": [
        {
            "Type": "G",
            "Centroid": {
                "x": 95682.89758333332,
                "y": 436319.5918333333
            },
            "Distances": [
                9.283036788354062,
                3.244890909396403,
                3.166523305972338,
                3.4904402559780463,
                7.216383282553484,
                3.1310107814775976,
                3.0641193156760815,
                3.3957195625338144,
                10.24462871527949,
                7.708947897127112,
                7.565382432322634,
                2.326637490862159,
                8.528554440655654,
                8.476570209342102,
                8.589326730344114,
                4.208168130430019,
                4.3571169191808234,
                7.707018523016092,
                7.639191952090255,
                9.40319916379235,
                1.5863693917776247,
                2.1078772925849765,
                6.3939100202536,
                8.40067186879118
            ],
            "UnitPairs": [
                [
                    -0.8992836637040564,
                    -0.4373658562290952
                ],
                [
                    -0.8703168803449881,
                    -0.4924921601270093
                ],
                [
                    -0.85522292800545,
                    -0.5182603046865396
                ],
                [
                    -0.8268536693582061,
                    -0.5624171134210538
                ],
                [
                    -0.662254642832161,
                    -0.7492788453221182
                ],
                [
                    0.236638171628072,
                    -0.9715978467084636
                ],
                [
                    0.2571429456539212,
                    -0.9663733778930506
                ],
                [
                    0.3763316266669881,
                    -0.9264850278175999
                ],
                [
                    0.4715560515597809,
                    -0.8818360903463575
                ],
                [
                    0.9486270713267504,
                    -0.31639639622794735
                ],
                [
                    0.9489165591946551,
                    -0.3155271203655506
                ],
                [
                    0.9769105310111523,
                    -0.21364881090122742
                ],
                [
                    0.9925382695937045,
                    0.12193352037866736
                ],
                [
                    0.9921367320714704,
                    0.12515871873163079
                ],
                [
                    0.9886591735608267,
                    0.15017669104765588
                ],
                [
                    0.447205674378091,
                    0.8944311515170057
                ],
                [
                    0.4440818785806217,
                    0.8959862081060768
                ],
                [
                    -0.5758495740049513,
                    0.8175556666786159
                ],
                [
                    -0.5856749459097189,
                    0.8105460244388643
                ],
                [
                    -0.6749919067721768,
                    0.7378251322583563
                ],
                [
                    -0.8403360152059907,
                    0.5420658461365343
                ],
                [
                    -0.8682115129623512,
                    0.4961942852952109
                ],
                [
                    -0.9179177240112552,
                    0.3967707801060926
                ],
                [
                    -0.9224361401516874,
                    0.3861496696127766
                ]
            ]
        },
        {
            "Type": "F",
            "Centroid": {
                "x": 95682.73360714284,
                "y": 436320.0288214286
            },
            "Distances": [
                9.338268638236045,
                3.3492813753177586,
                3.2849447509542538,
                3.6290784174014847,
                7.446635804375661,
                3.5948253209549157,
                3.528879346996825,
                3.862312244532207,
                10.707480967083544,
                8.010974576159663,
                7.867239347164555,
                2.6097770462182472,
                8.64993149119107,
                8.596564755067515,
                8.753420532379877,
                8.697813995615137,
                3.905653761159015,
                4.052770033569478,
                7.256283494946321,
                7.190008793099667,
                9.004882025966435,
                8.971782778813898,
                1.2300677458602784,
                5.958695663994202,
                8.087811717223943,
                6.079304854685741,
                1.773895999355879,
                1.2432538308525418
            ],