{
    "Pand ID": "0599100000766426",
    "Archetype ID": "D.2006-2014",
    "Construction Year": 2010,
    "Number of Floors": 3,
    "Wall Area": 467.35,
    "Roof Area (Flat)": 145.6,
    "Roof Area (Sloped)": 0.0,
    "Floor Area": 139.47,
    "Shared Wall Area": 0.0,
    "Absolute Height (70%)": 10.72655200958252,
    "Surfaces": [
        {
            "Type": "G",
            "Centroid": {
                "x": 68884.11162499999,
                "y": 445702.52956249996
            },
            "Distances": [
                5.9377132625923625,
                5.901525547583127,
                6.894496829995807,
                6.89799100562423,
                5.906778238929773,
                5.9430657735524,
                9.39643471159032,
                3.0237866432798675,
                11.078361015477174,
                5.327671762982568,
                6.453994367018897,
                6.466535406586469,
                5.343611610086912,
                11.082956968464233,
                9.426386465101574,
                2.971893468660892
            ],
            "UnitPairs": [
                [
                    -0.9028412560373031,
                    -0.4299740299099293
                ],
                [
                    -0.8983799963664789,
                    -0.4392190593867317
                ],
                [
                    -0.8648655075246982,
                    -0.5020036393235076
                ],
                [
                    -0.12247225305320378,
                    -0.9924719377554572
                ],
                [
                    -0.051095959216016944,
                    -0.9986937483291838
                ],
                [
                    -0.041024701606850254,
                    -0.99915813255864
                ],
                [
                    0.8354432016990866,
                    -0.549576797849745
                ],
                [
                    0.8384148086768558,
                    -0.5450326674533841
                ],
                [
                    0.9996232732024246,
                    -0.0274465238613336
                ],
                [
                    0.899302305612919,
                    0.4373275238528761
                ],
                [
                    0.8519046016069137,
                    0.5236970018636404
                ],
                [
                    0.1463206246476542,
                    0.9892372186703855
                ],
                [
                    0.046071368573287974,
                    0.9989381507369635
                ],
                [
                    -0.4162979711216098,
                    0.9092282437540266
                ],
                [
                    -0.8316879993218482,
                    0.5552432546047013
                ],
                [
                    -0.8317298470010239,
                    0.5551805666696678
                ]
            ]
        },
        {
            "Type": "F",
            "Centroid": {
                "x": 68884.64073355263,
                "y": 445702.7579736842
            },
            "Distances": [
                3.772538935534785,
                3.0644276222044717,
                6.513659943687685,
                6.477245720610859,
                7.467078077801717,
                2.33253004020873,
                7.082731518026035,
                6.650008355244284,
                6.755119860958404,
                6.183555898211407,
                6.214724825077442,
                2.873426575194057,
                2.7469084860263875,
                5.0018279099630805,
                9.092687687837149,
                4.972033277718724,
                5.0965479358159325,
                4.953466746588837,
                10.445095188351567,
                6.105466297036384,
                7.3269425567999455,
                6.992358864787584,
                4.752023759354883,
                4.781031398195948,
                5.8842045940453,
                6.182610432285134,
                5.4092087532464905,
                5.117353172694649,
                6.972661880836677,
                11.110495378115477,
                4.928245766603122,
                4.4231885283344115,
                9.751622084745392,
                4.351062576719041,
                4.338962247891108,
                3.320581911448591,
                3.359743461240467,
                3.9409409601887915
            ],