{
    "Pand ID": "0599100000255296",
    "Archetype ID": "D.1965-1974",
    "Construction Year": 1970,
    "Number of Floors": 1,
    "Wall Area": 205.72,
    "Roof Area (Flat)": 166.26,
    "Roof Area (Sloped)": 0.0,
    "Floor Area": 166.26,
    "Shared Wall Area": 0.0,
    "Absolute Height (70%)": -1.6362847089767456,
    "Surfaces": [
        {
            "Type": "G",
            "Centroid": {
                "x": 91384.6835,
                "y": 440535.737875
            },
            "Distances": [
                7.709646653065944,
                4.236170088111822,
                10.854262055297813,
                8.647926443113786,
                7.891801601414832,
                4.007448909926779,
                11.16787267191669,
                8.91757413853092
            ],
            "UnitPairs": [
                [
                    -0.8373276092269666,
                    -0.546701449445904
                ],
                [
                    -0.6981542144139359,
                    -0.7159474093088543
                ],
                [
                    -0.4193283685996759,
                    -0.9078346321261017
                ],
                [
                    0.6853087892208635,
                    -0.7282526096188288
                ],
                [
                    0.8543676514623455,
                    0.5196690448109414
                ],
                [
                    0.724525768203343,
                    0.68924771396745
                ],
                [
                    0.4145373193277527,
                    0.9100323130991342
                ],
                [
                    -0.6994615243008762,
                    0.7146702568476563
                ]
            ]
        },
        {
            "Type": "F",
            "Centroid": {
                "x": 91384.6835,
                "y": 440535.737875
            },
            "Distances": [
                7.709646653065944,
                4.236170088111822,
                10.854262055297813,
                8.647926443113786,
                7.891801601414832,
                4.007448909926779,
                11.16787267191669,
                8.91757413853092
            ],
            "UnitPairs": [
                [
                    -0.8373276092269666,
                    -0.546701449445904
                ],
                [
                    -0.6981542144139359,
                    -0.7159474093088543
                ],
                [
                    -0.4193283685996759,
                    -0.9078346321261017
                ],
                [
                    0.6853087892208635,
                    -0.7282526096188288
                ],
                [
                    0.8543676514623455,
                    0.5196690448109414
                ],
                [
                    0.724525768203343,
                    0.68924771396745
                ],
                [
                    0.4145373193277527,
                    0.9100323130991342
                ],
                [
                    -0.6994615243008762,
                    0.7146702568476563
                ]
            ]
        },
        {
            "Type": "R",
            "Centroid": {
                "x": 91384.6835,
                "y": 440535.737875
            },
            "Distances": [
                7.709646653065944,
                4.236170088111822,
                10.854262055297813,
                8.647926443113786,
                7.891801601414832,
                4.007448909926779,
                11.16787267191669,
                8.91757413853092
            ],
            "UnitPairs": [
                [
                    -0.8373276092269666,
                    -0.546701449445904
                ],
                [
                    -0.6981542144139359,
                    -0.7159474093088543
                ],
                [
                    -0.4193283685996759,
                    -0.9078346321261017
                ],
                [
                    0.6853087892208635,
                    -0.7282526096188288
                ],
                [
                    0.8543676514623455,
                    0.5196690448109414
                ],
                [
                    0.724525768203343,
                    0.68924771396745
                ],
                [
                    0.4145373193277527,
                    0.9100323130991342
                ],
                [
                    -0.6994615243008762,
                    0.7146702568476563
                ]
            ]
        }
    ],
    "Annual Heating [kWh/m2]": 629.0083146220503,
    "Annual Cooling [kWh/m2]": 2.660143463120056
}