{
    "Pand ID": "0599100000256110",
    "Archetype ID": "D.1965",
    "Construction Year": 1923,
    "Number of Floors": 3,
    "Wall Area": 252.34,
    "Roof Area (Flat)": 0.0,
    "Roof Area (Sloped)": 96.25,
    "Floor Area": 68.77,
    "Shared Wall Area": 0.0,
    "Absolute Height (70%)": 6.261444091796875,
    "Surfaces": [
        {
            "Type": "G",
            "Centroid": {
                "x": 92719.49160833332,
                "y": 439877.5668833333
            },
            "Distances": [
                5.084920381767296,
                4.906340308427195,
                5.427929699449723,
                8.756421355522546,
                8.674853160463455,
                7.930428388322553,
                7.5985162952371414,
                1.7725370956811612,
                2.6361742144538396,
                3.286854801946758,
                3.3501088970871993,
                3.851014319490488,
                4.030342742528685,
                4.117146077348175,
                3.768576206219097
            ],
            "UnitPairs": [
                [
                    -0.8990766796906169,
                    -0.43779118770995806
                ],
                [
                    -0.8910375266489152,
                    -0.45392964884812703
                ],
                [
                    -0.845761383718017,
                    -0.5335613196356959
                ],
                [
                    0.7091100821405881,
                    -0.7050977885418223
                ],
                [
                    0.7217720635554511,
                    -0.6921308317586392
                ],
                [
                    0.9974576755930213,
                    -0.07126138786584886
                ],
                [
                    0.9981246827655182,
                    -0.06121370479095075
                ],
                [
                    0.3273650340436961,
                    0.944897949244028
                ],
                [
                    0.01527466070224151,
                    0.9998833355649205
                ],
                [
                    -0.3832640652635485,
                    0.9236388126739037
                ],
                [
                    -0.6569139693473127,
                    0.7539655409077778
                ],
                [
                    -0.7171443947483569,
                    0.6969246136283413
                ],
                [
                    -0.7336183352659871,
                    0.6795617250563498
                ],
                [
                    -0.7407396473245951,
                    0.6717922110901811
                ],
                [
                    -0.7490185096062423,
                    0.662549071591866
                ]
            ]
        },
        {
            "Type": "F",
            "Centroid": {
                "x": 92720.00474456522,
                "y": 439876.7891847826
            },
            "Distances": [
                1.73358439604607,
                5.28714117599006,
                5.095371611392092,
                4.389482448138228,
                5.663329953522634,
                5.526051978309176,
                7.846490316876268,
                7.7001498340532155,
                7.768952569818661,
                4.382876248083237,
                4.680678619230914,
                6.607387379936278,
                7.400183959929115,
                7.078035224606337,
                2.453483776353117,
                3.446162085444692,
                4.205513781076677,
                4.27535158352696,
                4.7652076999368385,
                4.9402657547832804,
                5.0250267649756495,
                4.674484262350873,
                1.9882250850107275
            ],
            "UnitPairs": [
                [
                    -0.9961266201721071,
                    -0.08793040762156591
                ],
                [
                    -0.9617427255991028,
                    -0.27395424756190384
                ],
                [
                    -0.9586875968557087,
                    -0.28446105468943617
                ],
                [
                    -0.9435895038107222,
                    -0.3311175747347687
                ],
                [
                    -0.9310546283708591,
                    -0.3648798144447039
                ],
                [
                    -0.9236014400982537,
                    -0.38335411807939646
                ],
                [
                    0.7259462772199551,
                    -0.6877514104605589
                ],
                [
                    0.7368857174295775,
                    -0.6760173366477349
                ],
                [
                    0.7398848664755027,
                    -0.6727335166026199
                ],
                [
                    0.9026333874971257,
                    -0.4304102319595384
                ],
                [
                    0.9584359020837924,
                    -0.2853079416995383
                ],
                [
                    0.9995070751910797,
                    -0.031394372791524246
                ],
                [
                    0.9995873717240049,
                    0.02872431530769754
                ],
                [
                    0.999024476481329,
                    0.044159884411153205
                ],
                [
                    0.027361271113730472,
                    0.9996256103377108
                ],
                [
                    -0.13721628684062354,
                    0.9905411100129422
                ],
                [
                    -0.4215583772893234,
                    0.9068012651828362
                ],
                [
                    -0.634771085419349,
                    0.7727002453186758
                ],
                [
                    -0.6872459232480275,
                    0.7264248350510644
                ],
                [
                    -0.702364961208631,
                    0.7118170138921929
                ],
                [
                    -0.7090249926717421,
                    0.7051833518786699
                ],
                [
                    -0.7136337140079606,
                    0.7005190377364517
                ],
                [
                    -0.9465073041290782,
                    0.32268238754277334
                ]
            ]
        },
        {
            "Type": "R",
            "Centroid": {
                "x": 92718.277875,
                "y": 439876.63675
            },
            "Distances": [
                0.0
            ],
            "UnitPairs": [
                [
                    0.0,
                    0.0
                ]
            ]
        }
    ],
    "Annual Heating [kWh/m2]": 310.0113108340124,
    "Annual Cooling [kWh/m2]": 1.5332551174302131
}