{
    "Pand ID": "0599100000403043",
    "Archetype ID": "D.1992-2005",
    "Construction Year": 2004,
    "Number of Floors": 2,
    "Wall Area": 169.66,
    "Roof Area (Flat)": 0.0,
    "Roof Area (Sloped)": 178.06,
    "Floor Area": 137.4,
    "Shared Wall Area": 0.0,
    "Absolute Height (70%)": 0.5818886756896973,
    "Surfaces": [
        {
            "Type": "G",
            "Centroid": {
                "x": 100272.33054166667,
                "y": 444867.45875
            },
            "Distances": [
                3.8650422629538483,
                4.1948789050173705,
                4.8068808349246455,
                10.671672035254089,
                10.61953038955339,
                10.933049469136568,
                10.748348897755308,
                10.829201033685942,
                10.895548190036084,
                6.973684656944078,
                6.804319634903828,
                6.988405804899889,
                7.459988116205675,
                6.638087954689176,
                5.592241562599121,
                5.468477151909347,
                8.737519329166021,
                8.447954132672262
            ],
            "UnitPairs": [
                [
                    -0.9991266340546252,
                    -0.0417847953527942
                ],
                [
                    -0.9973271604241322,
                    -0.07306527958160079
                ],
                [
                    -0.9928822516246344,
                    -0.11910010247181174
                ],
                [
                    0.07996247734315232,
                    -0.9967978743040866
                ],
                [
                    0.0940091790046299,
                    -0.9955713305749997
                ],
                [
                    0.7353239694038421,
                    -0.6777157663948638
                ],
                [
                    0.7403307623369955,
                    -0.6722427852625293
                ],
                [
                    0.7422831387399423,
                    -0.6700863690169944
                ],
                [
                    0.7517137449607266,
                    -0.6594895341376691
                ],
                [
                    0.27565532826631733,
                    0.9612565422395776
                ],
                [
                    0.2736986845510456,
                    0.9618154865019731
                ],
                [
                    0.2527519698547795,
                    0.9675311063394958
                ],
                [
                    -0.4826638609307505,
                    0.8758056846991924
                ],
                [
                    -0.4913563497383419,
                    0.8709586313779847
                ],
                [
                    -0.5059986474112237,
                    0.8625342710976834
                ],
                [
                    -0.507941532807091,
                    0.8613915481647025
                ],
                [
                    -0.828686769538268,
                    0.5597126387640621
                ],
                [
                    -0.8404007118366935,
                    0.5419655372294245
                ]
            ]
        },
        {
            "Type": "F",
            "Centroid": {
                "x": 100271.44768145162,
                "y": 444868.21547580644
            },
            "Distances": [
                3.653759909409349,
                3.117118301863319,
                3.4678195377731136,
                4.110649033384793,
                11.525742916016766,
                11.484347893557683,
                7.19557654385951,
                12.095155296103544,
                11.910707401246428,
                11.991642179162165,
                12.188428466211784,
                12.05826653907359,
                6.40581124707308,
                6.5751984116809465,
                6.6511797225026985,
                6.563195835250121,
                6.384167290356697,
                5.559413263124552,
                4.508736818820752,
                4.38436105522154,
                5.709505053777799,
                3.7020505335480274,
                2.226610426556414,
                4.871169783129245,
                7.0480993611295,
                3.835762067292597,
                7.583521079242749,
                7.2975777106751245,
                3.3218160100311924,
                2.980106053230138,
                2.6437349175567033
            ],