{
    "Pand ID": "0599100000155763",
    "Archetype ID": "D.1965-1974",
    "Construction Year": 1965,
    "Number of Floors": 4,
    "Wall Area": 248.81,
    "Roof Area (Flat)": 0.0,
    "Roof Area (Sloped)": 116.08,
    "Floor Area": 87.76,
    "Shared Wall Area": 20.33,
    "Absolute Height (70%)": 7.364400863647461,
    "Surfaces": [
        {
            "Type": "G",
            "Centroid": {
                "x": 84036.29330357142,
                "y": 431671.02132142853
            },
            "Distances": [
                7.405491037736711,
                5.840064977262663,
                7.094883494151917,
                5.929607582452054,
                4.842482075683972,
                4.393033699139779,
                6.303671895623618
            ],
            "UnitPairs": [
                [
                    -0.8834564160683637,
                    -0.46851335189900656
                ],
                [
                    -0.4635956246993465,
                    -0.8860468930929235
                ],
                [
                    0.18711673414572003,
                    -0.9823376852196194
                ],
                [
                    0.9136475480458063,
                    0.4065072667860762
                ],
                [
                    0.7410603431220383,
                    0.6714384319145329
                ],
                [
                    0.3204098864180011,
                    0.947279000445805
                ],
                [
                    -0.3952344939063543,
                    0.9185802604163602
                ]
            ]
        },
        {
            "Type": "F",
            "Centroid": {
                "x": 84036.05870833334,
                "y": 431670.32775
            },
            "Distances": [
                6.891657083841354,
                5.118033381554169,
                6.467498797415269,
                6.448395461487261,
                5.493598853308418,
                6.865533678775471
            ],
            "UnitPairs": [
                [
                    -0.9152854323134318,
                    -0.40280588053653604
                ],
                [
                    -0.4831608449928363,
                    -0.8755316087188448
                ],
                [
                    0.24154108343707828,
                    -0.970390594045533
                ],
                [
                    0.8765229583737604,
                    0.48136005592873105
                ],
                [
                    0.6959311680269222,
                    0.7181084941488186
                ],
                [
                    -0.32871928664625427,
                    0.9444276735604361
                ]
            ]
        },
        {
            "Type": "R",
            "Centroid": {
                "x": 84037.700875,
                "y": 431675.18275
            },
            "Distances": [
                0.0
            ],
            "UnitPairs": [
                [
                    0.0,
                    0.0
                ]
            ]
        }
    ],
    "Annual Heating [kWh/m2]": 211.37888524584054,
    "Annual Cooling [kWh/m2]": 1.111761543071351
}