{
    "Pand ID": "0599100100016184",
    "Archetype ID": "D.2015-2018",
    "Construction Year": 2018,
    "Number of Floors": 3,
    "Wall Area": 297.99,
    "Roof Area (Flat)": 33.06,
    "Roof Area (Sloped)": 95.85,
    "Floor Area": 96.97,
    "Shared Wall Area": 0.0,
    "Absolute Height (70%)": 3.75075101852417,
    "Surfaces": [
        {
            "Type": "G",
            "Centroid": {
                "x": 90934.0044347826,
                "y": 440242.81108695647
            },
            "Distances": [
                5.438409340290838,
                5.230098309447887,
                5.295303856735353,
                2.611720293574361,
                2.556876937689833,
                3.7569729403466554,
                4.942398693813825,
                4.8561479434285815,
                4.75206547091686,
                5.744403020849063,
                5.645103332192832,
                5.738790099426216,
                6.746488308812239,
                6.781155959943547,
                7.399127667582934,
                7.066853526335938,
                7.870295272440354,
                6.225470404904057,
                6.777137370298943,
                6.394284977302222,
                5.1462215625535475,
                5.339431807120991,
                7.081815416119267
            ],
            "UnitPairs": [
                [
                    -0.6043007388664927,
                    -0.7967563096740501
                ],
                [
                    -0.5935710189236884,
                    -0.8047816135411485
                ],
                [
                    -0.5702099188818172,
                    -0.8214990252025816
                ],
                [
                    -0.0901454811923125,
                    -0.9959286079938694
                ],
                [
                    -0.06118197567514708,
                    -0.9981266281652271
                ],
                [
                    0.15240067642002267,
                    -0.9883187915985001
                ],
                [
                    0.26982145715365247,
                    -0.9629103703146413
                ],
                [
                    0.5905020297578127,
                    -0.8070361533735048
                ],
                [
                    0.591651195592532,
                    -0.8061940602323534
                ],
                [
                    0.9014975444106097,
                    -0.43278421577229537
                ],
                [
                    0.9061951422958255,
                    -0.42285974516315517
                ],
                [
                    0.916319490048579,
                    -0.40044798932834214
                ],
                [
                    0.9786669620067584,
                    -0.20545310286404075
                ],
                [
                    0.9797098395377614,
                    -0.20042113240098686
                ],
                [
                    0.1623928213410434,
                    0.986726188755977
                ],
                [
                    0.09347373833944757,
                    0.9956217455644731
                ],
                [
                    0.009855439307629141,
                    0.9999514339786977
                ],
                [
                    -0.6509443494273429,
                    0.7591254533663149
                ],
                [
                    -0.6969660676057966,
                    0.7171041072299839
                ],
                [
                    -0.7147687034334648,
                    0.6993609229804333
                ],
                [
                    -0.7544243354875565,
                    0.6563870215232466
                ],
                [
                    -0.817396857992292,
                    0.5760749747596478
                ],
                [
                    -0.9783416222390011,
                    0.20699678788512596
                ]
            ]
        },
        {
            "Type": "F",
            "Centroid": {
                "x": 90934.17269811321,
                "y": 440243.70441509434
            },
            "Distances": [
                6.265010278656429,
                6.061781316993491,
                6.331798979777485,
                6.136352427329966,
                2.7363184672310967,
                2.098715703236682,
                3.3201360621014824,
                3.517656751022538,
                3.4606811521566074,
                2.8364686387971076,
                4.62412370477363,
                5.801971595550769,
                5.771284509228948,
                5.413607193780547,
                5.517750421716846,
                2.3984212691271853,
                1.530884162840507,
                1.62695651716862,
                6.043473452957766,
                5.936069335021569,
                6.008019940318338,
                2.0938177641664137,
                6.826124372055562,
                6.902614947436407,
                6.85586670541016,
                1.4084965285719788,
                4.005703525614568,
                4.050059908615715,
                2.2402791224412697,
                3.9912300178937885,
                1.868364893876433,
                3.2069918161471525,
                3.0834470723965697,
                6.490366485244833,
                6.162281271663466,
                7.3360400324667205,
                5.935989464611158,
                6.977174434781857,
                2.417339450316999,
                3.177007687805856,
                2.894677115479087,
                2.166915062025921,
                4.170626582870581,
                5.7011402036768475,
                6.297817577886614,
                6.322737762277267,
                4.41397494874993,
                5.938141942996369,
                4.751980361683499,
                5.030807992346014,
                4.952900587106701,
                2.605830686237873,
                7.11975965775524
            ],