{
    "Pand ID": "0599100000168898",
    "Archetype ID": "D.1992-2005",
    "Construction Year": 1994,
    "Number of Floors": 3,
    "Wall Area": 312.68,
    "Roof Area (Flat)": 132.76,
    "Roof Area (Sloped)": 0.0,
    "Floor Area": 119.62,
    "Shared Wall Area": 0.0,
    "Absolute Height (70%)": 6.894166469573975,
    "Surfaces": [
        {
            "Type": "G",
            "Centroid": {
                "x": 97315.42095833331,
                "y": 437500.8334583333
            },
            "Distances": [
                7.158363887788734,
                6.613724080780517,
                6.80528724350276,
                4.502471049312965,
                4.381450307849139,
                5.9477154339720775,
                7.446327884715821,
                6.9945272570719235,
                7.786858334183625,
                8.377627740031668,
                8.71398095306359,
                8.82219662085872,
                9.77950417372677,
                4.886848273771143,
                5.022630947404434,
                6.675194114561998,
                6.605535321511684,
                6.681269849399003,
                6.311449434754851,
                5.576841516537398,
                6.005612164224017,
                6.00357818725315,
                6.5338128901690355,
                6.3483828557796755
            ],
            "UnitPairs": [
                [
                    -0.9767013025488093,
                    -0.21460327490385483
                ],
                [
                    -0.9645977448397671,
                    -0.2637255972597946
                ],
                [
                    -0.9370042887468589,
                    -0.34931785363761914
                ],
                [
                    0.2179728988654526,
                    -0.9759548223971186
                ],
                [
                    0.232666490556964,
                    -0.9725565814758061
                ],
                [
                    0.5399412097532569,
                    -0.8417027325666642
                ],
                [
                    0.6739451638939841,
                    -0.7387813723043584
                ],
                [
                    0.7517901458403473,
                    -0.6594024390441313
                ],
                [
                    0.7999910104100391,
                    -0.6000119859328853
                ],
                [
                    0.85446822045832,
                    -0.5195036671928236
                ],
                [
                    0.9052598013666414,
                    -0.42485843763497133
                ],
                [
                    0.9462968266810504,
                    -0.32329911198977046
                ],
                [
                    0.9823009935907328,
                    0.18730925762134473
                ],
                [
                    0.6749578627987917,
                    0.7378562756025644
                ],
                [
                    0.665073086526396,
                    0.7467782733705186
                ],
                [
                    -0.5356523378884229,
                    0.8444386140594631
                ],
                [
                    -0.5437232803246816,
                    0.8392645556872801
                ],
                [
                    -0.5520781852050965,
                    0.8337923467030908
                ],
                [
                    -0.6630146334181085,
                    0.7486064359017035
                ],
                [
                    -0.8292477596161992,
                    0.5588811619400982
                ],
                [
                    -0.8414768045515209,
                    0.5402932420470957
                ],
                [
                    -0.8484245852140824,
                    0.5293162789904655
                ],
                [
                    -0.8613015750401488,
                    0.508094082659264
                ],
                [
                    -0.9721504631208426,
                    0.23435758373462343
                ]
            ]
        },
        {
            "Type": "F",
            "Centroid": {
                "x": 97315.478175,
                "y": 437501.17764999997
            },
            "Distances": [
                7.295305723540868,
                6.767112294027588,
                7.64153874557338,
                6.985685392277458,
                4.827688908756664,
                4.704841973966055,
                6.210938560312966,
                7.6669554974450325,
                7.184593405309994,
                7.9536357598050875,
                8.513707441544426,
                8.81481970320117,
                8.88599855953012,
                6.094232978807031,
                9.66437656550412,
                9.747694619757677,
                2.6473226097246743,
                4.598196603039381,
                4.7312076470869755,
                6.419412013564923,
                6.352132051515447,
                6.430269450028848,
                6.6891920737795045,
                6.097747420180629,
                5.441191229886741,
                5.87654294632989,
                5.878777900219011,
                6.435354737693257,
                6.41647460838598,
                6.332911684208771
            ],