{
    "Pand ID": "0599100000028002",
    "Archetype ID": "D.1965",
    "Construction Year": 1923,
    "Number of Floors": 2,
    "Wall Area": 319.71,
    "Roof Area (Flat)": 32.79,
    "Roof Area (Sloped)": 188.19,
    "Floor Area": 160.73,
    "Shared Wall Area": 0.0,
    "Absolute Height (70%)": 4.557078838348389,
    "Surfaces": [
        {
            "Type": "G",
            "Centroid": {
                "x": 94142.81834090909,
                "y": 432325.13045454543
            },
            "Distances": [
                5.3886965544157075,
                8.172107884906259,
                6.672905957601138,
                6.589864553100168,
                11.115179465727007,
                5.539992313037025,
                8.6268849118726,
                6.949696612809406,
                6.0978614814229735,
                5.031262475890655,
                9.1239734173026,
                8.770694800492366,
                9.816749277332047,
                6.623593889320596,
                6.191041402475077,
                7.37135440320445,
                6.6968744277646435,
                6.878179900075639,
                7.787914670801217,
                7.615407409366448,
                7.731331039791107,
                5.577047729219352
            ],
            "UnitPairs": [
                [
                    -0.8221080672006738,
                    -0.5693314727323375
                ],
                [
                    -0.6561453892435775,
                    -0.7546344997244655
                ],
                [
                    -0.5495493166530682,
                    -0.8354612789149152
                ],
                [
                    -0.5412995791250297,
                    -0.8408298077726941
                ],
                [
                    -0.34908036537397336,
                    -0.9370927907685414
                ],
                [
                    0.13409929995125505,
                    -0.9909678994561748
                ],
                [
                    0.20539384830207189,
                    -0.9786793995377983
                ],
                [
                    0.8464986917658925,
                    -0.5323908008583847
                ],
                [
                    0.9027606002016694,
                    -0.43014334671539634
                ],
                [
                    0.9804515495969397,
                    -0.1967606639879011
                ],
                [
                    0.9986777332822925,
                    0.051408025114202546
                ],
                [
                    0.928536367546895,
                    0.3712414499255404
                ],
                [
                    0.6949254685218499,
                    0.7190817708714965
                ],
                [
                    0.4840135347195654,
                    0.875060511169526
                ],
                [
                    0.4267309680504312,
                    0.9043786159052755
                ],
                [
                    0.2879944410209598,
                    0.957632080676616
                ],
                [
                    0.13557206435633412,
                    0.9907674880445776
                ],
                [
                    -0.7560271735591733,
                    0.6545402301158637
                ],
                [
                    -0.8595485687830566,
                    0.511054065538079
                ],
                [
                    -0.8703527668045011,
                    0.49242873729682934
                ],
                [
                    -0.8782563926102007,
                    0.4781900342325392
                ],
                [
                    -0.9992905170766155,
                    0.0376624810753388
                ]
            ]
        },
        {
            "Type": "F",
            "Centroid": {
                "x": 94143.69075,
                "y": 432325.64900000003
            },
            "Distances": [
                6.452878621208324,
                4.723974227275443,
                4.66857671030543,
                4.688860895787009,
                6.401522358013371,
                9.141383948843796,
                7.5985394978377565,
                7.511770796578421,
                7.655240851903492,
                5.941086306430887,
                4.884188827268123,
                6.367268056251239,
                11.922648468386745,
                6.009895381839316,
                9.006529992211675,
                2.491940709627812,
                4.576743001324254,
                4.906887659223967,
                6.549874235447962,
                5.5972384709099545,
                4.331654706947468,
                4.049260735005927,
                5.788118563071082,
                4.122249204016985,
                6.521789976688511,
                8.239648687909991,
                3.5547037148064726,
                2.044129765937047,
                2.2202870309917313,
                3.3892858392350074,
                6.997349391013104,
                7.769724480312896,
                7.107240146492408,
                4.868841597338026,
                2.0781882734565804,
                3.4597315647307854,
                2.161300187376778,
                2.2154183577755817,
                2.5307920696669557,
                8.841645237132296,
                2.32432925808052,
                5.770375074437786,
                5.379833687006396,
                6.6589706786633425,
                5.715782054931693,
                6.063727277827613,
                6.1166030195962025,
                5.460325127664325,
                2.5651807928179657,
                7.262473993049559,
                6.769574912781371,
                6.8615307694300425,
                8.320691347468953,
                8.453996835804343,
                8.167012458658524,
                8.29558729082751
            ],