{
    "Pand ID": "0599100000276951",
    "Archetype ID": "D.1965",
    "Construction Year": 1916,
    "Number of Floors": 2,
    "Wall Area": 306.37,
    "Roof Area (Flat)": 0.0,
    "Roof Area (Sloped)": 145.9,
    "Floor Area": 118.89,
    "Shared Wall Area": 0.0,
    "Absolute Height (70%)": 6.7548041343688965,
    "Surfaces": [
        {
            "Type": "G",
            "Centroid": {
                "x": 86179.6843125,
                "y": 434047.2345
            },
            "Distances": [
                4.972507378458807,
                5.2568586512092494,
                5.478247210916557,
                2.925840884063603,
                6.5416417571511305,
                4.573127978063421,
                6.59889941611287,
                2.3889171980268262,
                8.63725928050274,
                8.206804204700674,
                8.582953163333935,
                8.100096689495578,
                8.725199467875806,
                8.211833664211882,
                7.573324658228142,
                7.907413547050106
            ],
            "UnitPairs": [
                [
                    -0.998502791871389,
                    -0.0547007735323885
                ],
                [
                    -0.9387854662704577,
                    -0.3445023197590394
                ],
                [
                    -0.898839046580909,
                    -0.43827887051684644
                ],
                [
                    -0.6012160502583657,
                    -0.7990865165373087
                ],
                [
                    0.11265329520566034,
                    -0.9936343568331897
                ],
                [
                    0.15480378056308333,
                    -0.9879452360952893
                ],
                [
                    0.17759590290679578,
                    -0.9841034982514391
                ],
                [
                    0.2833658280661545,
                    -0.9590118912111478
                ],
                [
                    0.6688391898859285,
                    -0.7434071146234308
                ],
                [
                    0.7025801220778445,
                    -0.7116046458962174
                ],
                [
                    0.644992159999942,
                    0.7641891870071239
                ],
                [
                    0.6356637083939906,
                    0.7719660937054165
                ],
                [
                    0.5888618958125549,
                    0.8082336714465957
                ],
                [
                    -0.5476319521177634,
                    0.8367193346754261
                ],
                [
                    -0.593010692487004,
                    0.805194584306231
                ],
                [
                    -0.6434547111674958,
                    0.7654841831653706
                ]
            ]
        },
        {
            "Type": "F",
            "Centroid": {
                "x": 86180.26291666667,
                "y": 434046.81139743596
            },
            "Distances": [
                3.8937033315960377,
                5.685664376636103,
                5.84734287617806,
                3.241311145537714,
                3.0218401073842536,
                6.078959770499549,
                4.096939360280225,
                1.8704839683157723,
                6.099822958265646,
                2.9660184343218243,
                2.9603006463650714,
                4.993044959551864,
                5.3053088789861205,
                5.200963482611639,
                5.3799689370153985,
                3.240719470423763,
                5.08858237717295,
                1.2548809499934628,
                7.937092861757145,
                7.284077325301213,
                7.5000803290950735,
                0.9501133501014843,
                3.0049890683841536,
                1.342717506086531,
                2.1606625155885806,
                2.331999520278695,
                8.562996554529827,
                8.090629902788736,
                8.970388038265128,
                8.755836841100782,
                6.473769806367159,
                2.7794331174857523,
                7.284294259898226,
                8.886299810719215,
                8.161887381865066,
                8.259921232203714,
                9.237148860422382,
                8.605289973708228,
                5.545725569838061
            ],