{
    "Pand ID": "0599100100003549",
    "Archetype ID": "D.2006-2014",
    "Construction Year": 2012,
    "Number of Floors": 3,
    "Wall Area": 388.53,
    "Roof Area (Flat)": 54.8,
    "Roof Area (Sloped)": 163.34,
    "Floor Area": 170.85,
    "Shared Wall Area": 0.0,
    "Absolute Height (70%)": 7.038477420806885,
    "Surfaces": [
        {
            "Type": "G",
            "Centroid": {
                "x": 93069.73430921051,
                "y": 440444.8244342105
            },
            "Distances": [
                4.111225056180162,
                4.133632885359643,
                3.2455543909644993,
                2.780112301688386,
                6.194648058444747,
                6.156265493841229,
                6.686291403003798,
                7.862230110127773,
                7.690105939265837,
                7.735214520172962,
                8.585465391523854,
                9.944954594356453,
                8.64407299769234,
                9.061274369530146,
                12.924002815632404,
                11.410650619824464,
                6.327566967306432,
                4.4673361118509725,
                4.491883532888842
            ],
            "UnitPairs": [
                [
                    -0.9998684465941651,
                    -0.016220034074298405
                ],
                [
                    -0.9985609087671296,
                    -0.05362939009689145
                ],
                [
                    -0.954131047425162,
                    -0.29938928561216643
                ],
                [
                    -0.26894029067467423,
                    -0.9631568512198945
                ],
                [
                    0.4869228664829996,
                    -0.8734449737081202
                ],
                [
                    0.49937998816837437,
                    -0.8663830719819924
                ],
                [
                    0.5161778901728682,
                    -0.85648139833664
                ],
                [
                    0.5685811438824793,
                    -0.822627183371235
                ],
                [
                    0.6253900567116927,
                    -0.7803122945117204
                ],
                [
                    0.9426132617866891,
                    -0.3338865656235041
                ],
                [
                    0.9949741103047696,
                    -0.10013251131991187
                ],
                [
                    0.9949080908924008,
                    0.10078636156166348
                ],
                [
                    -0.06925950424981951,
                    0.9975986773603248
                ],
                [
                    -0.12224375571825125,
                    0.9925001079032165
                ],
                [
                    -0.393506894348261,
                    0.9193216651968921
                ],
                [
                    -0.9219180010861947,
                    0.38738507879529294
                ],
                [
                    -0.979315468731485,
                    0.20233935035783757
                ],
                [
                    -0.9998540738119954,
                    0.017083064173532114
                ],
                [
                    -0.9999556261039342,
                    0.00942050015067386
                ]
            ]
        },
        {
            "Type": "F",
            "Centroid": {
                "x": 93070.2325340909,
                "y": 440445.13122727274
            },
            "Distances": [
                4.97025573328389,
                4.996913143458556,
                4.624016466397426,
                4.655998619535636,
                3.8154784115401785,
                2.1309321498187606,
                2.0980947222158215,
                1.014640469136552,
                3.234098646386716,
                1.200891433953469,
                1.5852069150253207,
                4.698495200125626,
                6.247425725150311,
                6.200905436804482,
                6.717409762590581,
                7.853091652927407,
                7.306395990689892,
                7.6400114118221145,
                4.066114105403153,
                3.9684967396652753,
                5.053946716994613,
                7.382083920476345,
                6.5982803551564935,
                8.128226607426418,
                7.088053621769684,
                6.790736274151063,
                6.292465578306353,
                6.275745700684546,
                9.421797930123251,
                8.388549327902696,
                5.59560357529422,
                8.30194138079564,
                8.833720682662769,
                7.832629592075009,
                12.851055096710652,
                5.827809697664652,
                6.856241079162693,
                11.760756351648459,
                4.03210675358005,
                6.104775668540287,
                2.889665553098752,
                6.455089754289533,
                2.937910731000398,
                6.765319965527196
            ],