{
    "Pand ID": "0599100000135660",
    "Archetype ID": "D.1992-2005",
    "Construction Year": 1993,
    "Number of Floors": 2,
    "Wall Area": 248.07,
    "Roof Area (Flat)": 130.02,
    "Roof Area (Sloped)": 86.01,
    "Floor Area": 164.41,
    "Shared Wall Area": 0.0,
    "Absolute Height (70%)": 0.4714135229587555,
    "Surfaces": [
        {
            "Type": "G",
            "Centroid": {
                "x": 94422.124425,
                "y": 442337.45475000003
            },
            "Distances": [
                9.43396272465265,
                9.388470348795645,
                7.845724382752924,
                9.1216553700866,
                6.842124793567187,
                6.5469474940755985,
                6.937238015952904,
                8.403656971219938,
                8.722156424316509,
                7.348801758797915,
                10.996599960432679,
                7.807105179877265,
                2.9338180737476875,
                2.4288539045912794,
                7.99228559858204,
                8.094910826537737,
                8.33324062354321,
                8.339809187860935,
                7.451911478929236,
                7.506022907628003
            ],
            "UnitPairs": [
                [
                    -0.9883227517566425,
                    -0.15237499256826192
                ],
                [
                    -0.9875730183449584,
                    -0.15716085211345965
                ],
                [
                    -0.055801093518159144,
                    -0.9984419051513101
                ],
                [
                    0.13552364673339276,
                    -0.9907741120841231
                ],
                [
                    0.5146354540790337,
                    -0.8574090910439817
                ],
                [
                    0.9421489947157418,
                    -0.3351943790640249
                ],
                [
                    0.9824082703123364,
                    -0.18674579090818463
                ],
                [
                    0.988046040959413,
                    -0.15415907675005755
                ],
                [
                    0.9901450489848166,
                    -0.14004564245579057
                ],
                [
                    0.9967883527728761,
                    -0.08008108251226484
                ],
                [
                    0.9863230488538379,
                    0.16482367335934958
                ],
                [
                    0.547603740631414,
                    0.8367377983851829
                ],
                [
                    0.4851016539640841,
                    0.8744577664594843
                ],
                [
                    0.4632637631551137,
                    0.8862204498584777
                ],
                [
                    -0.5990526665932647,
                    0.800709624425421
                ],
                [
                    -0.6022055220205614,
                    0.7983410983082
                ],
                [
                    -0.9737868335482442,
                    0.2274625305585164
                ],
                [
                    -0.9742189319908133,
                    0.22560468202295533
                ],
                [
                    -0.9841501768680234,
                    0.17733705019154386
                ],
                [
                    -0.9866476682967523,
                    0.16286920717122005
                ]
            ]
        },
        {
            "Type": "F",
            "Centroid": {
                "x": 94421.75255833333,
                "y": 442337.04421666666
            },
            "Distances": [
                7.969552513917229,
                9.010647642587697,
                8.963423862506142,
                7.423259482089672,
                6.952432807208294,
                8.77555880113415,
                6.702502543019184,
                5.996482208119346,
                6.022934163582839,
                6.779012396526042,
                6.268649376510396,
                7.241346095316137,
                8.916367040761113,
                8.720088742214974,
                9.04449733294986,
                7.699123807659643,
                11.436209902709681,
                8.354695713933438,
                3.4754911507511377,
                2.9682231169913953,
                8.116466053974245,
                8.216750927564778,
                7.13704390759051,
                6.524042693933305,
                8.079034988097504,
                8.08463926667526,
                6.5369549490258265,
                7.1741518805666935,
                7.221012117804542,
                6.638986283471978
            ],