{
    "Pand ID": "0599100000188392",
    "Archetype ID": "D.1965",
    "Construction Year": 1900,
    "Number of Floors": 3,
    "Wall Area": 272.14,
    "Roof Area (Flat)": 0.0,
    "Roof Area (Sloped)": 110.17,
    "Floor Area": 80.73,
    "Shared Wall Area": 0.0,
    "Absolute Height (70%)": 9.426517486572266,
    "Surfaces": [
        {
            "Type": "G",
            "Centroid": {
                "x": 86537.88225,
                "y": 434013.53066666663
            },
            "Distances": [
                7.81030955601739,
                7.422831806464665,
                5.015187503422619,
                3.1617772472931027,
                3.2659539741740953,
                5.60122567196742
            ],
            "UnitPairs": [
                [
                    -0.8568162314180828,
                    -0.5156219017637966
                ],
                [
                    0.1681299041317311,
                    -0.9857648478905376
                ],
                [
                    0.9628752657208428,
                    0.26994670337497473
                ],
                [
                    0.5718302899271054,
                    0.8203719397455539
                ],
                [
                    0.5658377351951095,
                    0.8245166204687865
                ],
                [
                    -0.5429168860695616,
                    0.8397864340536414
                ]
            ]
        },
        {
            "Type": "F",
            "Centroid": {
                "x": 86536.45635,
                "y": 434012.60860000004
            },
            "Distances": [
                5.339739246442277,
                5.226640682117821,
                6.026144639835875,
                6.931597595096417,
                4.923407074394126,
                6.656087050194693,
                4.776992989322031,
                4.877081424366343,
                5.853144353235388,
                3.675072682266706
            ],
            "UnitPairs": [
                [
                    -0.9133592063034465,
                    -0.4071547129295428
                ],
                [
                    -0.9040414842677535,
                    -0.4274447270969159
                ],
                [
                    -0.8514730904531431,
                    -0.5243982992289101
                ],
                [
                    0.38575522645752747,
                    -0.9226011626161663
                ],
                [
                    0.8969195382956754,
                    -0.44219378311264446
                ],
                [
                    0.939726291562991,
                    0.34192761945369154
                ],
                [
                    0.6769739891256381,
                    0.7360069415754993
                ],
                [
                    0.6712826207172669,
                    0.7412014861850711
                ],
                [
                    -0.27593715489054577,
                    0.9611756793380235
                ],
                [
                    -0.9534777412428641,
                    0.30146342556669437
                ]
            ]
        },
        {
            "Type": "R",
            "Centroid": {
                "x": 86532.95225,
                "y": 434013.71650000004
            },
            "Distances": [
                0.0
            ],
            "UnitPairs": [
                [
                    0.0,
                    0.0
                ]
            ]
        }
    ],
    "Annual Heating [kWh/m2]": 299.9636526594965,
    "Annual Cooling [kWh/m2]": 1.6031591976946518
}