{
    "Pand ID": "0599100000607778",
    "Archetype ID": "D.1965",
    "Construction Year": 1918,
    "Number of Floors": 2,
    "Wall Area": 266.79,
    "Roof Area (Flat)": 16.09,
    "Roof Area (Sloped)": 176.33,
    "Floor Area": 161.45,
    "Shared Wall Area": 0.0,
    "Absolute Height (70%)": -1.3189901113510132,
    "Surfaces": [
        {
            "Type": "G",
            "Centroid": {
                "x": 94877.86638486841,
                "y": 440629.554381579
            },
            "Distances": [
                9.806140717433912,
                1.856425932756773,
                0.5428588859765661,
                6.146703436692609,
                12.06637623760393,
                5.3034802607066,
                12.559797791374326,
                5.737245307433981,
                5.890209395051994,
                3.7953221320392583,
                4.845928663528765,
                4.718629030561771,
                5.158173154938652,
                5.041139985060509,
                7.941350417515446,
                7.892062326775749,
                8.121565054107453,
                12.165344641366305,
                10.418859121869588
            ],
            "UnitPairs": [
                [
                    -0.9531728778673844,
                    -0.30242596597846655
                ],
                [
                    -0.9017043658337598,
                    -0.43235313880708337
                ],
                [
                    -0.6206905277199476,
                    -0.7840556541462684
                ],
                [
                    -0.2598055014133393,
                    -0.9656609660928432
                ],
                [
                    0.011109601503472396,
                    -0.9999382864729373
                ],
                [
                    0.19120512978882048,
                    -0.9815500997618208
                ],
                [
                    0.39809977155994947,
                    -0.9173421236833704
                ],
                [
                    0.8052736782222352,
                    -0.5929032831435765
                ],
                [
                    0.8225603381191293,
                    -0.5686778439093118
                ],
                [
                    0.9925514885263005,
                    0.12182587009426711
                ],
                [
                    0.5724501585151532,
                    0.8199395197305568
                ],
                [
                    0.5527140647634741,
                    0.8333709633846371
                ],
                [
                    0.5127886467046704,
                    0.8585148826961551
                ],
                [
                    0.4935496016687122,
                    0.8697176499834045
                ],
                [
                    0.2145797052129474,
                    0.9767064810426541
                ],
                [
                    0.2026153070487139,
                    0.9792584119370921
                ],
                [
                    0.18888633180486386,
                    0.9819989580734303
                ],
                [
                    -0.9359329886715446,
                    0.3521781377603531
                ],
                [
                    -0.9974170153231244,
                    0.071828250319149
                ]
            ]
        },
        {
            "Type": "F",
            "Centroid": {
                "x": 94876.91443749999,
                "y": 440630.1575564516
            },
            "Distances": [
                6.004396542846451,
                9.122083341485773,
                1.580372038297292,
                1.1825567729817275,
                6.570541439750992,
                12.715268495327448,
                6.132486314080031,
                13.506932867571745,
                1.1986107436708018,
                0.21982494218374057,
                6.861899060384483,
                7.016401345690406,
                4.7211002379666045,
                1.3260060837892826,
                5.024070118304676,
                1.0006566096085665,
                4.874128607546208,
                5.25076324764199,
                5.111851391670462,
                7.63036787714711,
                7.568089858216242,
                7.780066433868086,
                2.557701842475698,
                2.6019671228435914,
                2.8513577363425084,
                2.881398781963612,
                11.064336488937785,
                0.9726525945674941,
                6.9285218857405795,
                6.917562977927818,
                9.44111652116784
            ],