{
    "Pand ID": "0599100000206086",
    "Archetype ID": "D.1965",
    "Construction Year": 1933,
    "Number of Floors": 2,
    "Wall Area": 143.13,
    "Roof Area (Flat)": 0.0,
    "Roof Area (Sloped)": 76.2,
    "Floor Area": 56.8,
    "Shared Wall Area": 0.0,
    "Absolute Height (70%)": 3.6820106506347656,
    "Surfaces": [
        {
            "Type": "G",
            "Centroid": {
                "x": 96066.89145000001,
                "y": 431546.55760000006
            },
            "Distances": [
                5.983994673302594,
                6.769100800728786,
                3.8677002792650326,
                3.7797465060661737,
                4.814875206066568,
                4.480017773358285,
                3.377009868158668,
                3.335963676348863,
                3.417082651897806,
                6.572331690493541
            ],
            "UnitPairs": [
                [
                    -0.9712074153298258,
                    -0.23823550618738465
                ],
                [
                    -0.7860275916467787,
                    -0.6181914146685998
                ],
                [
                    0.6800682085142414,
                    -0.7331488469391672
                ],
                [
                    0.6903373006122849,
                    -0.7234876718945138
                ],
                [
                    0.857820778986291,
                    -0.5139489382607506
                ],
                [
                    0.7076534425490569,
                    0.7065596968752665
                ],
                [
                    0.5046772341612612,
                    0.8633081079888799
                ],
                [
                    0.49140223306911135,
                    0.8709327444382206
                ],
                [
                    0.47095729425878885,
                    0.8821560105698089
                ],
                [
                    -0.9677996028723069,
                    0.2517219272932037
                ]
            ]
        },
        {
            "Type": "F",
            "Centroid": {
                "x": 96067.08993181819,
                "y": 431546.5577272727
            },
            "Distances": [
                6.176972053005164,
                6.926276798453691,
                3.7356510589655225,
                3.645651870589694,
                4.645801253685108,
                1.9848185898649937,
                4.3417340710918015,
                3.281204576269493,
                3.2429256318063677,
                3.3280997606843767,
                6.764575698472759
            ],
            "UnitPairs": [
                [
                    -0.972998059018661,
                    -0.23081329499385048
                ],
                [
                    -0.7968468455410533,
                    -0.6041813508800753
                ],
                [
                    0.6509757317864536,
                    -0.7590985421044432
                ],
                [
                    0.6612859009561988,
                    -0.7501339595009338
                ],
                [
                    0.8463164838767379,
                    -0.5326804005391179
                ],
                [
                    0.9999997944113428,
                    0.0006412310597985376
                ],
                [
                    0.6844772464541471,
                    0.7290342235358698
                ],
                [
                    0.4589223703719,
                    0.8884763688316288
                ],
                [
                    0.44429578269786946,
                    0.8958801579881583
                ],
                [
                    0.42391102528893015,
                    0.9057038382597746
                ],
                [
                    -0.9696368420663066,
                    0.24454937028682008
                ]
            ]
        },
        {
            "Type": "R",
            "Centroid": {
                "x": 96069.07475,
                "y": 431546.559
            },
            "Distances": [
                0.0
            ],
            "UnitPairs": [
                [
                    0.0,
                    0.0
                ]
            ]
        }
    ],
    "Annual Heating [kWh/m2]": 405.72852125972014,
    "Annual Cooling [kWh/m2]": 1.8170867652090428
}