{
    "Pand ID": "0599100000034069",
    "Archetype ID": "D.1965-1974",
    "Construction Year": 1966,
    "Number of Floors": 1,
    "Wall Area": 254.04,
    "Roof Area (Flat)": 14.54,
    "Roof Area (Sloped)": 192.04,
    "Floor Area": 173.16,
    "Shared Wall Area": 0.0,
    "Absolute Height (70%)": 6.923714637756348,
    "Surfaces": [
        {
            "Type": "G",
            "Centroid": {
                "x": 68641.5064375,
                "y": 445219.155875
            },
            "Distances": [
                11.850008092026789,
                10.9331009796353,
                5.993137453057834,
                4.63734986617261,
                10.144038718939479,
                9.24789455936207,
                6.059939482480664,
                3.537896377960996
            ],
            "UnitPairs": [
                [
                    -0.909334822078736,
                    -0.4160651167245742
                ],
                [
                    -0.23292796844478375,
                    -0.9724939904781859
                ],
                [
                    0.9783481600291328,
                    -0.206965885516455
                ],
                [
                    0.9967708138056268,
                    -0.08029909554452457
                ],
                [
                    0.9259995215181605,
                    0.3775246828329744
                ],
                [
                    0.2169547876149401,
                    0.976181653244393
                ],
                [
                    -0.8789898010369296,
                    0.47684057049821044
                ],
                [
                    -0.914844487858015,
                    0.40380634348138494
                ]
            ]
        },
        {
            "Type": "F",
            "Centroid": {
                "x": 68641.07151620371,
                "y": 445220.1505
            },
            "Distances": [
                11.72624593770956,
                11.618113970684043,
                11.808967410818644,
                0.6100480360388684,
                1.146139031883217,
                10.760134112736276,
                11.817208703062596,
                4.9955674365939995,
                5.041911091841269,
                6.68309518380042,
                5.2387913518664275,
                8.067764905428776,
                10.158151912278296,
                10.095691916491846,
                10.168622240640941,
                8.260202368134124,
                8.101501866652367,
                8.234067264604334,
                5.480080022344176,
                2.5495341431907734,
                2.765094388400287,
                5.121739582138014,
                5.305150695576459,
                5.177316126445959,
                2.791803362307088,
                2.6319805271377854,
                2.8351189822242118
            ],
            "UnitPairs": [
                [
                    -0.8715239095273016,
                    -0.4903530107200808
                ],
                [
                    -0.8615601231802624,
                    -0.507655546749576
                ],
                [
                    -0.8576282202649411,
                    -0.5142701972749242
                ],
                [
                    -0.6453650867671336,
                    -0.7638742728892303
                ],
                [
                    -0.6113601266678078,
                    -0.7913525102763761
                ],
                [
                    -0.5750582324416064,
                    -0.8181124796145915
                ],
                [
                    -0.17869733511235583,
                    -0.9839040920860845
                ],
                [
                    0.7154935533650024,
                    -0.6986193348978559
                ],
                [
                    0.921931428702249,
                    -0.38735312154548324
                ],
                [
                    0.9424220549113168,
                    -0.3344258817985398
                ],
                [
                    0.9653555479908207,
                    -0.26093805004893816
                ],
                [
                    0.999322165531887,
                    0.03681316988062439
                ],
                [
                    0.9624089480756011,
                    0.27160452253969375
                ],
                [
                    0.9603399525736858,
                    0.27883180502010735
                ],
                [
                    0.9587627571925159,
                    0.2842076273089883
                ],
                [
                    0.34203717661764477,
                    0.9396864209998089
                ],
                [
                    0.33651739407813486,
                    0.9416772501674133
                ],
                [
                    0.2848284111514056,
                    0.9585785185371962
                ],
                [
                    0.11921291178812703,
                    0.9928687132058277
                ],
                [
                    -0.5113497723479141,
                    0.8593726841829081
                ],
                [
                    -0.5412848508867858,
                    0.8408392891631967
                ],
                [
                    -0.9345855303538447,
                    0.35573850853291494
                ],
                [
                    -0.9469483511380488,
                    0.3213857810746001
                ],
                [
                    -0.9486968892275162,
                    0.3161869895647732
                ],
                [
                    -0.9827711151722466,
                    0.18482677074249526
                ],
                [
                    -0.9850770843365979,
                    0.17211373540454913
                ],
                [
                    -0.9882138002928385,
                    0.1530799951358301
                ]
            ]
        },
        {
            "Type": "R",
            "Centroid": {
                "x": 68634.8838125,
                "y": 445211.34750000003
            },
            "Distances": [
                0.0
            ],
            "UnitPairs": [
                [
                    0.0,
                    0.0
                ]
            ]
        }
    ],
    "Annual Heating [kWh/m2]": 680.6927507216228,
    "Annual Cooling [kWh/m2]": 2.820104336184787
}