{
    "Pand ID": "0599100100019311",
    "Archetype ID": "D.2015-2018",
    "Construction Year": 2020,
    "Number of Floors": 3,
    "Wall Area": 445.48,
    "Roof Area (Flat)": 153.79,
    "Roof Area (Sloped)": 3.02,
    "Floor Area": 145.42,
    "Shared Wall Area": 0.0,
    "Absolute Height (70%)": 4.557156562805176,
    "Surfaces": [
        {
            "Type": "G",
            "Centroid": {
                "x": 90359.32729166666,
                "y": 439998.0684583333
            },
            "Distances": [
                7.011209198129819,
                8.796856095782216,
                9.247629489218044,
                7.390936747357957,
                6.230781726250756,
                6.322258233402773,
                3.9159008120981484,
                5.714156601849608,
                7.795539242865688,
                7.20658776192467,
                6.981650384189396,
                5.991905456831433,
                6.866946016019384,
                6.856258655682122,
                7.859487345684102,
                6.9633119218017505,
                7.6245812127875405,
                6.733854443769168,
                6.8427882903574115,
                3.8556170825111593,
                7.247075381592915,
                11.181894223245022,
                10.983494032852429,
                11.113939674412558
            ],
            "UnitPairs": [
                [
                    -0.9907052364816068,
                    -0.13602622691203214
                ],
                [
                    -0.9745574524924676,
                    -0.2241378410518669
                ],
                [
                    -0.9706316280425554,
                    -0.24057066039618827
                ],
                [
                    -0.4578637028465383,
                    -0.8890224010764053
                ],
                [
                    -0.3521294378550325,
                    -0.9359513122998967
                ],
                [
                    -0.33643701160673045,
                    -0.941705971745498
                ],
                [
                    0.46986847257546066,
                    -0.8827364377205711
                ],
                [
                    0.4898287758571637,
                    -0.8718186567986903
                ],
                [
                    0.9665730744977497,
                    -0.2563912862325231
                ],
                [
                    0.9666097969618009,
                    -0.25625280567725695
                ],
                [
                    0.9894448952922561,
                    -0.14490962418037068
                ],
                [
                    0.9914973418971218,
                    -0.13012694191035867
                ],
                [
                    0.9989824177062926,
                    -0.045101320531559366
                ],
                [
                    0.9995186409229854,
                    -0.031023965695383335
                ],
                [
                    0.9991692826703464,
                    0.040752233902270264
                ],
                [
                    0.7187611857046731,
                    0.695257044498229
                ],
                [
                    0.5172688470718368,
                    0.8558229605759434
                ],
                [
                    0.4564931361403553,
                    0.8897269337593097
                ],
                [
                    0.4407499114935771,
                    0.8976299435281803
                ],
                [
                    -0.19012304670421623,
                    0.9817602696747849
                ],
                [
                    -0.35780525661959817,
                    0.9337962295572753
                ],
                [
                    -0.9917855995812743,
                    0.12791139301568233
                ],
                [
                    -0.9940408429223759,
                    0.1090082685036879
                ],
                [
                    -0.9950604367696746,
                    0.09927097851710957
                ]
            ]
        },
        {
            "Type": "F",
            "Centroid": {
                "x": 90359.77735256411,
                "y": 439998.23621153843
            },
            "Distances": [
                7.480642293339883,
                9.56246437863622,
                9.273277498100462,
                9.724982352778577,
                7.752883745884932,
                7.823067835041434,
                6.556280738411841,
                6.64181819928023,
                3.8818212640447225,
                5.659882799188279,
                3.999989511914367,
                4.0084554500786815,
                6.820188757286932,
                7.4087331761114585,
                6.564721533569078,
                5.57204074090918,
                1.8679210074883528,
                6.162071718548819,
                6.427655455869559,
                6.414191029025334,
                7.404468814752194,
                3.7963118225902237,
                4.094403963124461,
                4.652026403559215,
                3.9123458131850413,
                5.6277804973479535,
                6.526028838675676,
                5.17296297506681,
                7.254351423999545,
                7.337350424323579,
                6.387365495021435,
                6.502225732772864,
                3.8060893576186112,
                7.2673503507783215,
                11.608960787120617,
                11.724989600041482,
                11.414626816134861,
                11.54706343812314,
                6.191595510628018
            ],