{
    "Pand ID": "0599100100020416",
    "Archetype ID": "D.2015-2018",
    "Construction Year": 2020,
    "Number of Floors": 2,
    "Wall Area": 219.25,
    "Roof Area (Flat)": 0.0,
    "Roof Area (Sloped)": 199.01,
    "Floor Area": 145.53,
    "Shared Wall Area": 0.0,
    "Absolute Height (70%)": 0.3023499548435211,
    "Surfaces": [
        {
            "Type": "G",
            "Centroid": {
                "x": 100441.16798214287,
                "y": 443137.79399999994
            },
            "Distances": [
                7.0579626779463025,
                8.273243932293468,
                8.098142354382503,
                8.196857317128051,
                10.96895924309155,
                5.4998430125349085,
                10.298305444076446,
                5.755345343240663,
                9.18150439848075,
                8.524765343553854,
                8.865083354236031,
                8.928899565406072,
                8.570830791058588,
                9.027504544783476,
                9.748283432368227,
                9.75571798009918,
                9.026371649977115,
                8.576144089852699,
                8.61614246752752,
                8.930177635003462,
                4.062272783020181,
                4.002797096045096,
                4.255066696543194,
                5.631901900831753,
                4.89957345291818,
                5.489886040235606,
                5.002292562180841,
                5.092857241043432
            ],
            "UnitPairs": [
                [
                    -0.9822745541749602,
                    -0.18744786000481026
                ],
                [
                    -0.9674387952732222,
                    -0.25310507185810516
                ],
                [
                    -0.9488419450553067,
                    -0.3157514264475498
                ],
                [
                    -0.9475408491784096,
                    -0.3196346963930208
                ],
                [
                    -0.17329421148628008,
                    -0.9848701012140375
                ],
                [
                    -0.13161414629669987,
                    -0.9913010221393858
                ],
                [
                    -0.10806216118894513,
                    -0.9941441391061834
                ],
                [
                    -0.08997846558031669,
                    -0.9959437111261921
                ],
                [
                    0.040422880721151175,
                    -0.9991826613358559
                ],
                [
                    0.17046133219774884,
                    -0.9853643662246818
                ],
                [
                    0.9881624917773844,
                    0.15341085308514157
                ],
                [
                    0.9875957045485698,
                    0.15701822937867368
                ],
                [
                    0.9684175384478136,
                    0.24933405548917134
                ],
                [
                    0.9631834372388358,
                    0.26884505989283414
                ],
                [
                    0.9553623385849233,
                    0.29543662943776383
                ],
                [
                    0.582749815927049,
                    0.8126516178763139
                ],
                [
                    0.5603738748275604,
                    0.8282397722946815
                ],
                [
                    0.5442006113988658,
                    0.838955120702592
                ],
                [
                    0.5337821274980695,
                    0.8456220434470914
                ],
                [
                    0.46350061849976837,
                    0.8860965955528393
                ],
                [
                    -0.7037580427438672,
                    0.7104397351452981
                ],
                [
                    -0.7199608358124966,
                    0.6940146935736817
                ],
                [
                    -0.8286255878717699,
                    0.5598032110698934
                ],
                [
                    -0.9856096999924023,
                    0.16903703523455046
                ],
                [
                    -0.9914857261651604,
                    0.1302154169472443
                ],
                [
                    -0.9921621510790103,
                    0.1249570564885038
                ],
                [
                    -0.9999129560478376,
                    0.013193950419615571
                ],
                [
                    -0.9999999807226628,
                    0.00019635344172588075
                ]
            ]
        },
        {
            "Type": "F",
            "Centroid": {
                "x": 100440.89131944446,
                "y": 443137.4546388888
            },
            "Distances": [
                6.728481994185479,
                7.923906335432081,
                8.028357722713029,
                7.732040596078832,
                7.829707948385526,
                3.898039507409023,
                4.0473438410551275,
                10.588944536145222,
                5.1321593192971,
                9.93389515752457,
                5.699734014370811,
                5.398030098617456,
                7.278956194320213,
                8.858357428657392,
                8.244157116195655,
                9.195198901319268,
                9.260012236101035,
                8.927147242560444,
                9.388612715606987,
                10.115762776838965,
                5.904481179726555,
                10.192761413122813,
                9.462558830086136,
                9.011537644857338,
                9.05094535895042,
                8.815176745664267,
                9.3595300423423,
                4.131668240121959,
                4.0626319536415005,
                4.238286308771328,
                5.429985318336681,
                5.4768330722942435,
                4.684290477703986,
                5.270889488662562,
                4.74254996477381,
                4.828206148541967
            ],