{
    "Pand ID": "0599100000247930",
    "Archetype ID": "D.1992-2005",
    "Construction Year": 1992,
    "Number of Floors": 2,
    "Wall Area": 228.88,
    "Roof Area (Flat)": 88.63,
    "Roof Area (Sloped)": 134.37,
    "Floor Area": 184.99,
    "Shared Wall Area": 0.0,
    "Absolute Height (70%)": 3.3575572967529297,
    "Surfaces": [
        {
            "Type": "G",
            "Centroid": {
                "x": 97821.65241666666,
                "y": 433179.49486111116
            },
            "Distances": [
                7.994756306593324,
                7.364444624281871,
                7.580851781613236,
                8.370470407702637,
                7.905950751858774,
                8.012553564492482,
                10.182222228610291,
                8.971038337093411,
                6.389731289853529,
                5.117976462209817,
                10.012564016180463,
                4.861775551373619,
                4.738301214674334,
                12.503290338504751,
                9.762497298948853,
                7.419201241898045,
                4.021221146912181,
                3.4135404496153985
            ],
            "UnitPairs": [
                [
                    -0.6455689790589078,
                    -0.7637019662648772
                ],
                [
                    -0.4331849622643191,
                    -0.9013050473996361
                ],
                [
                    0.03717700087616149,
                    -0.9993086963525605
                ],
                [
                    0.2591053104176482,
                    -0.9658490762605585
                ],
                [
                    0.2919109169485416,
                    -0.9564455115511086
                ],
                [
                    0.3119895939807622,
                    -0.9500855189127551
                ],
                [
                    0.5556580092539515,
                    -0.8314109553956669
                ],
                [
                    0.9604053633016968,
                    0.2786064215723246
                ],
                [
                    0.8510269190763441,
                    0.5251220648643757
                ],
                [
                    0.6379148785543381,
                    0.770106880711375
                ],
                [
                    0.18465133709500917,
                    0.9828040922325392
                ],
                [
                    0.08203450141024542,
                    0.9966294901207632
                ],
                [
                    0.07657456056381408,
                    0.9970638578719313
                ],
                [
                    -0.3561595824868323,
                    0.934425145104093
                ],
                [
                    -0.5649340018007614,
                    0.8251360939926075
                ],
                [
                    -0.9747904701420789,
                    0.22312225196108287
                ],
                [
                    -0.980091997600629,
                    0.19854388995687766
                ],
                [
                    -0.9820204904973429,
                    0.18877435271603546
                ]
            ]
        },
        {
            "Type": "F",
            "Centroid": {
                "x": 97821.89787857143,
                "y": 433180.03616428573
            },
            "Distances": [
                8.568144608445417,
                7.958665340539237,
                6.139931395789943,
                2.976411655860316,
                3.058872990817121,
                8.116995774432395,
                8.83774603146889,
                8.361255637236964,
                8.459817298063797,
                4.102777300070962,
                4.552939314590838,
                10.508009774971498,
                4.230859966882825,
                3.501615647855388,
                3.559099705928238,
                8.596349080671144,
                0.8612835452440851,
                5.905912246176394,
                0.6812676857227141,
                4.547217466564706,
                9.43630198008449,
                4.306817459672667,
                4.184732027903357,
                4.481099807878977,
                4.3159110645031,
                4.532590410700801,
                4.640908476613505,
                5.703987262302631,
                12.092277887824615,
                5.846711813606683,
                5.129899745868374,
                9.468174357275545,
                7.560166402338859,
                4.194514496298764,
                3.599105166904858
            ],