{
    "Pand ID": "0599100000282249",
    "Archetype ID": "D.1965",
    "Construction Year": 1921,
    "Number of Floors": 2,
    "Wall Area": 245.25,
    "Roof Area (Flat)": 12.05,
    "Roof Area (Sloped)": 95.18,
    "Floor Area": 80.54,
    "Shared Wall Area": 8.1,
    "Absolute Height (70%)": 5.322370529174805,
    "Surfaces": [
        {
            "Type": "G",
            "Centroid": {
                "x": 93324.71962500001,
                "y": 440681.2800833334
            },
            "Distances": [
                6.271901448355391,
                4.728078127343154,
                4.64412633814518,
                5.4426507430855295,
                5.573713105102382,
                4.121141279356072,
                4.326131579674343,
                6.996088891496979,
                7.1672174826954,
                4.48707348327372,
                4.2848117941255985,
                4.7655978405337525,
                5.7369804291353,
                4.319407225249125,
                3.3288965305041125,
                4.712021941566266,
                5.906596124441977,
                5.580530928513083,
                5.868819851051826,
                5.490720454630838,
                4.929923371047692,
                4.937408136994288,
                5.819888066901669,
                5.728019679138977
            ],
            "UnitPairs": [
                [
                    -0.9998562719209003,
                    -0.016953922862821266
                ],
                [
                    -0.15714630342504035,
                    -0.9875753334909926
                ],
                [
                    -0.13543989853354924,
                    -0.9907855640274649
                ],
                [
                    0.034909460289943614,
                    -0.999390479033228
                ],
                [
                    0.06100062805003493,
                    -0.9981377276596157
                ],
                [
                    0.480449435187842,
                    -0.8770224285773331
                ],
                [
                    0.4976732585080602,
                    -0.8673645875674021
                ],
                [
                    0.6190601730711166,
                    -0.7853435567426266
                ],
                [
                    0.923789464456805,
                    -0.3829008035491824
                ],
                [
                    0.9756916208976992,
                    -0.21914803423718046
                ],
                [
                    0.9804397956862134,
                    -0.19681922425102705
                ],
                [
                    0.9994548762549953,
                    -0.033014395801107085
                ],
                [
                    0.986581716619528,
                    0.16326823460816062
                ],
                [
                    0.5674389730282993,
                    0.8234154552160101
                ],
                [
                    0.5470281167633525,
                    0.8371142332264696
                ],
                [
                    -0.10759712206344572,
                    0.9941945782006981
                ],
                [
                    -0.287813821056243,
                    0.9576863810293038
                ],
                [
                    -0.3779210306380704,
                    0.9258378338572358
                ],
                [
                    -0.49907819192871183,
                    0.8665569562014767
                ],
                [
                    -0.7649269407750287,
                    0.6441170509127637
                ],
                [
                    -0.8397696451687747,
                    0.5429428543162808
                ],
                [
                    -0.8470031004082837,
                    0.5315879493543422
                ],
                [
                    -0.9933180730561469,
                    0.11540886335123161
                ],
                [
                    -0.994759152237239,
                    0.10224592432097052
                ]
            ]
        },
        {
            "Type": "F",
            "Centroid": {
                "x": 93324.4119375,
                "y": 440681.1289375
            },
            "Distances": [
                2.2399361057520957,
                4.539109522574959,
                4.461772126372441,
                5.3115553167152605,
                5.4508047692636765,
                3.8411675155676166,
                4.1505640288494385,
                4.361597686949382,
                7.075809097373458,
                4.193394672913896,
                7.398062711452435,
                4.451301130879215,
                4.759012858009686,
                4.56151142800385,
                5.070691275146332,
                6.066022595808024,
                4.6214965387726155,
                3.627954348905553,
                4.839918181971429,
                4.64900344247733,
                5.972371399425659,
                5.614610984546204,
                4.0657569876882835,
                5.856234659127398,
                5.361908021661868,
                4.762682293925424,
                5.53481437203442,
                5.440437620989338,
                4.860998522195805,
                4.940685277143429,
                6.052439849582061,
                5.963480873849639
            ],