{
    "Pand ID": "0599100000755327",
    "Archetype ID": "D.2006-2014",
    "Construction Year": 2010,
    "Number of Floors": 3,
    "Wall Area": 345.75,
    "Roof Area (Flat)": 0.0,
    "Roof Area (Sloped)": 181.36,
    "Floor Area": 140.37,
    "Shared Wall Area": 0.0,
    "Absolute Height (70%)": 4.922958850860596,
    "Surfaces": [
        {
            "Type": "G",
            "Centroid": {
                "x": 90457.75771153845,
                "y": 439990.6676730769
            },
            "Distances": [
                7.478360879900699,
                5.286103726168968,
                5.504969250575938,
                4.743535048620068,
                4.375144646795591,
                5.70469293212465,
                5.449140163978567,
                7.70163330752921,
                9.398206849632773,
                7.89516601786177,
                6.998253050397311,
                7.70334088785372,
                9.269636864700272
            ],
            "UnitPairs": [
                [
                    -0.37982407964343406,
                    -0.9250587378772325
                ],
                [
                    -0.08729710243188281,
                    -0.9961823206155574
                ],
                [
                    -0.05730486840095636,
                    -0.9983567258538147
                ],
                [
                    0.22589449652292512,
                    -0.9741517727955199
                ],
                [
                    0.5454764708858568,
                    -0.8381261359186404
                ],
                [
                    0.9424764006600899,
                    -0.3342726943661445
                ],
                [
                    0.9545613261953149,
                    -0.29801455422888595
                ],
                [
                    0.9982997313087915,
                    -0.05828933409119333
                ],
                [
                    0.16583359852326418,
                    0.9861537494735925
                ],
                [
                    -0.0827672954540248,
                    0.9965689011820639
                ],
                [
                    -0.5243396476266778,
                    0.8515092095372376
                ],
                [
                    -0.8390465426043793,
                    0.5440596468620308
                ],
                [
                    -0.9579082404261112,
                    0.2870745598686019
                ]
            ]
        },
        {
            "Type": "F",
            "Centroid": {
                "x": 90457.82732692307,
                "y": 439989.66774999996
            },
            "Distances": [
                6.594791255093326,
                6.671850718176289,
                4.298929948050597,
                4.51246055235375,
                3.7570588033677765,
                3.53284892744818,
                5.383872355873177,
                5.169720540557538,
                7.638821234464973,
                10.37538991700086,
                8.897430204108911,
                8.34431393724971,
                9.668965755203232
            ],
            "UnitPairs": [
                [
                    -0.4412689970776906,
                    -0.8973748783078614
                ],
                [
                    -0.42478122529778406,
                    -0.9052960348054735
                ],
                [
                    -0.12353700327491135,
                    -0.9923399663531921
                ],
                [
                    -0.08533635222067844,
                    -0.9963522002734115
                ],
                [
                    0.2666775074232955,
                    -0.9637858201044971
                ],
                [
                    0.6558228569939837,
                    -0.7549148165483632
                ],
                [
                    0.9857074473782144,
                    -0.16846610395900044
                ],
                [
                    0.9926886833956527,
                    -0.12070284942040718
                ],
                [
                    0.9973951272151836,
                    0.07213154793436506
                ],
                [
                    0.14350526474950775,
                    0.9896495536245008
                ],
                [
                    -0.08126806352996505,
                    0.996692280420637
                ],
                [
                    -0.7829375754805229,
                    0.6221002755992642
                ],
                [
                    -0.9255464492942517,
                    0.3786340848349541
                ]
            ]
        },
        {
            "Type": "R",
            "Centroid": {
                "x": 90454.08825,
                "y": 439996.62675
            },
            "Distances": [
                0.0
            ],
            "UnitPairs": [
                [
                    0.0,
                    0.0
                ]
            ]
        }
    ],
    "Annual Heating [kWh/m2]": 112.228393594975,
    "Annual Cooling [kWh/m2]": 0.30613088787949627
}