{
    "Pand ID": "0599100000209387",
    "Archetype ID": "D.1965",
    "Construction Year": 1907,
    "Number of Floors": 2,
    "Wall Area": 240.77,
    "Roof Area (Flat)": 0.0,
    "Roof Area (Sloped)": 120.48,
    "Floor Area": 93.19,
    "Shared Wall Area": 0.0,
    "Absolute Height (70%)": 3.6649279594421387,
    "Surfaces": [
        {
            "Type": "G",
            "Centroid": {
                "x": 97413.50854166667,
                "y": 437768.18974999996
            },
            "Distances": [
                7.299096310076509,
                6.284200103759839,
                6.222326489624664,
                6.101042939015249,
                6.206692539302783,
                6.508420208531217,
                4.9288733951006085,
                4.757485289331791,
                4.902333962321782,
                9.541693924319967,
                10.179959705797755,
                5.967946459603688
            ],
            "UnitPairs": [
                [
                    -0.3780148321733039,
                    -0.9257995391319813
                ],
                [
                    -0.023259390894530284,
                    -0.9997294637726826
                ],
                [
                    0.3221999579527297,
                    -0.9466716363635594
                ],
                [
                    0.325162984945663,
                    -0.9456579895613565
                ],
                [
                    0.4151701275692324,
                    -0.9097437909511377
                ],
                [
                    0.5031686996848569,
                    -0.8641882084693416
                ],
                [
                    0.28015191761704383,
                    0.9599556776515742
                ],
                [
                    0.19986048836939194,
                    0.9798243644596454
                ],
                [
                    0.18844765379808043,
                    0.9820832356669157
                ],
                [
                    0.006375527638921549,
                    0.9999796761171325
                ],
                [
                    -0.5470715825619857,
                    0.8370858280684988
                ],
                [
                    -0.7845523914060898,
                    0.6200625332488536
                ]
            ]
        },
        {
            "Type": "F",
            "Centroid": {
                "x": 97413.59650833333,
                "y": 437768.4039833333
            },
            "Distances": [
                7.530686149916292,
                6.500950886002924,
                6.398605073628873,
                6.276892146741398,
                6.367311244858819,
                6.685041592149927,
                6.651836294510204,
                4.698638351244686,
                4.530200844230205,
                4.675588357520834,
                4.443503395097434,
                9.327306132496354,
                4.557693695550229,
                10.050564015129149,
                5.908318482347967
            ],
            "UnitPairs": [
                [
                    -0.3780709057116607,
                    -0.9257766416659932
                ],
                [
                    -0.03601524414461647,
                    -0.9993512406502548
                ],
                [
                    0.29957571136349925,
                    -0.9540725303461228
                ],
                [
                    0.30203907002883995,
                    -0.9532955471290703
                ],
                [
                    0.3908818920507735,
                    -0.9204408435455304
                ],
                [
                    0.4777631706014818,
                    -0.8784886754061314
                ],
                [
                    0.47909577529751857,
                    -0.8777626319752223
                ],
                [
                    0.2751577308195728,
                    0.9613990967180194
                ],
                [
                    0.19046984810315057,
                    0.9816930462031209
                ],
                [
                    0.1787725100587417,
                    0.9838904357941981
                ],
                [
                    0.010322185579487796,
                    0.999946724823309
                ],
                [
                    -0.002909021419120557,
                    0.9999957687882399
                ],
                [
                    -0.47921898206126934,
                    0.8776953726847151
                ],
                [
                    -0.5628672505156009,
                    0.8265473115902124
                ],
                [
                    -0.8073588699688182,
                    0.5900607215216692
                ]
            ]
        },
        {
            "Type": "R",
            "Centroid": {
                "x": 97411.412375,
                "y": 437772.40425
            },
            "Distances": [
                0.0
            ],
            "UnitPairs": [
                [
                    0.0,
                    0.0
                ]
            ]
        }
    ],
    "Annual Heating [kWh/m2]": 415.38269159398294,
    "Annual Cooling [kWh/m2]": 2.265890335950567
}