{
    "Pand ID": "0599100000161499",
    "Archetype ID": "D.1965",
    "Construction Year": 1890,
    "Number of Floors": 2,
    "Wall Area": 217.82,
    "Roof Area (Flat)": 56.76,
    "Roof Area (Sloped)": 47.17,
    "Floor Area": 87.65,
    "Shared Wall Area": 0.0,
    "Absolute Height (70%)": 5.430596828460693,
    "Surfaces": [
        {
            "Type": "G",
            "Centroid": {
                "x": 91072.77247727274,
                "y": 433057.79627272725
            },
            "Distances": [
                6.203137575884996,
                5.914551474857308,
                5.892659791756463,
                8.34999631263943,
                8.86607709518672,
                6.700434298226938,
                8.814810876303143,
                8.403726482072457,
                8.432056034398887,
                7.891843566354947,
                7.894745425314976
            ],
            "UnitPairs": [
                [
                    -0.545163996664943,
                    -0.8383294201805791
                ],
                [
                    -0.4086070233742869,
                    -0.9127104143424709
                ],
                [
                    -0.39230625123801594,
                    -0.9198346619037437
                ],
                [
                    -0.3440393462662993,
                    -0.9389552322771609
                ],
                [
                    0.16786146920280642,
                    -0.9858105939566055
                ],
                [
                    0.2988273055379948,
                    -0.9543072049737977
                ],
                [
                    0.5670311930014929,
                    0.8236963191391011
                ],
                [
                    0.4401943275004535,
                    0.8979025303653083
                ],
                [
                    -0.03554616709309381,
                    0.999368035312812
                ],
                [
                    -0.05305823274471906,
                    0.9985914199200828
                ],
                [
                    -0.06165205418367966,
                    0.9980977027400336
                ]
            ]
        },
        {
            "Type": "F",
            "Centroid": {
                "x": 91072.61953571429,
                "y": 433057.6206428571
            },
            "Distances": [
                5.972611910258014,
                5.2860134480971945,
                5.692163400077009,
                5.671563669643077,
                8.132895207637597,
                5.834888482355619,
                8.720475422914214,
                6.581524717081897,
                9.046237680591712,
                8.628957702491709,
                8.603609385592234,
                8.617910926968937,
                8.060740193015842,
                8.06226963096181
            ],
            "UnitPairs": [
                [
                    -0.5405986129342549,
                    -0.8412806545342403
                ],
                [
                    -0.431475579218806,
                    -0.9021246169669664
                ],
                [
                    -0.39770216614880716,
                    -0.9175145704786091
                ],
                [
                    -0.380633250372902,
                    -0.924726083070311
                ],
                [
                    -0.3344178972969518,
                    -0.9424248882364501
                ],
                [
                    0.1385140929703329,
                    -0.9903604626844743
                ],
                [
                    0.18820238646653834,
                    -0.9821302671887777
                ],
                [
                    0.32746428500551966,
                    -0.9448635573699643
                ],
                [
                    0.5694316761957579,
                    0.8220386646289148
                ],
                [
                    0.4464286902939766,
                    0.8948192132952918
                ],
                [
                    -0.017060945901498675,
                    0.9998544514702857
                ],
                [
                    -0.024342989392400854,
                    0.9997036655266607
                ],
                [
                    -0.032972866996383875,
                    0.9994562471874588
                ],
                [
                    -0.04140096146055074,
                    0.9991426126385272
                ]
            ]
        },
        {
            "Type": "R",
            "Centroid": {
                "x": 91072.47275,
                "y": 433066.223
            },
            "Distances": [
                0.0
            ],
            "UnitPairs": [
                [
                    0.0,
                    0.0
                ]
            ]
        }
    ],
    "Annual Heating [kWh/m2]": 389.5218383464566,
    "Annual Cooling [kWh/m2]": 2.057957609434297
}