{
    "Pand ID": "0599100000223742",
    "Archetype ID": "D.1965",
    "Construction Year": 1900,
    "Number of Floors": 2,
    "Wall Area": 334.45,
    "Roof Area (Flat)": 55.83,
    "Roof Area (Sloped)": 93.96,
    "Floor Area": 132.01,
    "Shared Wall Area": 0.0,
    "Absolute Height (70%)": 5.330000400543213,
    "Surfaces": [
        {
            "Type": "G",
            "Centroid": {
                "x": 92992.2020324074,
                "y": 440332.3963425926
            },
            "Distances": [
                5.512349186512524,
                3.609803431398521,
                3.214677870858301,
                3.5356026725139222,
                5.2561835117964275,
                3.585823537611942,
                3.6029027750001448,
                6.349753827144991,
                7.8663724685029095,
                7.853639821288768,
                6.83346809342203,
                6.977616150731344,
                6.66227631538152,
                6.8951088486997145,
                8.65441824000962,
                6.801629093976644,
                5.894944532034858,
                7.731782789879111,
                7.762508703330873,
                9.15746009983866,
                7.817715603558244,
                7.962691714009501,
                5.647873441070759,
                7.178454589593915,
                5.162075547851227,
                6.80104523001731,
                6.2222175931351735
            ],
            "UnitPairs": [
                [
                    -0.997289399018644,
                    -0.07357890054242282
                ],
                [
                    -0.7669136173249628,
                    -0.6417503436395968
                ],
                [
                    -0.7143507062447682,
                    -0.6997878739215198
                ],
                [
                    -0.7026828627323561,
                    -0.7115031935432622
                ],
                [
                    -0.4283350081567697,
                    -0.9036200090676059
                ],
                [
                    -0.3648833785811062,
                    -0.931053231579826
                ],
                [
                    -0.3473331048736809,
                    -0.9377418164179353
                ],
                [
                    -0.3229113227401738,
                    -0.946429224847897
                ],
                [
                    0.0671964866546211,
                    -0.9977397617521692
                ],
                [
                    0.22646729835748575,
                    -0.9740187692106664
                ],
                [
                    0.40807867315267415,
                    -0.9129467654348488
                ],
                [
                    0.4189959048259883,
                    -0.9079881231266471
                ],
                [
                    0.49976801246138575,
                    -0.866159300429428
                ],
                [
                    0.5178442677195242,
                    -0.8554749057628924
                ],
                [
                    0.9935494627305487,
                    0.11339958160345294
                ],
                [
                    0.9163382046394399,
                    0.40040516320118535
                ],
                [
                    0.6292837146198539,
                    0.7771756600114536
                ],
                [
                    0.6193387376147005,
                    0.7851238934651201
                ],
                [
                    0.514471898869872,
                    0.8575072391958147
                ],
                [
                    0.06776907415792718,
                    0.9977010336707973
                ],
                [
                    -0.029088728591048652,
                    0.9995768333994922
                ],
                [
                    -0.07803986763682501,
                    0.9969502390085611
                ],
                [
                    -0.49406337385529053,
                    0.869425892537557
                ],
                [
                    -0.5755288071881738,
                    0.8177815063307301
                ],
                [
                    -0.7383478548629562,
                    0.6744200806761842
                ],
                [
                    -0.7574434859889718,
                    0.6529007317601
                ],
                [
                    -0.9998697914814001,
                    0.016136916773083158
                ]
            ]
        },
        {
            "Type": "F",
            "Centroid": {
                "x": 92992.1140297619,
                "y": 440332.47325
            },
            "Distances": [
                5.31072525174845,
                5.430880787496199,
                3.5935236102476296,
                2.3526480995399166,
                3.207749030429722,
                3.5304124451315944,
                2.6050285501041053,
                2.8383267596494943,
                5.2891797486464585,
                3.626986081100057,
                3.537952587108989,
                3.6460925509218995,
                6.395038287550191,
                3.7005895584484167,
                7.9494490335440435,
                7.948772234240463,
                4.789497153659749,
                6.939765155494225,
                7.084480371054757,
                7.3159525197064506,
                6.772976706088421,
                7.006562592709227,
                8.733559244705454,
                3.6111334633611984,
                2.85036431000625,
                5.395546279301418,
                5.8917102646644715,
                7.726786095568718,
                7.742689451237419,
                7.165614162029724,
                5.220123373388421,
                1.9909679470820785,
                9.087169386670592,
                9.254770200399332,
                7.738755709954921,
                7.8795750450715385,
                5.537663202814624,
                7.064967396877002,
                5.045231736139954,
                6.684175344281043,
                4.903088476090577,
                6.13344978159323
            ],