{
    "Pand ID": "0599100000219888",
    "Archetype ID": "D.1965-1974",
    "Construction Year": 1970,
    "Number of Floors": 2,
    "Wall Area": 239.07,
    "Roof Area (Flat)": 221.79,
    "Roof Area (Sloped)": 10.17,
    "Floor Area": 243.27,
    "Shared Wall Area": 17.8,
    "Absolute Height (70%)": 1.6690117120742798,
    "Surfaces": [
        {
            "Type": "G",
            "Centroid": {
                "x": 94693.97310714285,
                "y": 432669.61942857143
            },
            "Distances": [
                5.617525766728414,
                5.436981649233395,
                6.341890110093188,
                6.1235613491713,
                10.25063798834922,
                10.101917598572955,
                5.991420499097887,
                4.805255250828643,
                11.2706468642993,
                5.075495967012587,
                15.746179954782047,
                12.827766564202392,
                7.546739269204725,
                8.463729312955966
            ],
            "UnitPairs": [
                [
                    -0.9961426747709686,
                    -0.08774834186547446
                ],
                [
                    -0.994275407132111,
                    -0.10684762408343432
                ],
                [
                    -0.9736619581336217,
                    -0.22799647208542823
                ],
                [
                    -0.9652646239374938,
                    -0.2612741965346154
                ],
                [
                    -0.8432506496359966,
                    -0.5375205502010781
                ],
                [
                    -0.11917115053746231,
                    -0.9928737265531693
                ],
                [
                    0.22417769831662482,
                    -0.97454828488765
                ],
                [
                    0.48699657666141427,
                    -0.8734038781228666
                ],
                [
                    0.9588751193486985,
                    -0.28382830284173427
                ],
                [
                    0.9983542278567277,
                    0.05734837156011487
                ],
                [
                    0.9663386866425719,
                    0.2572732840733935
                ],
                [
                    0.06448066021518925,
                    0.997918956858829
                ],
                [
                    -0.09710911119675557,
                    0.9952737415015912
                ],
                [
                    -0.2283694422864477,
                    0.9735745466217658
                ]
            ]
        },
        {
            "Type": "F",
            "Centroid": {
                "x": 94693.5179375,
                "y": 432669.3509375
            },
            "Distances": [
                5.145584530854415,
                4.96053665586038,
                5.839621919632018,
                5.615803763865911,
                3.1525426704648924,
                9.722513565898675,
                4.282227155820632,
                9.79010699835827,
                5.853520461162537,
                4.8214513545439,
                11.6373169927178,
                5.550589656868609,
                16.255726857444824,
                13.132318503938704,
                7.784516878990895,
                8.63592474285194
            ],
            "UnitPairs": [
                [
                    -0.9990483042665402,
                    -0.04361749353356049
                ],
                [
                    -0.9980144979191258,
                    -0.06298461671896763
                ],
                [
                    -0.9794619546822603,
                    -0.20162906370363884
                ],
                [
                    -0.9714882729906655,
                    -0.2370876113204021
                ],
                [
                    -0.9140835830716361,
                    -0.40552583537787
                ],
                [
                    -0.8422397607885026,
                    -0.5391031305297029
                ],
                [
                    -0.8151570136247407,
                    -0.5792400565727427
                ],
                [
                    -0.07647388329143825,
                    -0.9970715847793113
                ],
                [
                    0.30721896539353494,
                    -0.9516388534010819
                ],
                [
                    0.5797657788991009,
                    -0.8147831868770482
                ],
                [
                    0.9677756915140316,
                    -0.2518138417850333
                ],
                [
                    0.9949055580350106,
                    0.10081136141846365
                ],
                [
                    0.964048709567111,
                    0.26572558322823936
                ],
                [
                    0.09764555281041482,
                    0.9952212548053566
                ],
                [
                    -0.03567177055805752,
                    0.9993635598646037
                ],
                [
                    -0.17110935354466572,
                    0.9852520434536163
                ]
            ]
        },
        {
            "Type": "R",
            "Centroid": {
                "x": 94696.31324999999,
                "y": 432665.4225
            },
            "Distances": [
                0.0
            ],
            "UnitPairs": [
                [
                    0.0,
                    0.0
                ]
            ]
        }
    ],
    "Annual Heating [kWh/m2]": 306.02446253848143,
    "Annual Cooling [kWh/m2]": 1.2685157992286367
}