{
    "Pand ID": "0599100000751775",
    "Archetype ID": "D.2006-2014",
    "Construction Year": 2007,
    "Number of Floors": 3,
    "Wall Area": 220.92,
    "Roof Area (Flat)": 0.0,
    "Roof Area (Sloped)": 166.8,
    "Floor Area": 92.61,
    "Shared Wall Area": 0.0,
    "Absolute Height (70%)": 5.8665771484375,
    "Surfaces": [
        {
            "Type": "G",
            "Centroid": {
                "x": 97803.37516666668,
                "y": 433220.4334166667
            },
            "Distances": [
                6.047146340910395,
                4.544532616417932,
                4.615677310549895,
                5.252468343699911,
                4.124417740924185,
                4.128367740585489,
                6.527750623416428,
                5.901611604869208,
                5.53220233733285,
                5.704395282111684,
                6.043481711835422,
                3.300952822235394,
                3.702149988111736,
                6.209110889197239,
                6.526910080684741,
                6.047608166388781,
                7.430971674970909,
                4.803851444573362,
                5.949037488092872,
                5.241189912748438,
                5.719122080197539,
                5.293396313788453,
                5.305028639709537,
                4.5259321362024245
            ],
            "UnitPairs": [
                [
                    -0.8732907009308045,
                    -0.48719949883778013
                ],
                [
                    -0.417186282221001,
                    -0.9088209977364187
                ],
                [
                    -0.4146556481129747,
                    -0.9099784027591032
                ],
                [
                    0.2715072685845239,
                    -0.9624363891217804
                ],
                [
                    0.42820185642141345,
                    -0.9036831137944623
                ],
                [
                    0.42900328764671253,
                    -0.9033029276982955
                ],
                [
                    0.7259902540270438,
                    -0.687704988390915
                ],
                [
                    0.8728265562352385,
                    -0.4880305346292731
                ],
                [
                    0.9674417179573286,
                    -0.253093900273738
                ],
                [
                    0.9675141816741418,
                    -0.2528167483760039
                ],
                [
                    0.9962937956003487,
                    0.08601553841167597
                ],
                [
                    0.9243038291163633,
                    0.38165747926750826
                ],
                [
                    0.8646552256386343,
                    0.5023657440309823
                ],
                [
                    0.6345648199286099,
                    0.7728696457417452
                ],
                [
                    0.6124005515488242,
                    0.790547635796032
                ],
                [
                    0.1159273739352494,
                    0.9932576926319155
                ],
                [
                    -0.3719455257765476,
                    0.9282545587578914
                ],
                [
                    -0.7851859513558099,
                    0.6192600599049414
                ],
                [
                    -0.8340704990703168,
                    0.5516578673241167
                ],
                [
                    -0.9970859201201494,
                    0.07628674785410097
                ],
                [
                    -0.9980407109063982,
                    0.06256787812808946
                ],
                [
                    -0.9987758998711583,
                    0.04946414698099843
                ],
                [
                    -0.9992248914540354,
                    0.03936516605669326
                ],
                [
                    -0.9999965820251328,
                    0.0026145626884799787
                ]
            ]
        },
        {
            "Type": "F",
            "Centroid": {
                "x": 97803.2627016129,
                "y": 433220.36047580646
            },
            "Distances": [
                5.913401610731136,
                6.179153368501878,
                4.431904883926191,
                4.50324558193699,
                5.214374854759554,
                4.108808864790452,
                4.112875110471802,
                3.9356336207479807,
                0.523236944507536,
                6.560531390522934,
                5.965354838716688,
                5.795611835283166,
                5.623416880881747,
                1.5740309553896779,
                0.09201207902539736,
                6.16212601798643,
                3.432830530125138,
                3.8360421005018583,
                6.336981317839466,
                6.666513805541293,
                6.653594044339377,
                6.133964070843104,
                7.458008347586537,
                4.762406286968871,
                5.8967525669255565,
                5.135260736858314,
                5.612009012654625,
                5.619845950996854,
                5.185269834334573,
                5.196097269632847,
                4.414265715074211
            ],