{
    "Pand ID": "0599100000231914",
    "Archetype ID": "D.1975-1991",
    "Construction Year": 1991,
    "Number of Floors": 3,
    "Wall Area": 291.49,
    "Roof Area (Flat)": 0.0,
    "Roof Area (Sloped)": 224.42,
    "Floor Area": 135.48,
    "Shared Wall Area": 0.0,
    "Absolute Height (70%)": 5.581237316131592,
    "Surfaces": [
        {
            "Type": "G",
            "Centroid": {
                "x": 95728.19142934782,
                "y": 437727.5005869565
            },
            "Distances": [
                7.097267291935396,
                7.535506556074788,
                5.65316200208158,
                8.63394227379097,
                10.144535670474738,
                8.845288075776024,
                8.467765593346101,
                7.790974787768053,
                6.9087702747195365,
                8.300464605399464,
                8.049901185738959,
                1.460698036013855,
                1.5059669045422548,
                4.947008043104216,
                4.7057792281101705,
                4.644561014045618,
                3.3121112293820367,
                4.174949925778495,
                4.59149430210566,
                4.418092158127845,
                6.352702093030584,
                6.244495611972195,
                6.3109034917963385
            ],
            "UnitPairs": [
                [
                    -0.9970463358288117,
                    -0.07680237112446596
                ],
                [
                    -0.9839158512639282,
                    -0.17863257718450912
                ],
                [
                    -0.9145862697575973,
                    -0.4043908445685725
                ],
                [
                    -0.761217082464381,
                    -0.6484971498506497
                ],
                [
                    0.30348315114484686,
                    -0.9528368050045055
                ],
                [
                    0.6362365593934949,
                    -0.7714940314034374
                ],
                [
                    0.7009754328632815,
                    -0.7131854194542505
                ],
                [
                    0.9694160047901579,
                    -0.24542332745011924
                ],
                [
                    0.9739353581914124,
                    -0.2268257438311738
                ],
                [
                    0.97689660008924,
                    0.213712500182099
                ],
                [
                    0.9718995887840982,
                    0.23539581415416153
                ],
                [
                    0.8685543629821583,
                    0.4955939048703659
                ],
                [
                    0.8570544600173814,
                    0.5152258267636771
                ],
                [
                    0.6039399220992304,
                    0.7970298429135358
                ],
                [
                    0.597073410370148,
                    0.8021866008784745
                ],
                [
                    0.5571453673108059,
                    0.830414980406849
                ],
                [
                    -0.726516768663161,
                    0.6871487356105946
                ],
                [
                    -0.776848682135599,
                    0.629687323251932
                ],
                [
                    -0.7930543104788972,
                    0.609150934195164
                ],
                [
                    -0.804035819238502,
                    0.5945808619367688
                ],
                [
                    -0.8346533916093074,
                    0.5507755585309502
                ],
                [
                    -0.9086889799299396,
                    0.4174737569642982
                ],
                [
                    -0.9106943808117149,
                    0.41308079688841415
                ]
            ]
        },
        {
            "Type": "F",
            "Centroid": {
                "x": 95728.82145833333,
                "y": 437727.33891025645
            },
            "Distances": [
                7.715865270288472,
                8.13105936723184,
                6.177134102113232,
                9.024357912987146,
                9.814773699249251,
                14.97116468239632,
                8.328528233509102,
                3.04417709779751,
                7.917957444994297,
                3.9154081160936633,
                3.451334264137093,
                3.2874006055066403,
                12.782778931145055,
                7.140535683239554,
                6.258507258124042,
                3.696622630065012,
                7.286628510383403,
                7.725086586334407,
                7.48187152283376,
                1.0918627683931863,
                1.1469764477096989,
                4.7335239593632235,
                4.468002180387454,
                4.499742835614548,
                4.470069608465827,
                4.704124297591772,
                3.893733923737815,
                4.77389801187801,
                5.1959158687389255,
                5.026742968267855,
                6.970831804619503,
                7.03417705697712,
                5.336448146251331,
                6.188883489229034,
                6.885470786065117,
                6.952371509957833,
                3.7816788630024547,
                6.035110238188267,
                5.576632250179216
            ],