{
    "Pand ID": "0599100100003557",
    "Archetype ID": "D.2006-2014",
    "Construction Year": 2014,
    "Number of Floors": 3,
    "Wall Area": 323.21,
    "Roof Area (Flat)": 0.0,
    "Roof Area (Sloped)": 292.33,
    "Floor Area": 161.9,
    "Shared Wall Area": 0.0,
    "Absolute Height (70%)": 4.730627536773682,
    "Surfaces": [
        {
            "Type": "G",
            "Centroid": {
                "x": 88137.12932720588,
                "y": 441778.5820882353
            },
            "Distances": [
                10.708448618432103,
                7.010107915700695,
                5.739084000622904,
                5.44652942291416,
                4.1223878847198,
                5.112619495659951,
                8.51307351640392,
                7.488632345187199,
                7.331803244316735,
                7.474134688536772,
                8.14154030745821,
                3.6204235032135035,
                3.6202197757747685,
                5.759178269729025,
                7.0538098792829915,
                8.012000663788251,
                11.274767593324096
            ],
            "UnitPairs": [
                [
                    -0.4974357066730615,
                    -0.8675008459515597
                ],
                [
                    -0.21922126226214958,
                    -0.9756751704190232
                ],
                [
                    0.02948820649756559,
                    -0.999565128282073
                ],
                [
                    0.20347549936438633,
                    -0.9790800381778875
                ],
                [
                    0.4750245122202158,
                    -0.879972563657496
                ],
                [
                    0.4776876699295691,
                    -0.8785297319938916
                ],
                [
                    0.9982570076194421,
                    0.05901649547946107
                ],
                [
                    0.8921836439752033,
                    0.4516728300696508
                ],
                [
                    0.8908088605880431,
                    0.4543782277990796
                ],
                [
                    0.8900341740331972,
                    0.4558938133524565
                ],
                [
                    0.5426780593446853,
                    0.8399407859521327
                ],
                [
                    -0.48634219292657604,
                    0.8737684312101056
                ],
                [
                    -0.5363665263822468,
                    0.843985159452844
                ],
                [
                    -0.5423976407002771,
                    0.8401218955382446
                ],
                [
                    -0.8463177783415322,
                    0.532678343902822
                ],
                [
                    -0.9396859812930166,
                    0.3420383846315798
                ],
                [
                    -0.9996449694044307,
                    0.026644608167784096
                ]
            ]
        },
        {
            "Type": "F",
            "Centroid": {
                "x": 88136.47372916667,
                "y": 441779.61086111114
            },
            "Distances": [
                10.814378540335618,
                10.640125622805789,
                3.822476748355372,
                4.192013337870011,
                11.326445781801,
                11.373698696897192,
                7.917547680302337,
                6.815457504230757,
                6.601365253829129,
                6.330162569682492,
                5.33983365769752,
                2.4712127235181227,
                2.0970415913856106,
                9.168954177766224,
                4.5055072340398175,
                4.3010480883297655,
                7.546702539110031,
                7.705111250351118,
                7.685203379957098,
                7.679957338009379,
                7.879236983075833,
                7.71334484601641,
                4.4822477238681415,
                3.8507946354686857,
                3.4799822624214505,
                3.3830346407008522,
                2.3414455748930703,
                2.4037629972623504,
                2.4003103716609226,
                4.539294566115418,
                5.339961339046326,
                6.683679782538447,
                5.973762428058082,
                6.251648137553606,
                9.311920689943367,
                9.007322795134684
            ],