{
    "Pand ID": "0599100000260663",
    "Archetype ID": "D.1975-1991",
    "Construction Year": 1975,
    "Number of Floors": 2,
    "Wall Area": 333.38,
    "Roof Area (Flat)": 36.55,
    "Roof Area (Sloped)": 175.67,
    "Floor Area": 205.14,
    "Shared Wall Area": 0.0,
    "Absolute Height (70%)": -0.5469560623168945,
    "Surfaces": [
        {
            "Type": "G",
            "Centroid": {
                "x": 94090.25109558823,
                "y": 442385.66130882356
            },
            "Distances": [
                12.777782277483917,
                2.462909659275261,
                4.633635358628987,
                10.859734854385785,
                7.415556378420633,
                7.63678820241376,
                7.0467741340006524,
                8.00704116176573,
                7.44749352556153,
                9.795392109449647,
                9.001556332166054,
                9.013374176638594,
                6.998189479382602,
                11.893100567423536,
                9.302640608103319,
                8.322966028941412,
                8.355760016910939
            ],
            "UnitPairs": [
                [
                    -0.9501234505790247,
                    -0.31187405897221976
                ],
                [
                    -0.8528411021194412,
                    -0.5221705224691421
                ],
                [
                    -0.7619224032498214,
                    -0.6476683189920721
                ],
                [
                    -0.6943512608118081,
                    -0.7196362460361849
                ],
                [
                    0.5285550013715796,
                    -0.8488990579127117
                ],
                [
                    0.7856089828277049,
                    -0.6187233033436021
                ],
                [
                    0.7873857322879599,
                    -0.6164606302022482
                ],
                [
                    0.9253767105823665,
                    -0.3790487350087837
                ],
                [
                    0.9343451441599996,
                    -0.3563694032666519
                ],
                [
                    0.9972576189518121,
                    0.07400838765006561
                ],
                [
                    0.4943066784869284,
                    0.8692875862470489
                ],
                [
                    0.4876674734257513,
                    0.8730294584735065
                ],
                [
                    0.448477341319623,
                    0.8937942013253848
                ],
                [
                    -0.03703580792379188,
                    0.9993139391259546
                ],
                [
                    -0.989017094803585,
                    0.14780117112620114
                ],
                [
                    -0.997177035130321,
                    0.07508635434419908
                ],
                [
                    -0.9975718033270029,
                    0.0696455110320226
                ]
            ]
        },
        {
            "Type": "F",
            "Centroid": {
                "x": 94090.02934722223,
                "y": 442385.51369444444
            },
            "Distances": [
                12.521258693699915,
                2.19673688488541,
                4.5285888588420535,
                4.369186187523603,
                10.599688640451244,
                7.412236830395914,
                7.72381349010326,
                7.1348617090836,
                8.159273003225154,
                7.60517276062685,
                10.028310090669198,
                9.24026396613659,
                9.251184629692014,
                7.23078034419176,
                12.034543307018657,
                9.106900030395144,
                8.114581836783055,
                8.146455646978165
            ],
            "UnitPairs": [
                [
                    -0.9518789215832892,
                    -0.30647433603066043
                ],
                [
                    -0.855233157487982,
                    -0.5182434238204443
                ],
                [
                    -0.8324275706458097,
                    -0.5541338643583473
                ],
                [
                    -0.7572857004061935,
                    -0.6530837373264632
                ],
                [
                    -0.6904657740877821,
                    -0.723365063307152
                ],
                [
                    0.5587082378143619,
                    -0.8293642776237535
                ],
                [
                    0.8054671161786152,
                    -0.5926404683742962
                ],
                [
                    0.8087441653462909,
                    -0.5881605860803077
                ],
                [
                    0.9352889374778856,
                    -0.35388501442062803
                ],
                [
                    0.9441307914727358,
                    -0.32957100690604646
                ],
                [
                    0.9962075052974884,
                    0.08700923163064103
                ],
                [
                    0.5055351010416141,
                    0.8628060393940488
                ],
                [
                    0.499101246228402,
                    0.8665436780758694
                ],
                [
                    0.4647185528834009,
                    0.8854584499602213
                ],
                [
                    -0.01817453447525587,
                    0.9998348295076581
                ],
                [
                    -0.9859251987234727,
                    0.16718702857004472
                ],
                [
                    -0.9954576076376652,
                    0.09520583698647939
                ],
                [
                    -0.9959818814260822,
                    0.0895549656410039
                ]
            ]
        },
        {
            "Type": "R",
            "Centroid": {
                "x": 94086.259625,
                "y": 442383.00425
            },
            "Distances": [
                0.0
            ],
            "UnitPairs": [
                [
                    0.0,
                    0.0
                ]
            ]
        }
    ],
    "Annual Heating [kWh/m2]": 292.03686547006424,
    "Annual Cooling [kWh/m2]": 1.2428199568559295
}