{
    "Pand ID": "0599100000224755",
    "Archetype ID": "D.1965",
    "Construction Year": 1931,
    "Number of Floors": 2,
    "Wall Area": 224.78,
    "Roof Area (Flat)": 15.61,
    "Roof Area (Sloped)": 124.41,
    "Floor Area": 99.2,
    "Shared Wall Area": 0.0,
    "Absolute Height (70%)": 1.7971522808074951,
    "Surfaces": [
        {
            "Type": "G",
            "Centroid": {
                "x": 95679.16377272728,
                "y": 441007.4066212121
            },
            "Distances": [
                4.79207389765641,
                5.10720833110784,
                7.088764073427901,
                6.615693815825989,
                6.546677757805691,
                5.985822628763245,
                5.276370578624467,
                5.58569957350977,
                6.4025674749026775,
                7.151897722157893,
                7.337791336289879,
                7.627134175121439,
                7.7782374024507765,
                6.140609551568453,
                6.419833290919157,
                3.6331727262732247,
                3.9483665895821223,
                7.847729629099025,
                6.000728740946196,
                2.1460119385908145,
                2.649346831689674,
                4.233413480313661,
                3.318245784948255,
                4.313373266672101,
                4.235564385632286,
                3.2494183905836387,
                2.52051929437667,
                6.427272391330645,
                6.322745613181825,
                5.250302126780266,
                5.38550549368055,
                5.344012494726753,
                5.417197402278476
            ],
            "UnitPairs": [
                [
                    -0.9816778346383482,
                    -0.19054823268601515
                ],
                [
                    -0.8437628637599488,
                    -0.5367161537904463
                ],
                [
                    -0.48982766125486304,
                    -0.8718192830338127
                ],
                [
                    -0.4146613799909577,
                    -0.9099757908559956
                ],
                [
                    -0.27239353963160606,
                    -0.9621859277535526
                ],
                [
                    -0.07238315502173476,
                    -0.9973768991053982
                ],
                [
                    0.048656035224667354,
                    -0.9988155937089768
                ],
                [
                    0.5850166536395511,
                    -0.8110212789837153
                ],
                [
                    0.6601613008042233,
                    -0.7511238625689346
                ],
                [
                    0.7783566668582071,
                    -0.6278223468126807
                ],
                [
                    0.8555336319906105,
                    -0.517747240005154
                ],
                [
                    0.8740802403170971,
                    -0.4857815697278005
                ],
                [
                    0.8929693082576741,
                    -0.4501175563225802
                ],
                [
                    0.9995306200763376,
                    -0.03063559253241329
                ],
                [
                    0.8037167071022745,
                    0.5950121467034742
                ],
                [
                    0.6899554360860953,
                    0.7238518468687125
                ],
                [
                    0.6029651043572615,
                    0.7977675619674173
                ],
                [
                    0.5769474085774704,
                    0.8167812973714209
                ],
                [
                    0.2910858577565386,
                    0.9566969339420609
                ],
                [
                    0.18020741905844237,
                    0.9836286322165978
                ],
                [
                    0.09690210042005619,
                    0.9952939178625484
                ],
                [
                    -0.29202739893450325,
                    0.9564099530387313
                ],
                [
                    -0.3089803449537289,
                    0.9510684236332707
                ],
                [
                    -0.3114204693697298,
                    0.9502722195547639
                ],
                [
                    -0.3121833613876505,
                    0.9500218675760616
                ],
                [
                    -0.3269116498969511,
                    0.9450549048397416
                ],
                [
                    -0.3448784261287967,
                    0.9386473625334085
                ],
                [
                    -0.8767751519098873,
                    0.4809005437649183
                ],
                [
                    -0.8855761515368114,
                    0.4644942193711894
                ],
                [
                    -0.9662820547778584,
                    0.2574859037195623
                ],
                [
                    -0.9696903537472192,
                    0.24433709879916504
                ],
                [
                    -0.9732897766264054,
                    0.22958007473324382
                ],
                [
                    -0.9738010885584096,
                    0.22740149498729442
                ]
            ]
        },
        {
            "Type": "F",
            "Centroid": {
                "x": 95678.97536486486,
                "y": 441007.6715
            },
            "Distances": [
                4.666981838164239,
                5.100741439674005,
                7.2333804995147455,
                6.784435089090196,
                6.754975198869709,
                6.239806391376836,
                5.552870454900037,
                5.910744037156297,
                6.725986489854401,
                7.465360367979731,
                7.637211505908546,
                7.92172820293612,
                8.154900214284146,
                8.06713332767712,
                6.421882467285767,
                3.585662895009948,
                3.8631179560909774,
                7.746157474025674,
                5.807867421942914,
                1.9335191810594048,
                2.41340615902446,
                2.912209886571314,
                3.9993702229573653,
                3.9264076170067503,
                3.0096883230756437,
                2.7376527955565453,
                4.00415644747874,
                3.926287117811551,
                2.9389242593053586,
                2.2085692119686615,
                6.136335458241362,
                6.204618952236023,
                6.034653476838085,
                5.0043454864654455,
                5.142411543005628,
                5.104337190412283,
                5.177961293150685
            ],