{
    "Pand ID": "0599100000271811",
    "Archetype ID": "D.1992-2005",
    "Construction Year": 1996,
    "Number of Floors": 2,
    "Wall Area": 242.39,
    "Roof Area (Flat)": 104.94,
    "Roof Area (Sloped)": 0.0,
    "Floor Area": 104.94,
    "Shared Wall Area": 0.0,
    "Absolute Height (70%)": 1.8330750465393066,
    "Surfaces": [
        {
            "Type": "G",
            "Centroid": {
                "x": 97005.98775000001,
                "y": 438188.01397222216
            },
            "Distances": [
                7.329797969305122,
                7.196682765447519,
                7.24207582609149,
                7.974377589367028,
                6.8741807305654845,
                6.144434061674755,
                6.817124690822894,
                4.18012904435665,
                6.174944187309312
            ],
            "UnitPairs": [
                [
                    -0.4079239308540855,
                    -0.9130159180630705
                ],
                [
                    -0.3865669907479274,
                    -0.9222613304612157
                ],
                [
                    -0.38221085590384074,
                    -0.9240751385191864
                ],
                [
                    0.841821186012045,
                    -0.539756510642784
                ],
                [
                    0.6216013467593235,
                    0.783333751160382
                ],
                [
                    0.5442323843689055,
                    0.8389345098421783
                ],
                [
                    0.09578818484429524,
                    0.9954017398237935
                ],
                [
                    -0.24305469741166347,
                    0.9700125844885336
                ],
                [
                    -0.8788743404619128,
                    0.47705334468761235
                ]
            ]
        },
        {
            "Type": "F",
            "Centroid": {
                "x": 97005.69005,
                "y": 438187.33955
            },
            "Distances": [
                6.59260162072918,
                6.634841409558168,
                6.4596230795407665,
                6.505097918530615,
                7.894641380705617,
                7.589809162962228,
                6.873248979172438,
                7.520532862135284,
                4.783438881184339,
                6.278181785361134
            ],
            "UnitPairs": [
                [
                    -0.40838202501569826,
                    -0.912811109509562
                ],
                [
                    -0.40382276449646815,
                    -0.9148372395538072
                ],
                [
                    -0.3845890030123946,
                    -0.9230879149690631
                ],
                [
                    -0.37974831907816353,
                    -0.9250898411275034
                ],
                [
                    0.8880327378939529,
                    -0.4597802262261504
                ],
                [
                    0.6022154051384182,
                    0.7983336431680497
                ],
                [
                    0.5298367643930928,
                    0.8480996421986383
                ],
                [
                    0.12641391473573116,
                    0.9919775814811479
                ],
                [
                    -0.150163933908127,
                    0.9886611112778916
                ],
                [
                    -0.8170040587165738,
                    0.5766319172926914
                ]
            ]
        },
        {
            "Type": "R",
            "Centroid": {
                "x": 97005.98775000001,
                "y": 438188.01397222216
            },
            "Distances": [
                7.329797969305122,
                7.196682765447519,
                7.24207582609149,
                7.974377589367028,
                6.8741807305654845,
                6.144434061674755,
                6.817124690822894,
                4.18012904435665,
                6.174944187309312
            ],
            "UnitPairs": [
                [
                    -0.4079239308540855,
                    -0.9130159180630705
                ],
                [
                    -0.3865669907479274,
                    -0.9222613304612157
                ],
                [
                    -0.38221085590384074,
                    -0.9240751385191864
                ],
                [
                    0.841821186012045,
                    -0.539756510642784
                ],
                [
                    0.6216013467593235,
                    0.783333751160382
                ],
                [
                    0.5442323843689055,
                    0.8389345098421783
                ],
                [
                    0.09578818484429524,
                    0.9954017398237935
                ],
                [
                    -0.24305469741166347,
                    0.9700125844885336
                ],
                [
                    -0.8788743404619128,
                    0.47705334468761235
                ]
            ]
        }
    ],
    "Annual Heating [kWh/m2]": 155.5087523117118,
    "Annual Cooling [kWh/m2]": 0.5198466215499917
}