{
    "Pand ID": "0599100000420999",
    "Archetype ID": "D.1992-2005",
    "Construction Year": 2005,
    "Number of Floors": 3,
    "Wall Area": 430.68,
    "Roof Area (Flat)": 115.38,
    "Roof Area (Sloped)": 0.0,
    "Floor Area": 115.37,
    "Shared Wall Area": 0.0,
    "Absolute Height (70%)": 4.076956748962402,
    "Surfaces": [
        {
            "Type": "G",
            "Centroid": {
                "x": 93362.5191875,
                "y": 442562.2495
            },
            "Distances": [
                8.631823098266013,
                8.497171529380473,
                8.980611337745575,
                4.861533194364494,
                9.92732632685161,
                9.61719636904909,
                4.154004453577188
            ],
            "UnitPairs": [
                [
                    -0.8511527537542718,
                    -0.5249180791099881
                ],
                [
                    -0.8275695007088106,
                    -0.5613632705268218
                ],
                [
                    -0.24185435916561773,
                    -0.9703125625037472
                ],
                [
                    0.9998903238231017,
                    0.014810142637148875
                ],
                [
                    0.87354839706792,
                    0.4867372987352292
                ],
                [
                    0.35821250474612704,
                    0.933640081318013
                ],
                [
                    -0.10279237896057965,
                    0.9947028334269611
                ]
            ]
        },
        {
            "Type": "F",
            "Centroid": {
                "x": 93361.59768749999,
                "y": 442561.679375
            },
            "Distances": [
                7.5482170752776065,
                7.585251051590817,
                7.4146584726130405,
                8.239323410678557,
                5.818043551371475,
                11.009913567566686,
                10.500100500282416,
                4.728055600956994
            ],
            "UnitPairs": [
                [
                    -0.8512606269688183,
                    -0.5247431228445538
                ],
                [
                    -0.8504003303409322,
                    -0.5261361783379218
                ],
                [
                    -0.8241107830610291,
                    -0.5664286515021442
                ],
                [
                    -0.15177217080396882,
                    -0.9884155038087226
                ],
                [
                    0.993890806925649,
                    0.11036785722610683
                ],
                [
                    0.8713510729333499,
                    0.4906600734703201
                ],
                [
                    0.4158531625374711,
                    0.9094317716066356
                ],
                [
                    0.10458844856121402,
                    0.994515588830843
                ]
            ]
        },
        {
            "Type": "R",
            "Centroid": {
                "x": 93355.3296875,
                "y": 442557.59900000005
            },
            "Distances": [
                0.19770306018746767,
                0.19770306015228453
            ],
            "UnitPairs": [
                [
                    0.7966492772131002,
                    -0.6044418326984369
                ],
                [
                    -0.7966492773548715,
                    0.6044418325115833
                ]
            ]
        }
    ],
    "Annual Heating [kWh/m2]": 115.61996718233851,
    "Annual Cooling [kWh/m2]": 0.32961570001119095
}