{
    "Pand ID": "0599100000378222",
    "Archetype ID": "D.1992-2005",
    "Construction Year": 2002,
    "Number of Floors": 3,
    "Wall Area": 298.33,
    "Roof Area (Flat)": 37.39,
    "Roof Area (Sloped)": 152.84,
    "Floor Area": 136.17,
    "Shared Wall Area": 0.0,
    "Absolute Height (70%)": 3.092271089553833,
    "Surfaces": [
        {
            "Type": "G",
            "Centroid": {
                "x": 100569.90265277779,
                "y": 444141.2403055555
            },
            "Distances": [
                6.6911218248433215,
                6.820893876505509,
                6.268255662645788,
                6.53530946706728,
                4.138598037887922,
                4.605200363261656,
                6.853302557242475,
                8.8635491228065,
                6.815061379609541,
                6.70144017250272,
                7.256203923922696,
                7.143167158366507,
                8.271137456853118,
                7.785742856663133,
                8.24004543185231,
                7.876292609778863,
                7.404939091010871,
                7.878839730381867
            ],
            "UnitPairs": [
                [
                    -0.9873946328795428,
                    -0.15827772730448528
                ],
                [
                    -0.8211207913785002,
                    -0.5707544533036475
                ],
                [
                    -0.806728067574724,
                    -0.5909228587448208
                ],
                [
                    -0.7384161074710909,
                    -0.674345350860553
                ],
                [
                    -0.5235535700628046,
                    -0.8519927577594144
                ],
                [
                    -0.4201289032334773,
                    -0.9074644371367042
                ],
                [
                    -0.14777952225548605,
                    -0.9890203298223653
                ],
                [
                    0.9169264038155938,
                    -0.3990563493866533
                ],
                [
                    0.9998768672277224,
                    0.015692367025904725
                ],
                [
                    0.9975799306003725,
                    0.06952900159901454
                ],
                [
                    0.9958681285653234,
                    0.09081118052200701
                ],
                [
                    0.8720532621052746,
                    0.4894109807222856
                ],
                [
                    0.6281146032596256,
                    0.7781208422680908
                ],
                [
                    0.5970171771384902,
                    0.8022284526253033
                ],
                [
                    0.5357036267240772,
                    0.8444060778527536
                ],
                [
                    -0.9360721018196372,
                    0.3518082150760083
                ],
                [
                    -0.9604100304372283,
                    0.2785903326311993
                ],
                [
                    -0.9710538657469386,
                    0.23886060750556273
                ]
            ]
        },
        {
            "Type": "F",
            "Centroid": {
                "x": 100570.14404166667,
                "y": 444141.1246944444
            },
            "Distances": [
                6.957010700856722,
                6.399023641030955,
                6.6402314302767085,
                3.9259530764834927,
                4.174972814664216,
                4.609477423115964,
                6.779461630757337,
                8.596083378352326,
                6.576600109705664,
                6.470022789130918,
                7.0276477574576495,
                6.99267341998416,
                8.213607300806121,
                7.738835126425657,
                8.212656465792191,
                8.142956281544812,
                7.6691045329005725,
                8.141039423317443
            ],
            "UnitPairs": [
                [
                    -0.8397524336062381,
                    -0.5429694745125188
                ],
                [
                    -0.8279648527476086,
                    -0.5607799948416766
                ],
                [
                    -0.7631009129547367,
                    -0.6462793487708295
                ],
                [
                    -0.6375946471878143,
                    -0.7703720308250077
                ],
                [
                    -0.5768101431024351,
                    -0.8168782398951195
                ],
                [
                    -0.47210702362016677,
                    -0.881541240242626
                ],
                [
                    -0.18499502393755607,
                    -0.9827394573936385
                ],
                [
                    0.9173751563639738,
                    -0.39802364563700804
                ],
                [
                    0.9994272456408623,
                    0.033840518180421345
                ],
                [
                    0.9959521849210169,
                    0.08988462243928402
                ],
                [
                    0.9939077162638001,
                    0.11021547782084627
                ],
                [
                    0.8563010130317565,
                    0.5164770808862554
                ],
                [
                    0.6031251741055152,
                    0.7976465535311941
                ],
                [
                    0.5694440133863498,
                    0.8220301184375465
                ],
                [
                    0.5080978792563966,
                    0.861299335362075
                ],
                [
                    -0.9350617151074504,
                    0.35448496292552834
                ],
                [
                    -0.9588038127688157,
                    0.28406909127883284
                ],
                [
                    -0.9694298548742263,
                    0.24536861347478092
                ]
            ]
        },
        {
            "Type": "R",
            "Centroid": {
                "x": 100563.295875,
                "y": 444140.18124999997
            },
            "Distances": [
                0.0
            ],
            "UnitPairs": [
                [
                    0.0,
                    0.0
                ]
            ]
        }
    ],
    "Annual Heating [kWh/m2]": 109.03128009628254,
    "Annual Cooling [kWh/m2]": 0.2955848591131142
}