{
    "Pand ID": "0599100000113553",
    "Archetype ID": "D.1965",
    "Construction Year": 1880,
    "Number of Floors": 2,
    "Wall Area": 142.23,
    "Roof Area (Flat)": 10.93,
    "Roof Area (Sloped)": 77.02,
    "Floor Area": 67.47,
    "Shared Wall Area": 0.0,
    "Absolute Height (70%)": -0.020824899896979332,
    "Surfaces": [
        {
            "Type": "G",
            "Centroid": {
                "x": 92333.46967307694,
                "y": 443561.00371153845
            },
            "Distances": [
                6.969593558657346,
                2.1058367028312146,
                2.2890387274709703,
                5.541044825428524,
                2.98613048876998,
                4.584960924635908,
                4.3134692252721845,
                2.6218354528685537,
                2.3288914306633366,
                6.054999249466904,
                5.88096503623438,
                7.150437032631106,
                4.82433341626579
            ],
            "UnitPairs": [
                [
                    -0.9803904660183342,
                    -0.19706479680641456
                ],
                [
                    -0.8794238767141113,
                    -0.47603954149327077
                ],
                [
                    -0.8645214487525166,
                    -0.5025959258160076
                ],
                [
                    -0.7478595116060072,
                    -0.6638570259479253
                ],
                [
                    0.10551344767266868,
                    -0.9944178761266448
                ],
                [
                    0.3760287058950566,
                    -0.9266080143959954
                ],
                [
                    0.9261864903676259,
                    -0.3770657569449916
                ],
                [
                    0.9905567949434408,
                    -0.13710301233517086
                ],
                [
                    0.9987914818367725,
                    -0.04914850771187741
                ],
                [
                    0.8528616949914946,
                    0.5221368874310979
                ],
                [
                    0.4851375421367751,
                    0.8744378566882205
                ],
                [
                    0.07455165616190586,
                    0.9972171531635007
                ],
                [
                    -0.9742119110346933,
                    0.2256349981676841
                ]
            ]
        },
        {
            "Type": "F",
            "Centroid": {
                "x": 92332.84082142857,
                "y": 443560.5435357143
            },
            "Distances": [
                6.270932393735463,
                1.8105644584564966,
                1.3379004131013181,
                1.5163071026825488,
                4.7658252262371334,
                2.680954297309482,
                4.4595270506797275,
                4.76874593590207,
                3.2275003509330995,
                2.9750833987607925,
                6.8318984038479575,
                7.679128946165178,
                4.355701839554202,
                2.9532615047257296
            ],
            "UnitPairs": [
                [
                    -0.9893379547140888,
                    -0.1456379461615121
                ],
                [
                    -0.9621703444096914,
                    -0.2724485792558587
                ],
                [
                    -0.9141722482420511,
                    -0.4053259189147343
                ],
                [
                    -0.890368070012649,
                    -0.45524136444522556
                ],
                [
                    -0.7375577705239126,
                    -0.6752840403413926
                ],
                [
                    0.3520867820759852,
                    -0.9359673594134454
                ],
                [
                    0.5276184099104172,
                    -0.8494814968694744
                ],
                [
                    0.9696319815685084,
                    -0.24456864132494124
                ],
                [
                    0.9995130040781566,
                    0.0312050425197429
                ],
                [
                    0.9932254580365361,
                    0.11620322503318589
                ],
                [
                    0.8479236998272229,
                    0.5301182879993046
                ],
                [
                    0.15130994407981743,
                    0.9884863685567761
                ],
                [
                    -0.934653375857243,
                    0.3555602157141029
                ],
                [
                    -0.9992584211893765,
                    0.03850464494206576
                ]
            ]
        },
        {
            "Type": "R",
            "Centroid": {
                "x": 92336.32275,
                "y": 443566.14625
            },
            "Distances": [
                0.0
            ],
            "UnitPairs": [
                [
                    0.0,
                    0.0
                ]
            ]
        }
    ],
    "Annual Heating [kWh/m2]": 389.02830530324127,
    "Annual Cooling [kWh/m2]": 1.7736342383768076
}