{
    "Pand ID": "0599100000166108",
    "Archetype ID": "D.1965",
    "Construction Year": 1899,
    "Number of Floors": 3,
    "Wall Area": 388.5,
    "Roof Area (Flat)": 38.08,
    "Roof Area (Sloped)": 116.71,
    "Floor Area": 137.42,
    "Shared Wall Area": 12.78,
    "Absolute Height (70%)": 7.579555988311768,
    "Surfaces": [
        {
            "Type": "G",
            "Centroid": {
                "x": 95098.03458333334,
                "y": 437145.00625000003
            },
            "Distances": [
                8.853399473433937,
                8.468923932210432,
                8.890382625978237,
                5.942152547933789,
                5.111977249863541,
                4.827757595726327,
                4.880941480536421,
                6.539396065616545,
                5.6047683630042275,
                5.358287823816179,
                4.815472327409603,
                9.087339575993424,
                5.286956834460029,
                5.049011345733215,
                10.517199155155021,
                7.223238232903004,
                6.962736212804119,
                6.307871397646153,
                6.485474518933973,
                7.8659300511237555,
                6.021889105798328,
                5.892495727837281,
                7.7717354712887445,
                7.641654079418986
            ],
            "UnitPairs": [
                [
                    -0.9888950972570646,
                    -0.14861523011098382
                ],
                [
                    -0.9837239536007468,
                    -0.17968634648218537
                ],
                [
                    -0.9760078613476175,
                    -0.21773528558240138
                ],
                [
                    -0.8020802722395552,
                    -0.5972162396352939
                ],
                [
                    -0.31202864476288195,
                    -0.9500726945068146
                ],
                [
                    -0.1744253551756759,
                    -0.9846703994087763
                ],
                [
                    -0.12806613966282246,
                    -0.991765629507225
                ],
                [
                    0.374027913605693,
                    -0.9274174463766423
                ],
                [
                    0.5734254225160386,
                    -0.8192577645724833
                ],
                [
                    0.5886053101970791,
                    -0.8084205519454589
                ],
                [
                    0.8345841058576167,
                    -0.5508805408161033
                ],
                [
                    0.9811360731163514,
                    -0.1933184058226875
                ],
                [
                    0.998668389394113,
                    -0.051589223922911404
                ],
                [
                    0.9993870722669841,
                    -0.03500685340937922
                ],
                [
                    0.9855206232904572,
                    0.1695555987550656
                ],
                [
                    0.8813106340123631,
                    0.4725373703494005
                ],
                [
                    0.8582713008247048,
                    0.5131962335994575
                ],
                [
                    0.770452718561624,
                    0.6374971438845848
                ],
                [
                    -0.1634550147795372,
                    0.9865507884257259
                ],
                [
                    -0.39589512150428396,
                    0.9182957327403347
                ],
                [
                    -0.7281906485324456,
                    0.6853746270397645
                ],
                [
                    -0.7696371016293365,
                    0.6384815829729111
                ],
                [
                    -0.8150153021464915,
                    0.5794394336486456
                ],
                [
                    -0.8664463563168244,
                    0.4992701789865869
                ]
            ]
        },
        {
            "Type": "F",
            "Centroid": {
                "x": 95097.30396808512,
                "y": 437144.4444148936
            },
            "Distances": [
                7.015028775129496,
                8.059806183512057,
                7.660845365608532,
                8.328553781942412,
                2.9813406153429116,
                8.064365887196601,
                2.8708509919341325,
                5.020623790658379,
                5.7695801362953185,
                4.381049989810317,
                4.193396667253959,
                4.280216075325403,
                3.7397176211046093,
                7.520272281167661,
                6.412836828049511,
                6.735991783727303,
                6.353930069807862,
                2.530616246623115,
                5.639108624316109,
                5.413118001886512,
                0.9923649555399183,
                1.9583399484877548,
                5.189410226841738,
                9.720257177034378,
                6.017479879371459,
                5.789353288818489,
                6.1383683268091,
                5.784404731566314,
                11.340646041144456,
                4.464196200417398,
                8.13400681229247,
                7.87886407819497,
                7.22901903332723,
                6.967878723678075,
                8.141773162359696,
                4.175570937315228,
                4.107266061942557,
                4.40410946552848,
                5.944968975567429,
                5.759486905822679,
                7.553405967913509,
                7.338697996986713,
                6.099718845409407,
                4.1856307657795515,
                1.7755085854651824,
                4.50795691243806,
                3.7927203133760563
            ],