{
    "Pand ID": "0599100000420997",
    "Archetype ID": "D.1992-2005",
    "Construction Year": 2005,
    "Number of Floors": 3,
    "Wall Area": 426.55,
    "Roof Area (Flat)": 115.18,
    "Roof Area (Sloped)": 0.01,
    "Floor Area": 115.17,
    "Shared Wall Area": 0.0,
    "Absolute Height (70%)": 4.06190299987793,
    "Surfaces": [
        {
            "Type": "G",
            "Centroid": {
                "x": 93411.87774305556,
                "y": 442577.0450555555
            },
            "Distances": [
                4.306965941026081,
                4.2672316755403275,
                9.931117681043037,
                10.6278961624046,
                5.640071468729744,
                8.833797978709192,
                7.959604286361951,
                7.724081740166224,
                7.766362687594856
            ],
            "UnitPairs": [
                [
                    -0.9423235779273648,
                    -0.3347032633276375
                ],
                [
                    -0.93727171610484,
                    -0.34859967038121026
                ],
                [
                    -0.7846604788935807,
                    -0.6199257478621907
                ],
                [
                    -0.24516193193224287,
                    -0.9694821437918546
                ],
                [
                    0.21709732779549015,
                    -0.9761499629995677
                ],
                [
                    0.9298881935312673,
                    0.36784228621945614
                ],
                [
                    0.3955528856918743,
                    0.9184432016302537
                ],
                [
                    0.38754696611647016,
                    0.9218499601637565
                ],
                [
                    0.3702433893593855,
                    0.928934783844202
                ]
            ]
        },
        {
            "Type": "F",
            "Centroid": {
                "x": 93411.4422784091,
                "y": 442577.1605909091
            },
            "Distances": [
                3.943516176536232,
                3.90802308987577,
                9.674757676920924,
                9.667776942829299,
                10.642685277933138,
                5.861054614824524,
                9.200125731273705,
                8.038104328672313,
                7.799113342288508,
                8.072357176239771,
                7.833047254379494
            ],
            "UnitPairs": [
                [
                    -0.9187463032744054,
                    -0.39484836357722725
                ],
                [
                    -0.9119933089239747,
                    -0.41020507612400375
                ],
                [
                    -0.7632326468195465,
                    -0.6461237705183345
                ],
                [
                    -0.7609909654100016,
                    -0.6487624762302101
                ],
                [
                    -0.2039044519700679,
                    -0.9789907938621212
                ],
                [
                    0.28320996816884714,
                    -0.9590579304347577
                ],
                [
                    0.9401946607644933,
                    0.34063763718934426
                ],
                [
                    0.44586496322465197,
                    0.8951002371626765
                ],
                [
                    0.43965370682693655,
                    0.8981673664041319
                ],
                [
                    0.42923138994723015,
                    0.9031945603711133
                ],
                [
                    0.4226846823963376,
                    0.9062768116130453
                ]
            ]
        },
        {
            "Type": "R",
            "Centroid": {
                "x": 93414.8896875,
                "y": 442584.3075
            },
            "Distances": [
                0.14469364187515446,
                0.14469364187515446
            ],
            "UnitPairs": [
                [
                    -0.9433724815014591,
                    -0.3317353781943962
                ],
                [
                    0.9433724815014591,
                    0.3317353781943962
                ]
            ]
        }
    ],
    "Annual Heating [kWh/m2]": 115.37283952358557,
    "Annual Cooling [kWh/m2]": 0.3284838352095523
}