{
    "Pand ID": "0599100000208587",
    "Archetype ID": "D.1965",
    "Construction Year": 1922,
    "Number of Floors": 2,
    "Wall Area": 170.48,
    "Roof Area (Flat)": 10.47,
    "Roof Area (Sloped)": 86.82,
    "Floor Area": 72.65,
    "Shared Wall Area": 0.0,
    "Absolute Height (70%)": 5.493325233459473,
    "Surfaces": [
        {
            "Type": "G",
            "Centroid": {
                "x": 97500.39964285714,
                "y": 434928.92882142856
            },
            "Distances": [
                6.192363248137441,
                4.617132260539748,
                4.632527113122274,
                3.8811050558006106,
                6.610456286148437,
                5.511290025009308,
                5.859760638449789,
                6.592769081986942,
                4.591120780981998,
                6.698673100817063,
                5.522418054477594,
                5.662277459243028,
                5.518119285955278,
                5.637545377447329
            ],
            "UnitPairs": [
                [
                    -0.9708963470371548,
                    -0.23950006954050918
                ],
                [
                    0.45306415862090194,
                    -0.8914779123304929
                ],
                [
                    0.45717101943381216,
                    -0.8893788051161602
                ],
                [
                    0.5866517680209653,
                    -0.8098393069479127
                ],
                [
                    0.7155114470336262,
                    -0.6986010085620019
                ],
                [
                    0.9874017005383312,
                    -0.15823363035085738
                ],
                [
                    0.9872173113870673,
                    0.15937998650298024
                ],
                [
                    0.9235659655496786,
                    0.38343957448115573
                ],
                [
                    0.7453206539511154,
                    0.6667061742581073
                ],
                [
                    -0.712550498480091,
                    0.7016208285931752
                ],
                [
                    -0.9416423758288499,
                    0.3366149670519702
                ],
                [
                    -0.9424022216407586,
                    0.3344817672856961
                ],
                [
                    -0.9527055477977071,
                    0.3038949476307079
                ],
                [
                    -0.9534544730485491,
                    0.301537009044849
                ]
            ]
        },
        {
            "Type": "F",
            "Centroid": {
                "x": 97500.90755263157,
                "y": 434929.0575921053
            },
            "Distances": [
                6.716332428555327,
                4.530736558772102,
                4.543631781364397,
                3.719425433367379,
                6.352743466747324,
                5.034433588212588,
                2.344268009723663,
                1.8198430604196305,
                2.4192964454357657,
                5.338019554539424,
                6.074778360801389,
                2.9608847319821607,
                4.133840730536582,
                6.984626074176757,
                2.2087608996634,
                5.964504269881779,
                6.104812327479749,
                5.969306887040875,
                6.089240132893968
            ],
            "UnitPairs": [
                [
                    -0.9707757471702831,
                    -0.23998843452545485
                ],
                [
                    0.34960041218134963,
                    -0.9368989015911112
                ],
                [
                    0.35433051045928066,
                    -0.9351202539554289
                ],
                [
                    0.4755969436999824,
                    -0.8796633146512567
                ],
                [
                    0.664586472053035,
                    -0.7472113631122727
                ],
                [
                    0.9800402134562353,
                    -0.19879934609715563
                ],
                [
                    0.9900520583818136,
                    -0.14070153408521796
                ],
                [
                    0.9940128397698135,
                    -0.10926332583603302
                ],
                [
                    0.997375651496532,
                    0.0724003439347372
                ],
                [
                    0.9885590179121111,
                    0.1508345719808372
                ],
                [
                    0.9187079819129514,
                    0.39493751907033614
                ],
                [
                    0.8878925072743864,
                    0.4600509705739179
                ],
                [
                    0.7049007347800731,
                    0.7093059664957804
                ],
                [
                    -0.7560966865639767,
                    0.6544599304518005
                ],
                [
                    -0.9331261848606286,
                    0.3595490552448273
                ],
                [
                    -0.9570036960812809,
                    0.29007572405626675
                ],
                [
                    -0.957286206041431,
                    0.28914204073915417
                ],
                [
                    -0.9657825842537665,
                    0.25935304114684365
                ],
                [
                    -0.9661390425042047,
                    0.2580219962504329
                ]
            ]
        },
        {
            "Type": "R",
            "Centroid": {
                "x": 97502.7165,
                "y": 434928.85875
            },
            "Distances": [
                0.0
            ],
            "UnitPairs": [
                [
                    0.0,
                    0.0
                ]
            ]
        }
    ],
    "Annual Heating [kWh/m2]": 394.1268617887273,
    "Annual Cooling [kWh/m2]": 1.7308624209349297
}