{
    "Pand ID": "0599100000363558",
    "Archetype ID": "D.1992-2005",
    "Construction Year": 1999,
    "Number of Floors": 2,
    "Wall Area": 221.35,
    "Roof Area (Flat)": 0.0,
    "Roof Area (Sloped)": 166.01,
    "Floor Area": 114.19,
    "Shared Wall Area": 0.0,
    "Absolute Height (70%)": 1.6527035236358643,
    "Surfaces": [
        {
            "Type": "G",
            "Centroid": {
                "x": 97164.20927631579,
                "y": 438242.98227631574
            },
            "Distances": [
                9.47091115086945,
                9.292225028210591,
                9.851154870911257,
                11.063583131669894,
                6.097125973169909,
                3.4306964884478637,
                2.6131582074288717,
                2.573890415241329,
                2.2828726193401265,
                5.326551479073883,
                5.302936056308749,
                5.228766144738141,
                5.432698551754819,
                5.348717340233286,
                7.0985812871902905,
                7.121087060489596,
                5.085859848270089,
                2.568986555524635,
                2.254686610588173
            ],
            "UnitPairs": [
                [
                    -0.9997481937013852,
                    -0.022439901755965618
                ],
                [
                    -0.9518200741954133,
                    -0.3066570500716358
                ],
                [
                    -0.8366050908533453,
                    -0.5478064639617405
                ],
                [
                    -0.6886129226953537,
                    -0.7251291213962952
                ],
                [
                    0.3446662728417245,
                    -0.9387252848226652
                ],
                [
                    0.42803952175952786,
                    -0.9037600167145451
                ],
                [
                    0.48618322480497517,
                    -0.8738568944159193
                ],
                [
                    0.5103067622617987,
                    -0.8599924467051323
                ],
                [
                    0.8981989038025654,
                    -0.4395892733084712
                ],
                [
                    0.9990467012497157,
                    -0.04365419478195769
                ],
                [
                    0.8820535708026632,
                    0.47114912526106995
                ],
                [
                    0.8790742513584879,
                    0.47668486508228275
                ],
                [
                    0.8423941878262258,
                    0.5388617933353537
                ],
                [
                    0.8393551946446417,
                    0.5435833489199755
                ],
                [
                    0.5400337798660808,
                    0.8416433428736624
                ],
                [
                    0.5380461791393188,
                    0.8429153629597577
                ],
                [
                    -0.43621459929585993,
                    0.8998426658928507
                ],
                [
                    -0.6269111499753418,
                    0.7790907585362532
                ],
                [
                    -0.6779329369357322,
                    0.7351237535392885
                ]
            ]
        },
        {
            "Type": "F",
            "Centroid": {
                "x": 97163.62258333333,
                "y": 438242.68002777774
            },
            "Distances": [
                8.641784273989378,
                7.532925217133576,
                9.19500622284586,
                10.442670587230632,
                6.4735023745858005,
                7.104825910300892,
                4.228724248688657,
                5.834359118773709,
                6.051156316888936,
                3.471896966958134,
                2.7156085248818553,
                2.6951096647171036,
                2.7288163275304798,
                1.5774201492214428,
                5.908578048000393,
                1.5556686645434903,
                5.962842917651917,
                5.888606710763793,
                6.090106375154085,
                6.005812582131381,
                7.676920946314161,
                7.714267164378099,
                7.698682938945968,
                0.7965764903180048,
                0.9106247516609526,
                1.9814380564829492,
                1.9747914923693397,
                5.14439603349758,
                2.495501306715962,
                2.0139250494831322,
                2.5209860712833736,
                2.1742955677874067,
                1.3440294699688955,
                1.4301840186457595,
                1.105157854219285,
                8.882286498321669
            ],