{
    "Pand ID": "0599100000233744",
    "Archetype ID": "D.1965",
    "Construction Year": 1939,
    "Number of Floors": 3,
    "Wall Area": 334.94,
    "Roof Area (Flat)": 0.0,
    "Roof Area (Sloped)": 137.53,
    "Floor Area": 106.32,
    "Shared Wall Area": 0.0,
    "Absolute Height (70%)": 4.117573261260986,
    "Surfaces": [
        {
            "Type": "G",
            "Centroid": {
                "x": 96765.56949264706,
                "y": 437754.08075
            },
            "Distances": [
                7.103226414745475,
                6.950827688709468,
                8.15502522262001,
                4.448771155413711,
                5.329465526072398,
                6.0970278269689775,
                5.796847101903258,
                10.196626663881633,
                10.169811104986245,
                10.240090114734265,
                9.31938968111269,
                9.402362483117074,
                9.176325355410256,
                9.273333202012154,
                9.403409167407474,
                1.629393436126693,
                3.409021055652501,
                2.9710306142661773,
                2.875644280571476,
                2.88955214814448,
                1.6226425702926135,
                5.416167667727588,
                5.01175357641382,
                4.580309143723831,
                4.752493466186235,
                4.725005350042762,
                4.807178299702483,
                5.038803508092992,
                4.938553917218461,
                5.017147129849695,
                4.910601739128851,
                5.360230408158081,
                6.91295605659486,
                5.799265290616366
            ],
            "UnitPairs": [
                [
                    -0.9861881401551531,
                    -0.16562895947665687
                ],
                [
                    -0.9852233365230049,
                    -0.17127456661885862
                ],
                [
                    -0.8912440426186707,
                    -0.45352404180674816
                ],
                [
                    -0.011040722336996102,
                    -0.9999390493676489
                ],
                [
                    0.0864781563342253,
                    -0.9962537470328697
                ],
                [
                    0.42166157444293656,
                    -0.9067532832244413
                ],
                [
                    0.5608018110168543,
                    -0.827950076248693
                ],
                [
                    0.8506619531001266,
                    -0.5257130791105334
                ],
                [
                    0.8534949433508299,
                    -0.5211011242307617
                ],
                [
                    0.8552544220613247,
                    -0.518208330253914
                ],
                [
                    0.9614237261798826,
                    -0.2750716610965043
                ],
                [
                    0.9618733982208738,
                    -0.27349509281708945
                ],
                [
                    0.9967914168971371,
                    -0.08004293348071365
                ],
                [
                    0.9984416769288266,
                    -0.05580517692430264
                ],
                [
                    0.9976043992060086,
                    0.06917703871096863
                ],
                [
                    0.21718655856327398,
                    0.9761301136526019
                ],
                [
                    0.07066027138230246,
                    0.9975004391217978
                ],
                [
                    0.06626735920728756,
                    0.9978019027360552
                ],
                [
                    0.06533574204914092,
                    0.997863337742643
                ],
                [
                    0.037681393982789864,
                    0.9992898040846377
                ],
                [
                    0.037520495300356234,
                    0.9992958583084471
                ],
                [
                    -0.7069791561074666,
                    0.7072343832348468
                ],
                [
                    -0.7781942163751824,
                    0.6280236950945527
                ],
                [
                    -0.7892737222798583,
                    0.6140415224709949
                ],
                [
                    -0.8315882336668197,
                    0.555392662561272
                ],
                [
                    -0.837695908012377,
                    0.5461369477514951
                ],
                [
                    -0.8425145469062931,
                    0.5386735915666218
                ],
                [
                    -0.8801926171447192,
                    0.4746166418531169
                ],
                [
                    -0.9049445894443434,
                    0.4255294232311191
                ],
                [
                    -0.9073119701795763,
                    0.4204580701673539
                ],
                [
                    -0.9115212116260669,
                    0.4112530616977178
                ],
                [
                    -0.9164004665898775,
                    0.40026264481444535
                ],
                [
                    -0.9425949758288524,
                    0.33393818521128277
                ],
                [
                    -0.9480714144871702,
                    0.3180575310101876
                ]
            ]
        },
        {
            "Type": "F",
            "Centroid": {
                "x": 96765.31625304878,
                "y": 437754.15171341464
            },
            "Distances": [
                6.866150461235558,
                6.714440142319236,
                7.963502274338299,
                4.524070658934667,
                5.427647438588895,
                6.271336008158492,
                6.00002371015206,
                10.449607703465464,
                10.520116647574737,
                10.423173465094331,
                10.493685320008183,
                9.582380370816812,
                9.66535511368644,
                9.434567505191424,
                9.530307088718846,
                9.651537101667262,
                1.6363338589488217,
                1.582035493555321,
                2.833089408298234,
                2.928338051167886,
                3.3660021354718292,
                2.8397201700884596,
                0.7935919178222635,
                5.188546921483855,
                4.771246887723994,
                4.338000330084471,
                4.503229842023513,
                4.474806725393116,
                4.556238519795534,
                4.875269066793992,
                4.782571908379955,
                2.0282666961271363,
                4.679391685542184,
                4.7577288581908315,
                4.650751964941227,
                5.0998869318274105,
                1.9614847624918472,
                6.650579781103648,
                6.769570336925065,
                5.536621511918464,
                3.2228505161112007
            ],