{
    "Pand ID": "0599100000112073",
    "Archetype ID": "D.1965",
    "Construction Year": 1924,
    "Number of Floors": 3,
    "Wall Area": 239.58,
    "Roof Area (Flat)": 0.0,
    "Roof Area (Sloped)": 137.25,
    "Floor Area": 107.75,
    "Shared Wall Area": 0.0,
    "Absolute Height (70%)": 5.56221342086792,
    "Surfaces": [
        {
            "Type": "G",
            "Centroid": {
                "x": 92145.06442361111,
                "y": 433095.7078888889
            },
            "Distances": [
                6.99285418179641,
                5.935682498198437,
                5.309485698824282,
                5.221922692652852,
                5.545150919445443,
                5.382383749817362,
                6.075880105184936,
                8.004598799529163,
                9.141830314386228,
                7.70677650200918,
                7.430105087258478,
                7.498927304559706,
                6.973656321968538,
                1.7355336506214891,
                1.4701574168302247,
                2.0900244143331608,
                3.359994716776379,
                5.019957707578706
            ],
            "UnitPairs": [
                [
                    -0.7472072168632866,
                    -0.6645911337562527
                ],
                [
                    -0.5918630439174661,
                    -0.8060385457561886
                ],
                [
                    -0.38310887842774477,
                    -0.9237031921942435
                ],
                [
                    -0.3305508742102481,
                    -0.9437881751531116
                ],
                [
                    -0.31795547798862817,
                    -0.9481056449663312
                ],
                [
                    -0.0962605297575808,
                    -0.9953561726391161
                ],
                [
                    0.3916945113604403,
                    -0.9200953264581371
                ],
                [
                    0.6838430039996928,
                    -0.7296291838192028
                ],
                [
                    0.7072860320673532,
                    0.7069274848542947
                ],
                [
                    0.501492276034997,
                    0.8651621218460955
                ],
                [
                    0.45044973786826253,
                    0.8928017885591479
                ],
                [
                    0.4471158010619006,
                    0.8944760815364349
                ],
                [
                    -0.003600852975030634,
                    0.9999935169079108
                ],
                [
                    -0.26050264767147785,
                    0.9654731330058595
                ],
                [
                    -0.32249003112147706,
                    0.946572860284547
                ],
                [
                    -0.7096142518439047,
                    0.7045903870902691
                ],
                [
                    -0.8806892154719338,
                    0.47369452788841654
                ],
                [
                    -0.9384762552885415,
                    0.3453437682362262
                ]
            ]
        },
        {
            "Type": "F",
            "Centroid": {
                "x": 92144.93364583334,
                "y": 433096.1157222222
            },
            "Distances": [
                7.176872844544348,
                6.196720937944026,
                5.642905520738943,
                5.569592090009039,
                5.895698002633418,
                5.778218962830385,
                8.39360288447698,
                8.954124471424814,
                7.426316040815986,
                7.13123231866335,
                7.198828619581117,
                1.351886313648441,
                6.5666279986027325,
                1.3078668147029784,
                1.041967606936437,
                1.7212080526808373,
                3.066072287408276,
                4.768347739072948
            ],
            "UnitPairs": [
                [
                    -0.7098263329570069,
                    -0.7043767294855846
                ],
                [
                    -0.5458263115628228,
                    -0.8378983456277523
                ],
                [
                    -0.337296686315284,
                    -0.941398398873043
                ],
                [
                    -0.28643629687122923,
                    -0.9580992891317147
                ],
                [
                    -0.27686854594875665,
                    -0.9609078042477444
                ],
                [
                    -0.06703334294500839,
                    -0.9977507358722502
                ],
                [
                    0.6677307401588902,
                    -0.7444028873176546
                ],
                [
                    0.7367182227270117,
                    0.6761998671265421
                ],
                [
                    0.5380415598655071,
                    0.8429183114973193
                ],
                [
                    0.487666999370779,
                    0.8730297232767625
                ],
                [
                    0.4839213225852752,
                    0.875111509207437
                ],
                [
                    0.11588745671919375,
                    0.993262350728727
                ],
                [
                    0.01609146531186723,
                    0.9998705239900398
                ],
                [
                    -0.2456927033610574,
                    0.969347768097258
                ],
                [
                    -0.3295048051899182,
                    0.9441538981314191
                ],
                [
                    -0.7856884769025827,
                    0.6186223543184483
                ],
                [
                    -0.9224613995416081,
                    0.3860893243224132
                ],
                [
                    -0.9605703241426264,
                    0.2780371420809274
                ]
            ]
        },
        {
            "Type": "R",
            "Centroid": {
                "x": 92147.4443125,
                "y": 433090.1175
            },
            "Distances": [
                0.0
            ],
            "UnitPairs": [
                [
                    0.0,
                    0.0
                ]
            ]
        }
    ],
    "Annual Heating [kWh/m2]": 258.3263404046521,
    "Annual Cooling [kWh/m2]": 1.1415734009886869
}