{
    "Pand ID": "0599100000017570",
    "Archetype ID": "D.1965-1974",
    "Construction Year": 1970,
    "Number of Floors": 2,
    "Wall Area": 252.02,
    "Roof Area (Flat)": 121.86,
    "Roof Area (Sloped)": 172.21,
    "Floor Area": 275.7,
    "Shared Wall Area": 9.62,
    "Absolute Height (70%)": 2.3451011180877686,
    "Surfaces": [
        {
            "Type": "G",
            "Centroid": {
                "x": 97627.79703787877,
                "y": 433224.7864924242
            },
            "Distances": [
                10.009168535401924,
                9.962399811919209,
                11.372323218059531,
                10.446539626311717,
                7.910040900172298,
                7.281984058693806,
                6.91426594499066,
                8.37426311987398,
                8.869540364948948,
                8.188700905982635,
                4.570490950427725,
                4.703208615992083,
                4.8708433450055795,
                4.788373819062293,
                4.858863077606302,
                12.295002841049978,
                14.000568269238428,
                13.889274658099616,
                15.6952104298554,
                10.177451682045366,
                9.81647345713674,
                4.915591540687557,
                4.210132497828153,
                3.966185696961146,
                7.063659499737153,
                6.284182633936101,
                5.86377153020684,
                8.029678770924644,
                4.60902547848067,
                10.571448109602478,
                10.72831771305374,
                10.485347335211936,
                10.401887980469107
            ],
            "UnitPairs": [
                [
                    -0.9998620608069064,
                    -0.016609014388762323
                ],
                [
                    -0.9996374434658463,
                    -0.0269254827452931
                ],
                [
                    -0.4462402080448907,
                    -0.8949132230133002
                ],
                [
                    -0.38316878334512616,
                    -0.923678344159814
                ],
                [
                    -0.05686290177979085,
                    -0.998381996232495
                ],
                [
                    0.12568169798888268,
                    -0.9920706178446327
                ],
                [
                    0.35639533405697055,
                    -0.9343352534622786
                ],
                [
                    0.3737895593216356,
                    -0.9275135391691798
                ],
                [
                    0.7158445488685691,
                    -0.6982596808173551
                ],
                [
                    0.736040086262629,
                    -0.6769379524110771
                ],
                [
                    0.9167969407808706,
                    -0.3993536895720848
                ],
                [
                    0.928772775752635,
                    -0.37064960679966424
                ],
                [
                    0.941153676379172,
                    -0.3379789304645612
                ],
                [
                    0.9467122435554883,
                    -0.32208062329505943
                ],
                [
                    0.9502659464740536,
                    -0.31143961047331625
                ],
                [
                    0.9614647734573255,
                    -0.2749281531612467
                ],
                [
                    0.9694757998532831,
                    0.245187017394553
                ],
                [
                    0.9684603733696948,
                    0.24916762472807605
                ],
                [
                    0.903983555023695,
                    0.4275672254122411
                ],
                [
                    0.23200425754773557,
                    0.9727147703616533
                ],
                [
                    0.22189354769076985,
                    0.9750708966496764
                ],
                [
                    0.18170999641326402,
                    0.983352163369508
                ],
                [
                    -0.5548015127752328,
                    0.8319827410603619
                ],
                [
                    -0.5611910406726605,
                    0.8276863028157083
                ],
                [
                    -0.742219791167211,
                    0.6701565351466041
                ],
                [
                    -0.7451705578200959,
                    0.6668739309330416
                ],
                [
                    -0.7470938893526354,
                    0.6647185272669569
                ],
                [
                    -0.7864309468564387,
                    0.6176782057240529
                ],
                [
                    -0.7864542940167082,
                    0.6176484788475408
                ],
                [
                    -0.9538700634222504,
                    0.3002197563566263
                ],
                [
                    -0.9792577140024953,
                    0.20261868020152332
                ],
                [
                    -0.9918400932559579,
                    0.12748815399876498
                ],
                [
                    -0.9954719660721129,
                    0.09505558776064715
                ]
            ]
        },
        {
            "Type": "F",
            "Centroid": {
                "x": 97627.23366071428,
                "y": 433224.2641607142
            },
            "Distances": [
                8.326479767559475,
                7.696233257584703,
                5.182147448354556,
                4.358081036359638,
                3.7238074166794375,
                10.656928616309104,
                2.871751549505919,
                5.681723006186758,
                6.220959727081628,
                9.75346324377089,
                7.046375020260155,
                7.37578542045274,
                4.866239652427994,
                3.6096560132031015,
                6.86307755295553,
                5.848577323773994,
                8.132117379216696,
                6.665214215112209,
                5.685289171382255,
                7.598804722579858,
                8.941091597895701,
                8.28525265355253,
                4.928913412356524,
                5.08047201105353,
                12.7100631558813,
                5.2688566831853505,
                5.197637945484437,
                5.274505606308526,
                14.679437587697649,
                14.569616093268976,
                16.429454253561083,
                3.884209282242853,
                4.935598534273354,
                1.399571847167315,
                2.8506168565116115,
                4.484398928303164,
                5.634401707850142,
                10.824655540481384,
                5.550616612971669,
                10.8246336806743,
                10.459777737621648,
                1.3689964122570644,
                4.152386525320812,
                4.3980431442091765,
                5.840360764168875,
                6.2596130270603245,
                7.037283510909074,
                4.552251989594646,
                7.94556657143606,
                10.212702687191227,
                10.301476993537456,
                10.01055386642378,
                9.90732630962696,
                9.451121273128349,
                9.395846975705224,
                9.398845878888418
            ],