{
    "Pand ID": "0599100000155380",
    "Archetype ID": "D.1992-2005",
    "Construction Year": 1995,
    "Number of Floors": 3,
    "Wall Area": 245.21,
    "Roof Area (Flat)": 0.0,
    "Roof Area (Sloped)": 212.77,
    "Floor Area": 143.2,
    "Shared Wall Area": 0.0,
    "Absolute Height (70%)": 2.9689645767211914,
    "Surfaces": [
        {
            "Type": "G",
            "Centroid": {
                "x": 97529.85075,
                "y": 438334.7333653846
            },
            "Distances": [
                10.274838759454049,
                7.615233184576539,
                8.042763000740504,
                3.9318646674684774,
                4.827074268548955,
                4.647272226586643,
                4.751925188183662,
                7.2829038477498385,
                7.540259891052845,
                6.4043116120913774,
                7.9003259422710315,
                5.879183943377534,
                7.78545180212883
            ],
            "UnitPairs": [
                [
                    -0.5022949868929683,
                    -0.8646963317501657
                ],
                [
                    -0.01273762702438395,
                    -0.9999188731381099
                ],
                [
                    0.612973427109453,
                    -0.7901035233801277
                ],
                [
                    0.9359426916294082,
                    -0.3521523505324056
                ],
                [
                    0.9724316923373514,
                    -0.2331879150769069
                ],
                [
                    0.9881065227325733,
                    -0.15377093266720743
                ],
                [
                    0.9907563384427497,
                    -0.13565352127945546
                ],
                [
                    0.39668243057859065,
                    0.9179559081297214
                ],
                [
                    0.37651222119828776,
                    0.9264116510970335
                ],
                [
                    -0.5313607778829532,
                    0.8471456331278719
                ],
                [
                    -0.8051566538501432,
                    0.5930621913095123
                ],
                [
                    -0.9559149797185472,
                    0.2936435791051622
                ],
                [
                    -0.9877397221699579,
                    0.15610970901136992
                ]
            ]
        },
        {
            "Type": "F",
            "Centroid": {
                "x": 97530.5793611111,
                "y": 438335.1183611111
            },
            "Distances": [
                10.982404526826826,
                2.7203029798801635,
                7.94191579683276,
                2.9583227365516125,
                3.0685612394437114,
                3.4412526582544363,
                4.243377778267068,
                4.350373990575824,
                4.016829384296434,
                4.110430022413749,
                6.660493998413273,
                6.929565263939501,
                3.277873001454635,
                2.5427185959251153,
                6.517340755622892,
                8.291919578884682,
                6.488773935898249,
                8.459465630098157
            ],
            "UnitPairs": [
                [
                    -0.5362770144482689,
                    -0.8440420391037706
                ],
                [
                    0.18835728692051473,
                    -0.9821005714609593
                ],
                [
                    0.5290145345743935,
                    -0.8486127634021525
                ],
                [
                    0.60047163446839,
                    -0.7996460568269315
                ],
                [
                    0.7389094471217796,
                    -0.6738047409703986
                ],
                [
                    0.8576495776359495,
                    -0.5142345787487239
                ],
                [
                    0.9344887719424404,
                    -0.35599260541970495
                ],
                [
                    0.9404683132422781,
                    -0.33988137899453136
                ],
                [
                    0.9618005942710389,
                    -0.27375101252758244
                ],
                [
                    0.9681198480930255,
                    -0.25048744425287545
                ],
                [
                    0.3243586570917616,
                    0.9459341740150998
                ],
                [
                    0.3045485262794664,
                    0.9524968215910251
                ],
                [
                    0.24570472636973145,
                    0.9693447206435776
                ],
                [
                    -0.31722390059355166,
                    0.9483506718994891
                ],
                [
                    -0.6339412447544085,
                    0.7733812114340709
                ],
                [
                    -0.8550023964487765,
                    0.5186240469423389
                ],
                [
                    -0.9783991820049448,
                    0.20672455261060557
                ],
                [
                    -0.9951705555906556,
                    0.09816091526359041
                ]
            ]
        },
        {
            "Type": "R",
            "Centroid": {
                "x": 97529.75374999999,
                "y": 438327.11875
            },
            "Distances": [
                0.0
            ],
            "UnitPairs": [
                [
                    0.0,
                    0.0
                ]
            ]
        }
    ],
    "Annual Heating [kWh/m2]": 105.5208216995695,
    "Annual Cooling [kWh/m2]": 0.32896328813183684
}