{
    "Pand ID": "0599100000244640",
    "Archetype ID": "D.1975-1991",
    "Construction Year": 1977,
    "Number of Floors": 2,
    "Wall Area": 455.79,
    "Roof Area (Flat)": 93.24,
    "Roof Area (Sloped)": 216.32,
    "Floor Area": 302.02,
    "Shared Wall Area": 0.0,
    "Absolute Height (70%)": 1.21731436252594,
    "Surfaces": [
        {
            "Type": "G",
            "Centroid": {
                "x": 93978.82583333335,
                "y": 442666.5680833333
            },
            "Distances": [
                14.795211344823398,
                9.306634738414663,
                12.02499177357848,
                9.274309048177434,
                8.61721434035621,
                8.30914281001716,
                8.331794968922054,
                12.359098392293618,
                9.751257542155255,
                9.246174586675055,
                9.070415664177881,
                9.067898230602651,
                10.042932377422652,
                11.069471140066788,
                6.897438690420316,
                8.227144430988037,
                8.213092961114532,
                10.353247915732235,
                10.590019432075952,
                10.020167421501462,
                10.519030396794875,
                9.308789192947224,
                10.27954464725733,
                11.513908302802696
            ],
            "UnitPairs": [
                [
                    -0.9916862957471628,
                    -0.12867902248335078
                ],
                [
                    -0.9568666423083635,
                    -0.2905275010003669
                ],
                [
                    -0.906546011723956,
                    -0.4221070108721118
                ],
                [
                    -0.3695378615857619,
                    -0.9292156740254774
                ],
                [
                    -0.34572754206574163,
                    -0.9383349437472638
                ],
                [
                    -0.3410951524294581,
                    -0.9400287745538032
                ],
                [
                    -0.33416668841747105,
                    -0.9425139915948733
                ],
                [
                    0.07862965693855693,
                    -0.9969038955936148
                ],
                [
                    0.3869030892018462,
                    -0.9221203823612556
                ],
                [
                    0.4952093023701027,
                    -0.8687737028974324
                ],
                [
                    0.5438330335987646,
                    -0.8391934410889811
                ],
                [
                    0.5439840127455619,
                    -0.8390955808948325
                ],
                [
                    0.985348829879762,
                    -0.1705511168376908
                ],
                [
                    0.9995772631448984,
                    -0.02907395748354038
                ],
                [
                    0.6719583710245272,
                    0.7405889194486127
                ],
                [
                    0.6678856452258818,
                    0.7442639081006197
                ],
                [
                    0.6517388384611053,
                    0.7584434629168936
                ],
                [
                    0.052137423062668185,
                    0.9986399196489115
                ],
                [
                    0.023209746520042485,
                    0.9997306175497855
                ],
                [
                    -0.024471480668287107,
                    0.9997005284753538
                ],
                [
                    -0.07654777132227797,
                    0.9970659149251829
                ],
                [
                    -0.21250973594288242,
                    0.9771589492654132
                ],
                [
                    -0.2810638440214734,
                    0.9596890723478478
                ],
                [
                    -0.3470766162315895,
                    0.937836778157708
                ]
            ]
        },
        {
            "Type": "F",
            "Centroid": {
                "x": 93978.4488,
                "y": 442666.177175
            },
            "Distances": [
                14.375012011681447,
                8.836254347057022,
                11.519842954064206,
                8.7741587908262,
                8.123003476946732,
                7.816200866540942,
                7.840587744954988,
                4.643594231431594,
                7.170419090692905,
                12.005933507494023,
                5.997059469966589,
                7.018237548439985,
                9.549709858732806,
                9.108195163500907,
                8.96303516598773,
                8.96061844050711,
                4.90241866699176,
                5.64024870339944,
                6.863342005635718,
                2.8692398272438093,
                10.357529588970076,
                11.442033503109919,
                2.871422806940505,
                7.440310187507909,
                8.769920292484828,
                8.801137797823051,
                8.755357647524608,
                1.5659820836377758,
                10.769172558076512,
                10.995728338135969,
                10.408909790940406,
                10.887497723827078,
                9.621244900554126,
                10.559265961035424,
                11.759839583777882,
                8.175903735146495,
                9.582116195602815,
                7.996846139959592,
                9.257502267680612,
                8.208592631263176
            ],