{
    "Pand ID": "0599100100015928",
    "Archetype ID": "D.2015-2018",
    "Construction Year": 2017,
    "Number of Floors": 1,
    "Wall Area": 86.55,
    "Roof Area (Flat)": 36.84,
    "Roof Area (Sloped)": 0.0,
    "Floor Area": 37.36,
    "Shared Wall Area": 0.0,
    "Absolute Height (70%)": -1.405158519744873,
    "Surfaces": [
        {
            "Type": "G",
            "Centroid": {
                "x": 91037.43908333335,
                "y": 441342.55983333336
            },
            "Distances": [
                2.8470288850725716,
                2.7077841135603524,
                2.839601052800656,
                4.523997031282611,
                5.680649916327138,
                4.531666927162153
            ],
            "UnitPairs": [
                [
                    -0.8776986234483296,
                    -0.479213028200306
                ],
                [
                    -0.852295913024316,
                    -0.5230599168757322
                ],
                [
                    -0.828930997549886,
                    -0.5593508749442975
                ],
                [
                    0.7513635935546829,
                    -0.6598884377533778
                ],
                [
                    0.8539809243862975,
                    0.5203043155542004
                ],
                [
                    -0.24049281442417475,
                    0.9706509188221786
                ]
            ]
        },
        {
            "Type": "F",
            "Centroid": {
                "x": 91037.43908333335,
                "y": 441342.55983333336
            },
            "Distances": [
                2.8470288850725716,
                2.7077841135603524,
                2.839601052800656,
                4.523997031282611,
                5.680649916327138,
                4.531666927162153
            ],
            "UnitPairs": [
                [
                    -0.8776986234483296,
                    -0.479213028200306
                ],
                [
                    -0.852295913024316,
                    -0.5230599168757322
                ],
                [
                    -0.828930997549886,
                    -0.5593508749442975
                ],
                [
                    0.7513635935546829,
                    -0.6598884377533778
                ],
                [
                    0.8539809243862975,
                    0.5203043155542004
                ],
                [
                    -0.24049281442417475,
                    0.9706509188221786
                ]
            ]
        },
        {
            "Type": "R",
            "Centroid": {
                "x": 91038.5935,
                "y": 441343.2665
            },
            "Distances": [
                4.327546483000412,
                4.320852527312168,
                4.327119314544841,
                4.3205927906219275
            ],
            "UnitPairs": [
                [
                    -0.8543524638085527,
                    -0.5196940134196811
                ],
                [
                    0.5195155321337458,
                    -0.8544610066420766
                ],
                [
                    0.854321254229535,
                    0.5197453170271709
                ],
                [
                    -0.5194310384618143,
                    0.854512373393435
                ]
            ]
        }
    ],
    "Annual Heating [kWh/m2]": 274.88805655496395,
    "Annual Cooling [kWh/m2]": 0.6952253639291578
}