{
    "Pand ID": "0599100100006991",
    "Archetype ID": "D.2006-2014",
    "Construction Year": 2014,
    "Number of Floors": 2,
    "Wall Area": 292.35,
    "Roof Area (Flat)": 22.97,
    "Roof Area (Sloped)": 139.86,
    "Floor Area": 139.01,
    "Shared Wall Area": 0.0,
    "Absolute Height (70%)": 1.287843108177185,
    "Surfaces": [
        {
            "Type": "G",
            "Centroid": {
                "x": 94675.8483486842,
                "y": 442018.57032894733
            },
            "Distances": [
                7.2714545986651835,
                5.060791339337524,
                7.935244590855026,
                10.045652347406515,
                9.839746799802978,
                9.984105380187652,
                4.002178956656723,
                6.774115936183261,
                5.259335892806266,
                5.06853912117994,
                5.225438569531331,
                8.173094455656315,
                4.319725677473258,
                4.131034550181346,
                10.442352771441024,
                6.575499931552125,
                7.615329607694957,
                7.462510776300343,
                6.701897404660433
            ],
            "UnitPairs": [
                [
                    -0.9994525284577748,
                    -0.03308539495549157
                ],
                [
                    -0.8355360655416879,
                    -0.5494356042150127
                ],
                [
                    -0.76563155862997,
                    -0.6432793455644622
                ],
                [
                    -0.024734449850411906,
                    -0.9996940566946457
                ],
                [
                    -0.005840971862871501,
                    -0.9999829413783502
                ],
                [
                    0.010268953690829781,
                    -0.9999472729049746
                ],
                [
                    0.392167949708283,
                    -0.9198936347326258
                ],
                [
                    0.564284159262323,
                    -0.8255806366464837
                ],
                [
                    0.9916701313800622,
                    0.12880353461240943
                ],
                [
                    0.9832273553887181,
                    0.1823841210613128
                ],
                [
                    0.9772435840255854,
                    0.21212019583440977
                ],
                [
                    0.6229618834603385,
                    0.7822521919148245
                ],
                [
                    0.6089567977700594,
                    0.7932033903417427
                ],
                [
                    0.6074813186178426,
                    0.7943339647341835
                ],
                [
                    0.02743886574925138,
                    0.9996234834408376
                ],
                [
                    -0.27046972895042404,
                    0.962728479749864
                ],
                [
                    -0.3142967944272791,
                    0.9493247732007928
                ],
                [
                    -0.34605962545550417,
                    0.9382125215693916
                ],
                [
                    -0.9976986039127571,
                    0.06780483574595188
                ]
            ]
        },
        {
            "Type": "F",
            "Centroid": {
                "x": 94675.83169642858,
                "y": 442018.65992857143
            },
            "Distances": [
                6.239225300436294,
                7.258335158844991,
                5.096799464185268,
                7.980526808114817,
                10.134830229361526,
                10.280335604193178,
                9.92926248477277,
                9.89017930967059,
                10.073883564123673,
                4.091179570461007,
                6.857583059698817,
                5.265095121183471,
                5.456353347194199,
                5.012031566224043,
                5.069389762463552,
                5.223500337704299,
                8.113670742685699,
                4.259334647040563,
                4.07054077571789,
                10.353261428521659,
                7.153007848359275,
                6.689624994270655,
                6.67680307319316,
                6.484741078086618,
                7.525046852695915,
                7.372700662836974,
                0.8277836541482655,
                6.679791356307784
            ],