{
    "Pand ID": "0599100110008677",
    "Archetype ID": "D.2015-2018",
    "Construction Year": 2022,
    "Number of Floors": 3,
    "Wall Area": 354.53,
    "Roof Area (Flat)": 40.6,
    "Roof Area (Sloped)": 148.8,
    "Floor Area": 127.03,
    "Shared Wall Area": 0.0,
    "Absolute Height (70%)": 4.718326091766357,
    "Surfaces": [
        {
            "Type": "G",
            "Centroid": {
                "x": 97656.81994444445,
                "y": 438219.3336111111
            },
            "Distances": [
                10.979247809362956,
                10.496138459932768,
                10.41950631764617,
                10.477128477120115,
                11.38820601486967,
                6.7256437869569154,
                6.088130228747494,
                4.731060512325503,
                4.612192309997687,
                4.5989190051422915,
                4.859315877121273,
                4.751584649600357,
                5.084302258908462,
                4.163187375870744,
                4.493180946234174,
                5.37683909765785,
                4.338429056948996,
                4.392364335961082
            ],
            "UnitPairs": [
                [
                    -0.10009287189100538,
                    -0.9949780987522343
                ],
                [
                    0.06326665355064039,
                    -0.9979966585858409
                ],
                [
                    0.3811174382455677,
                    -0.9245266346975278
                ],
                [
                    0.4125229126471442,
                    -0.9109472248934715
                ],
                [
                    0.634081921782608,
                    -0.7732658769585494
                ],
                [
                    0.521445331725545,
                    0.8532846922461672
                ],
                [
                    0.4264126189854683,
                    0.9045287603884986
                ],
                [
                    0.1703752368959787,
                    0.9853792562524538
                ],
                [
                    0.07589786635887424,
                    0.9971155970508989
                ],
                [
                    0.06263549221853808,
                    0.9980364698319102
                ],
                [
                    0.058867454346692265,
                    0.9982658076978997
                ],
                [
                    -0.09974450196989126,
                    0.9950130824902648
                ],
                [
                    -0.597514524066251,
                    0.8018580881489452
                ],
                [
                    -0.6723080639275453,
                    0.740271482078025
                ],
                [
                    -0.7575800941842988,
                    0.6527422162658922
                ],
                [
                    -0.8742951684176026,
                    0.4853946419993075
                ],
                [
                    -0.9710760252482545,
                    0.23877050317836873
                ],
                [
                    -0.9753162799739564,
                    0.2208124861002276
                ]
            ]
        },
        {
            "Type": "F",
            "Centroid": {
                "x": 97658.13761290323,
                "y": 438218.7141129033
            },
            "Distances": [
                10.655597251422998,
                10.584189388438846,
                9.877262552245236,
                9.396046011751906,
                9.416743455169842,
                6.751493696860848,
                7.6609699889400265,
                10.093097148162178,
                7.609783226327889,
                4.097551260471756,
                1.9541408910837272,
                1.1435471172350702,
                3.2051865693872816,
                4.339127722962161,
                1.8367786781188846,
                5.110376718249606,
                1.8900538760684509,
                6.724767827319492,
                6.258345822015595,
                5.045711795661992,
                5.306109443681108,
                5.30733818609752,
                5.566808795925472,
                5.3101616410685395,
                5.639541254149398,
                6.405264672510639,
                5.535952333133973,
                5.9087293467326445,
                6.8302739549189955,
                5.77303953956645,
                5.8227329030863855
            ],