{
    "Pand ID": "0599100000318734",
    "Archetype ID": "D.1992-2005",
    "Construction Year": 1993,
    "Number of Floors": 2,
    "Wall Area": 271.25,
    "Roof Area (Flat)": 122.92,
    "Roof Area (Sloped)": 0.0,
    "Floor Area": 117.17,
    "Shared Wall Area": 0.0,
    "Absolute Height (70%)": 4.355288505554199,
    "Surfaces": [
        {
            "Type": "G",
            "Centroid": {
                "x": 97788.39717083334,
                "y": 437590.87575
            },
            "Distances": [
                9.979142164405067,
                8.21249925444021,
                5.218971418877035,
                5.317521979677983,
                4.206811564313303,
                5.234735523825803,
                3.849232365605983,
                3.94819260814618,
                6.867418413876508,
                5.197595983210113,
                5.042085494917446,
                2.831539217093603,
                6.560697219417689,
                6.449254096771091,
                6.885201895227651
            ],
            "UnitPairs": [
                [
                    -0.8334116496511706,
                    -0.5526527139404225
                ],
                [
                    0.2280994626147623,
                    -0.9736378357247919
                ],
                [
                    0.5237175004975686,
                    -0.8518920000050354
                ],
                [
                    0.6964271479866935,
                    -0.7176274991575504
                ],
                [
                    0.745045652448227,
                    -0.6670134749523399
                ],
                [
                    0.9997194018386244,
                    0.023687920707039827
                ],
                [
                    0.9994893270254038,
                    0.03195442320408126
                ],
                [
                    0.9939400267751208,
                    0.10992371524958625
                ],
                [
                    0.8741664341488539,
                    0.48562644636333147
                ],
                [
                    -0.216779706806331,
                    0.976220548194393
                ],
                [
                    -0.2315972893582619,
                    0.9728117472367948
                ],
                [
                    -0.6486695724559826,
                    0.7610701582441481
                ],
                [
                    -0.8805060102833875,
                    0.47403498378793857
                ],
                [
                    -0.9147931287577711,
                    0.4039226801970496
                ],
                [
                    -0.9190338104282656,
                    0.3941787098381937
                ]
            ]
        },
        {
            "Type": "F",
            "Centroid": {
                "x": 97787.91838194444,
                "y": 437591.4061944445
            },
            "Distances": [
                9.898523710395532,
                8.844909281695735,
                5.923031335492113,
                6.031680361135067,
                4.917929643529245,
                4.345200529911095,
                5.726497686741681,
                4.404111687519146,
                7.062759806858646,
                4.2716417063022325,
                4.589523841221643,
                4.42847386306694,
                2.1173553946331287,
                1.5869929918110988,
                5.89256499332712,
                6.324929343507423,
                5.804344874550713,
                6.243241624209042
            ],
            "UnitPairs": [
                [
                    -0.7918296378087244,
                    -0.6107420279362672
                ],
                [
                    0.26592195359496446,
                    -0.9639945614972304
                ],
                [
                    0.5422992676591121,
                    -0.8401853987641005
                ],
                [
                    0.693348338301785,
                    -0.720602582408746
                ],
                [
                    0.7346700374844192,
                    -0.6784245986273214
                ],
                [
                    0.9955939952095274,
                    -0.09376884718674773
                ],
                [
                    0.9974780167613143,
                    -0.07097609511599781
                ],
                [
                    0.9997601940997147,
                    -0.02189872812975249
                ],
                [
                    0.9177794138303692,
                    0.39709060370296345
                ],
                [
                    -0.053362257444645095,
                    0.9985752197408123
                ],
                [
                    -0.14117901265085622,
                    0.9899840839058622
                ],
                [
                    -0.1555715277410595,
                    0.9878246300615878
                ],
                [
                    -0.6413398751525738,
                    0.7672569090853995
                ],
                [
                    -0.7731253072762059,
                    0.6342533084257993
                ],
                [
                    -0.8990896919167604,
                    0.4377644639403992
                ],
                [
                    -0.9054558768024631,
                    0.4244404023698532
                ],
                [
                    -0.9339459597258845,
                    0.3574142474939919
                ],
                [
                    -0.9368441582914344,
                    0.34974708444133423
                ]
            ]
        },
        {
            "Type": "R",
            "Centroid": {
                "x": 97780.0804375,
                "y": 437585.36075000005
            },
            "Distances": [
                0.0
            ],
            "UnitPairs": [
                [
                    0.0,
                    0.0
                ]
            ]
        }
    ],
    "Annual Heating [kWh/m2]": 156.28226196380174,
    "Annual Cooling [kWh/m2]": 0.49185606634565604
}