{
    "Pand ID": "0599100000091800",
    "Archetype ID": "D.1965",
    "Construction Year": 1933,
    "Number of Floors": 3,
    "Wall Area": 280.68,
    "Roof Area (Flat)": 48.05,
    "Roof Area (Sloped)": 224.73,
    "Floor Area": 168.32,
    "Shared Wall Area": 0.0,
    "Absolute Height (70%)": 3.903846263885498,
    "Surfaces": [
        {
            "Type": "G",
            "Centroid": {
                "x": 97702.14501442308,
                "y": 437767.04663461534
            },
            "Distances": [
                9.935181460521688,
                7.676957402589586,
                7.257523504805921,
                7.9539950218527515,
                7.032894209426132,
                7.532256850957574,
                6.339585660432121,
                6.622499531037284,
                8.84262211588805,
                7.193862996162883,
                7.3491197405876525,
                6.871760475926013,
                6.7493094717968365,
                8.405992901157642,
                6.105388367309823,
                5.716221671059109,
                6.609835343601009,
                6.04088336957652,
                5.9845883895742515,
                6.1983952172634105,
                7.09208135070037,
                5.497985270868617,
                6.048871124805603,
                8.67086989026428,
                8.388450028741333,
                8.450731777597893
            ],
            "UnitPairs": [
                [
                    -0.621687379099499,
                    -0.7832654739412402
                ],
                [
                    -0.39280886488437017,
                    -0.9196201366152508
                ],
                [
                    -0.3138228793294455,
                    -0.9494815429535091
                ],
                [
                    -0.26396507884542,
                    -0.9645322374861979
                ],
                [
                    0.1456616645169627,
                    -0.989334462904304
                ],
                [
                    0.5632339896090258,
                    -0.8262974482286024
                ],
                [
                    0.623609063537911,
                    -0.7817363595697527
                ],
                [
                    0.6853036464037306,
                    -0.7282574491385244
                ],
                [
                    0.8880197495736509,
                    -0.4598053113733576
                ],
                [
                    0.9817288820601939,
                    -0.19028505492771053
                ],
                [
                    0.9834406475934507,
                    -0.18123049594638962
                ],
                [
                    0.9993688081800206,
                    0.03552443154851562
                ],
                [
                    0.9712731508774893,
                    0.23796736411641384
                ],
                [
                    0.6497058873520993,
                    0.7601856746479909
                ],
                [
                    0.37367370258451016,
                    0.9275602212238206
                ],
                [
                    0.2729815543760982,
                    0.9620192674631882
                ],
                [
                    0.20233833483018254,
                    0.9793156785521964
                ],
                [
                    -0.31461903943443864,
                    0.9492180255480567
                ],
                [
                    -0.31540630703495864,
                    0.9489567226605066
                ],
                [
                    -0.4523068995776494,
                    0.8918623596690546
                ],
                [
                    -0.7055160080165058,
                    0.7086939836293614
                ],
                [
                    -0.8289540074300917,
                    0.5593167738997207
                ],
                [
                    -0.877118525688706,
                    0.4802739758655167
                ],
                [
                    -0.9672128666689576,
                    0.25396706587669465
                ],
                [
                    -0.9823718201632033,
                    0.1869374412717655
                ],
                [
                    -0.9832967300061763,
                    0.18200972710039645
                ]
            ]
        },
        {
            "Type": "F",
            "Centroid": {
                "x": 97702.0962375,
                "y": 437767.1105166666
            },
            "Distances": [
                9.955199014944318,
                7.7168616522859494,
                7.303172517974486,
                8.002991100885138,
                4.159762047806866,
                3.090431581669972,
                2.3599134929845937,
                7.61251647577084,
                6.4199425408242545,
                6.702454199357897,
                8.9153762770203,
                7.254101306227666,
                7.408863005061576,
                6.918548004787991,
                6.781883314720811,
                3.503224166565641,
                8.389489390211285,
                6.064754402412467,
                5.668446526899134,
                6.557424979485625,
                5.964956772247918,
                5.908640353602938,
                6.119376517374172,
                7.01240348916533,
                5.421881926788289,
                5.975496054250117,
                8.60761004157318,
                8.67319819296722,
                8.328763723455042,
                8.391315782464696
            ],