{
    "Pand ID": "0599100000202941",
    "Archetype ID": "D.1965",
    "Construction Year": 1913,
    "Number of Floors": 2,
    "Wall Area": 198.06,
    "Roof Area (Flat)": 0.0,
    "Roof Area (Sloped)": 103.64,
    "Floor Area": 74.02,
    "Shared Wall Area": 0.0,
    "Absolute Height (70%)": 1.444170594215393,
    "Surfaces": [
        {
            "Type": "G",
            "Centroid": {
                "x": 92846.6203423913,
                "y": 441836.57027173915
            },
            "Distances": [
                0.24489788002238064,
                6.231718600066046,
                6.581326859546286,
                6.599372207782531,
                6.449180869299101,
                6.250466693333837,
                6.922136031033482,
                6.633528952418732,
                8.084303068420532,
                0.4852798541548062,
                5.814101135617632,
                5.7630918949182925,
                6.002983389988432,
                5.951400928796596,
                6.003369511643539,
                4.92330924120951,
                7.407973293670209,
                6.7170557711243,
                6.7420863186834,
                7.101518757779176,
                4.768210854632044,
                4.496117723146563,
                4.482558927321322
            ],
            "UnitPairs": [
                [
                    -0.846137954605274,
                    -0.5329639404091082
                ],
                [
                    -0.3513023504093577,
                    -0.9362620672636807
                ],
                [
                    -0.34981052307880406,
                    -0.9368204726324749
                ],
                [
                    -0.2489960165230564,
                    -0.968504508897945
                ],
                [
                    -0.24750699719062313,
                    -0.9688861059699849
                ],
                [
                    -0.2440165616617493,
                    -0.9697710645481116
                ],
                [
                    -0.013322100415996884,
                    -0.9999112568825825
                ],
                [
                    0.0014747216406988226,
                    -0.99999891259745
                ],
                [
                    0.28645420503318514,
                    -0.9580939350704637
                ],
                [
                    0.5332646853056703,
                    -0.8459484472506846
                ],
                [
                    0.9550543547804289,
                    0.2964307329123255
                ],
                [
                    0.9513613020031076,
                    0.308077381595845
                ],
                [
                    0.9343325217351837,
                    0.3564024955411686
                ],
                [
                    0.9303326519159184,
                    0.36671672552406787
                ],
                [
                    0.27814090161621435,
                    0.9605402848647835
                ],
                [
                    0.2581155370206434,
                    0.9661140561799858
                ],
                [
                    -0.12961944559205446,
                    0.9915638150539826
                ],
                [
                    -0.24254933214921692,
                    0.9701390732642248
                ],
                [
                    -0.2462468311473841,
                    0.9692071492461618
                ],
                [
                    -0.2936297801089493,
                    0.9559192184662729
                ],
                [
                    -0.8490013371277494,
                    0.528390697831911
                ],
                [
                    -0.8494478184224966,
                    0.5276726293614832
                ],
                [
                    -0.8807954240676882,
                    0.47349701260031357
                ]
            ]
        },
        {
            "Type": "F",
            "Centroid": {
                "x": 92846.63473790322,
                "y": 441837.1955564517
            },
            "Distances": [
                7.1750782300237494,
                6.825321180705556,
                0.7876266064882093,
                7.209941283880251,
                7.059977978662566,
                6.861762777415116,
                7.547559468432447,
                7.258807917359404,
                1.0642462395137182,
                8.681404449759185,
                0.5341959833534227,
                2.781104264360138,
                5.646216494551737,
                5.58804103769523,
                5.853040237865089,
                5.795683660314972,
                5.737735702668743,
                2.302640670662795,
                5.4011274324536345,
                4.318016752015747,
                6.790498629595717,
                6.116177302823245,
                6.141896837931447,
                5.990463714048494,
                6.51101597736719,
                2.786206947617932,
                4.207854241301296,
                4.482498499724708,
                4.2129886288967695,
                4.491300206164335,
                4.236022844847587
            ],