{
    "Pand ID": "0599100000367994",
    "Archetype ID": "D.1992-2005",
    "Construction Year": 2000,
    "Number of Floors": 2,
    "Wall Area": 357.46,
    "Roof Area (Flat)": 136.36,
    "Roof Area (Sloped)": 0.0,
    "Floor Area": 131.99,
    "Shared Wall Area": 0.0,
    "Absolute Height (70%)": 2.2413172721862793,
    "Surfaces": [
        {
            "Type": "G",
            "Centroid": {
                "x": 97813.9578263889,
                "y": 437858.7720833333
            },
            "Distances": [
                2.124987774116439,
                4.541132180923813,
                6.975679515736153,
                7.020888613875534,
                6.054848446213964,
                10.262782421921868,
                10.835165000817572,
                4.69397451066095,
                5.905998761723934,
                6.978226552518448,
                10.053448205386173,
                4.338288786567899,
                8.325121469668154,
                4.330651341360161,
                4.2710871938987625,
                4.348835250984565,
                1.6136285322687747,
                2.235534620648942
            ],
            "UnitPairs": [
                [
                    -0.9832474870428615,
                    -0.18227555849289895
                ],
                [
                    -0.9762739141392313,
                    -0.21653924487553058
                ],
                [
                    -0.4491876213382107,
                    -0.8934374521120771
                ],
                [
                    -0.44358898996573415,
                    -0.8962303319912687
                ],
                [
                    -0.23359608443680946,
                    -0.9723337232328162
                ],
                [
                    -0.03258267350361658,
                    -0.9994690437364014
                ],
                [
                    0.6190594338529242,
                    -0.7853441394431468
                ],
                [
                    0.9986443472282547,
                    -0.05205254795927998
                ],
                [
                    0.9999343632421085,
                    0.011457277495075276
                ],
                [
                    0.670745077689982,
                    0.7416879672440829
                ],
                [
                    0.3617277412504639,
                    0.9322837771890261
                ],
                [
                    0.05523171067887187,
                    0.9984735640644099
                ],
                [
                    -0.08821359442940838,
                    0.9961015820476564
                ],
                [
                    -0.510174732329806,
                    0.860070777606245
                ],
                [
                    -0.5140117232990857,
                    0.8577831592606049
                ],
                [
                    -0.5508115968180995,
                    0.8346296093541705
                ],
                [
                    -0.9769217991417705,
                    0.21359728079169535
                ],
                [
                    -0.9963562488877714,
                    0.08528906906684683
                ]
            ]
        },
        {
            "Type": "F",
            "Centroid": {
                "x": 97813.6816375,
                "y": 437858.64119999995
            },
            "Distances": [
                1.8312457078469726,
                4.243699193218346,
                6.737305391770705,
                6.7858829523147355,
                6.783719137902722,
                5.867897054511447,
                10.12661724576013,
                10.90742347403167,
                4.9650963074726295,
                6.184987739889469,
                7.2614970318039544,
                10.277522388347407,
                4.492260248745926,
                8.436002717082426,
                4.313064808553223,
                4.252286248884238,
                4.362060859591948,
                4.316566337096173,
                1.3844377351563386,
                1.977517595997468
            ],
            "UnitPairs": [
                [
                    -0.9901456654530293,
                    -0.1400412838579314
                ],
                [
                    -0.9796170300300481,
                    -0.20087427529454352
                ],
                [
                    -0.4240864609593754,
                    -0.9056217055873562
                ],
                [
                    -0.41869275081235136,
                    -0.9081279537692836
                ],
                [
                    -0.41838406666048844,
                    -0.9082702091143537
                ],
                [
                    -0.19397068309610946,
                    -0.9810073262209762
                ],
                [
                    -0.005747230154655572,
                    -0.9999834845363944
                ],
                [
                    0.6402795322496447,
                    -0.7681419924611439
                ],
                [
                    0.9997389159455053,
                    -0.022849506430244127
                ],
                [
                    0.999484600452292,
                    0.032101922975457664
                ],
                [
                    0.6826140640545749,
                    0.7307790634349733
                ],
                [
                    0.3807143251219601,
                    0.9246927071448819
                ],
                [
                    0.11481970576788211,
                    0.9933863473832207
                ],
                [
                    -0.054314823664102195,
                    0.9985238604712146
                ],
                [
                    -0.44821955750949205,
                    0.8939235024687489
                ],
                [
                    -0.45133367973698674,
                    0.892355259711664
                ],
                [
                    -0.48834715254268024,
                    0.8726494477185306
                ],
                [
                    -0.49094577367867415,
                    0.8711901326960999
                ],
                [
                    -0.9391538290098919,
                    0.3434968492665671
                ],
                [
                    -0.9866915995817906,
                    0.162602851496299
                ]
            ]
        },
        {
            "Type": "R",
            "Centroid": {
                "x": 97809.5244375,
                "y": 437857.78874999995
            },
            "Distances": [
                0.0
            ],
            "UnitPairs": [
                [
                    0.0,
                    0.0
                ]
            ]
        }
    ],
    "Annual Heating [kWh/m2]": 160.09683226090362,
    "Annual Cooling [kWh/m2]": 0.5117332445325853
}