{
    "Pand ID": "0599100015001677",
    "Archetype ID": "D.1975-1991",
    "Construction Year": 1985,
    "Number of Floors": 2,
    "Wall Area": 248.74,
    "Roof Area (Flat)": 0.0,
    "Roof Area (Sloped)": 169.21,
    "Floor Area": 130.11,
    "Shared Wall Area": 0.0,
    "Absolute Height (70%)": 9.40381908416748,
    "Surfaces": [
        {
            "Type": "G",
            "Centroid": {
                "x": 75790.54999999999,
                "y": 436567.191625
            },
            "Distances": [
                9.18757292912571,
                4.616314420400218,
                3.943187679800636,
                6.243385005613968,
                5.046582911049924,
                1.5739255313345855,
                7.79793490793665,
                11.380656673847364
            ],
            "UnitPairs": [
                [
                    -0.4407311954128584,
                    -0.8976391331654124
                ],
                [
                    0.8452088927829731,
                    -0.534436083699988
                ],
                [
                    0.8779064759548131,
                    -0.47883214123176954
                ],
                [
                    0.9997381219327499,
                    0.022884220641701015
                ],
                [
                    0.7888010699846529,
                    0.6146485760099561
                ],
                [
                    0.7381225965810249,
                    0.6746666083455484
                ],
                [
                    -0.4346343025437874,
                    0.900607030314707
                ],
                [
                    -0.9937256104017,
                    0.11184547926388716
                ]
            ]
        },
        {
            "Type": "F",
            "Centroid": {
                "x": 75789.10559782608,
                "y": 436566.3684782609
            },
            "Distances": [
                5.642529707673464,
                5.9838695367235255,
                1.1692979042610236,
                1.7613813816227053,
                6.0603403855553095,
                4.518476871811201,
                7.86769886404599,
                5.753589497929692,
                5.552654987959438,
                5.626476774453778,
                5.0894439541843886,
                5.097353484476661,
                5.250395018469644,
                5.398223445904847,
                3.512920007666486,
                3.4689622088441925,
                4.484285947466985,
                3.914577097173537,
                5.593210847874405,
                3.458556877639959,
                5.020409131704575,
                5.211277497325328,
                2.7484516474613665,
                7.746620762700221,
                6.984007727415127,
                7.492225641760644,
                2.242787401422075,
                4.777508221467798,
                2.497402185426475,
                6.320377990000499,
                6.711672559456746,
                3.2164166568641064,
                6.696123637030803,
                3.481241785822519,
                3.459898971519709,
                8.083470182877983,
                7.509339519779474,
                7.248745734188672,
                7.1066924996246295,
                6.995073951640398,
                7.744746782111832,
                4.11790285661073,
                6.91183967375244,
                6.88414556771289,
                4.737735115387293,
                10.085064688079637
            ],
            "UnitPairs": [
                [
                    -0.9674468915353961,
                    -0.25307412364463416
                ],
                [
                    -0.9580502701315138,
                    -0.28660020917810486
                ],
                [
                    -0.8764642631756677,
                    -0.48146692033402877
                ],
                [
                    -0.8736596413145202,
                    -0.4865375947839837
                ],
                [
                    -0.6925102484483334,
                    -0.7214080369624583
                ],
                [
                    -0.6880300407175463,
                    -0.7256822052870056
                ],
                [
                    -0.33108128197387376,
                    -0.9436022386188665
                ],
                [
                    -0.05141969655478715,
                    -0.9986771324137815
                ],
                [
                    -0.041034032652690684,
                    -0.9991577493890832
                ],
                [
                    -0.023077999126642042,
                    -0.9997336675116583
                ],
                [
                    -0.013527573288000944,
                    -0.9999084981941787
                ],
                [
                    -0.012133321001959975,
                    -0.999926388551409
                ],
                [
                    0.012599466073819404,
                    -0.999920623577019
                ],
                [
                    0.034669215860362264,
                    -0.9993988420403676
                ],
                [
                    0.13867442835256955,
                    -0.9903380245759971
                ],
                [
                    0.2617936198896017,
                    -0.9651238783623057
                ],
                [
                    0.5316681857131309,
                    -0.8469527379379015
                ],
                [
                    0.537517111472679,
                    -0.8432528416045022
                ],
                [
                    0.9558288287915874,
                    -0.2939238847914579
                ],
                [
                    0.9646081565065797,
                    -0.2636875127892445
                ],
                [
                    0.9772415046659921,
                    -0.21212977527482457
                ],
                [
                    0.985008412343028,
                    -0.17250631180761794
                ],
                [
                    0.997707991861136,
                    -0.06766655729693569
                ],
                [
                    0.992194197878884,
                    0.12470234037690738
                ],
                [
                    0.9846999663123506,
                    0.17425836090258542
                ],
                [
                    0.9826388747391458,
                    0.18552854726802911
                ],
                [
                    0.9756395869376441,
                    0.21937957151964535
                ],
                [
                    0.9683190398541551,
                    0.249716313155403
                ],
                [
                    0.8645592554203192,
                    0.5025308884706127
                ],
                [
                    0.8480746218657564,
                    0.5298768118603177
                ],
                [
                    0.8364758745580932,
                    0.5480037511571185
                ],
                [
                    0.8102657248574303,
                    0.5860626716668303
                ],
                [
                    0.8101929516211444,
                    0.5861632717455247
                ],
                [
                    0.2962024005644394,
                    0.9551251948827774
                ],
                [
                    0.2598781586715345,
                    0.9656414151461673
                ],
                [
                    -0.240595657816457,
                    0.9706254321002856
                ],
                [
                    -0.6431787793536659,
                    0.7657160425308642
                ],
                [
