{
    "Pand ID": "0599100000111808",
    "Archetype ID": "D.1965",
    "Construction Year": 1850,
    "Number of Floors": 2,
    "Wall Area": 126.97,
    "Roof Area (Flat)": 0.0,
    "Roof Area (Sloped)": 57.12,
    "Floor Area": 47.78,
    "Shared Wall Area": 0.0,
    "Absolute Height (70%)": 4.481974124908447,
    "Surfaces": [
        {
            "Type": "G",
            "Centroid": {
                "x": 91440.659375,
                "y": 431156.52012500004
            },
            "Distances": [
                5.143845500344708,
                2.986415749913418,
                2.0065318416046773,
                4.028709040291336,
                3.7572325295589275,
                5.126856349762962,
                5.470518099880127,
                4.257687991289554
            ],
            "UnitPairs": [
                [
                    -0.8669826882833646,
                    -0.498338256826576
                ],
                [
                    0.20438380021989158,
                    -0.9788908326303171
                ],
                [
                    0.3595133578427595,
                    -0.9331399388798145
                ],
                [
                    0.865879110432992,
                    -0.5002533019538904
                ],
                [
                    0.9771487314419149,
                    0.21255671394114167
                ],
                [
                    0.7488750879812417,
                    0.662711175853469
                ],
                [
                    -0.6943812141108899,
                    0.7196073439660593
                ],
                [
                    -0.9565343933920333,
                    0.2916195368251837
                ]
            ]
        },
        {
            "Type": "F",
            "Centroid": {
                "x": 91441.42145,
                "y": 431156.6565500001
            },
            "Distances": [
                5.878356141836717,
                3.0635582139531916,
                2.0092122661072804,
                3.47317648993953,
                3.5899251148397116,
                2.983711670042281,
                4.581017455729618,
                4.4838823278160085,
                5.936455552731603,
                4.9594143938347495
            ],
            "UnitPairs": [
                [
                    -0.8882925556060399,
                    -0.4592780591916954
                ],
                [
                    -0.049517583604804724,
                    -0.9987732520016448
                ],
                [
                    -0.02025669496662748,
                    -0.999794812103478
                ],
                [
                    0.7849586705157118,
                    -0.6195481301579451
                ],
                [
                    0.7989860256820364,
                    -0.6013495911404816
                ],
                [
                    0.97506070348886,
                    0.2219383349306952
                ],
                [
                    0.7047124424214447,
                    0.7094930397800969
                ],
                [
                    0.6863025777715601,
                    0.7273161429145593
                ],
                [
                    -0.7682530357535068,
                    0.6401462903551977
                ],
                [
                    -0.974852999983701,
                    0.22284889145512515
                ]
            ]
        },
        {
            "Type": "R",
            "Centroid": {
                "x": 91444.33075,
                "y": 431157.31875000003
            },
            "Distances": [
                0.0
            ],
            "UnitPairs": [
                [
                    0.0,
                    0.0
                ]
            ]
        }
    ],
    "Annual Heating [kWh/m2]": 405.3128246740672,
    "Annual Cooling [kWh/m2]": 1.876368342203459
}