{
    "Pand ID": "0599100015001720",
    "Archetype ID": "D.1965",
    "Construction Year": 1923,
    "Number of Floors": 3,
    "Wall Area": 311.36,
    "Roof Area (Flat)": 16.05,
    "Roof Area (Sloped)": 152.69,
    "Floor Area": 117.77,
    "Shared Wall Area": 0.0,
    "Absolute Height (70%)": 8.602437973022461,
    "Surfaces": [
        {
            "Type": "G",
            "Centroid": {
                "x": 76534.478475,
                "y": 435887.13575
            },
            "Distances": [
                6.985641860986665,
                6.097087338232582,
                9.522493371483746,
                7.3232167802229915,
                6.832028689200181,
                2.9816676894107084,
                7.617337199450454,
                4.397631204390812,
                5.5845397491793545,
                7.5751402633758556
            ],
            "UnitPairs": [
                [
                    -0.9259850603161666,
                    -0.37756015159344514
                ],
                [
                    -0.9115172034932872,
                    -0.41126194540192645
                ],
                [
                    -0.6098822832884979,
                    -0.792492019222155
                ],
                [
                    0.5219564181586567,
                    -0.8529721551979206
                ],
                [
                    0.9854174076655131,
                    0.17015443770228222
                ],
                [
                    0.9764334269548278,
                    0.2158188192101207
                ],
                [
                    0.8286885344218717,
                    0.5597100257434471
                ],
                [
                    0.5324230002886615,
                    0.8464784396330599
                ],
                [
                    0.3852421321414384,
                    0.9228155284904553
                ],
                [
                    -0.8498324487949859,
                    0.5270529470320013
                ]
            ]
        },
        {
            "Type": "F",
            "Centroid": {
                "x": 76533.0343430851,
                "y": 435886.0974840426
            },
            "Distances": [
                3.700045882028163,
                5.27283880477498,
                4.353428313691195,
                4.367982183922024,
                5.460293324417651,
                5.5036683276844265,
                5.305748293560445,
                7.322918668589693,
                7.005820145582245,
                4.752872620459207,
                2.5863672250472387,
                2.494695043292167,
                7.7998435402821835,
                2.41223729853876,
                2.53227860084465,
                2.3652361938245257,
                3.4666640039731225,
                2.7425213506851454,
                2.7452939883154026,
                7.406892752887905,
                5.650063687977496,
                4.829336708068557,
                4.755705976796847,
                4.726653921668076,
                3.323253628318853,
                4.579551036892683,
                4.422921266453188,
                4.566471629853813,
                8.467528857622282,
                4.668939386771602,
                3.3706783990213496,
                9.395345103524773,
                5.642434884212768,
                6.08236338769331,
                5.022157389818339,
                6.975573486486553,
                7.160015043482357,
                5.654446830128278,
                3.404341823702664,
                7.088252932519366,
                3.9599736536800867,
                3.7372197336426423,
                5.046650660677661,
                5.178065275473352,
                5.332850335343049,
                2.897979479061695,
                4.35075274698639
            ],
            "UnitPairs": [
                [
                    -0.9757900848298358,
                    -0.21870919127412497
                ],
                [
                    -0.952896204707186,
                    -0.3032965925536267
                ],
                [
                    -0.9474069142559535,
                    -0.32003146535928656
                ],
                [
                    -0.9417318825729679,
                    -0.3363644769377019
                ],
                [
                    -0.9011362197507939,
                    -0.43353605784669036
                ],
                [
                    -0.8907637221595538,
                    -0.4544667108650064
                ],
                [
                    -0.8764961750543162,
                    -0.481408823262675
                ],
                [
                    -0.6088375805975367,
                    -0.7932949013148504
                ],
                [
                    -0.6079899278872276,
                    -0.7939447383714334
                ],
                [
                    -0.5988942503634683,
                    -0.8008281194373607
                ],
                [
                    -0.5743453871177998,
                    -0.8186130809463679
                ],
                [
                    -0.5726022861747243,
                    -0.8198332890700883
                ],
                [
                    -0.5525069910505458,
                    -0.8335082632105527
                ],
                [
                    -0.39484841963089834,
                    -0.9187462791842925
                ],
                [
                    -0.3895574858048194,
                    -0.9210021526866417
                ],
                [
                    0.15877142243629397,
                    -0.9873153677612618
                ],
                [
                    0.36592294882007953,
                    -0.9306451501656351
                ],
                [
                    0.4723871756114051,
                    -0.8813911483092394
                ],
                [
                    0.47336712221769284,
                    -0.8808652380491241
                ],
                [
                    0.7110312097932288,
                    -0.7031604501818753
                ],
                [
                    0.8744205707638977,
                    -0.4851686979030486
                ],
                [
                    0.9764346948565351,
                    -0.21581308273694944
                ],
                [
                    0.9783052059132659,
                    -0.20716882990209276
                ],
                [
                    0.9885496150833669,
                    -0.15089618457246382
                ],
                [
                    0.9988800994926569,
                    -0.04731328394372774
                ],
                [
                    0.9999958244839403,
                    -0.002889812223061042
                ],
                [
                    0.9761720037046094,
                    0.2169982008757856
                ],
                [
                    0.9711068576247065,
                    0.23864507343389244
                ],
                [
                    0.9656337819903318,
                    0.2599065198856085
                ],
                [
                    0.9328739471842857,
                    0.36020299646839476
                ],
                [
                    0.9210406770931746,
                    0.3894663928245241
                ],
                [
                    0.8255717942696826,
                    0.5642970959577381
                ],
                [
                    0.6834871813375222,
                    0.7299625147548942
                ],
                [
                    0.6223784528484827,
                    0.7827164629863927
                ],
                [
