{
    "Pand ID": "0599100000307394",
    "Archetype ID": "D.1965",
    "Construction Year": 1964,
    "Number of Floors": 3,
    "Wall Area": 262.18,
    "Roof Area (Flat)": 34.89,
    "Roof Area (Sloped)": 90.71,
    "Floor Area": 96.39,
    "Shared Wall Area": 0.0,
    "Absolute Height (70%)": 0.34410426020622253,
    "Surfaces": [
        {
            "Type": "G",
            "Centroid": {
                "x": 100389.118275,
                "y": 443401.6538
            },
            "Distances": [
                2.3959731556255837,
                2.5102150629970867,
                3.0098555716900717,
                11.31121601607233,
                9.92461017684688,
                2.181546231990116,
                3.2953443465761536,
                3.243007857290474,
                4.869882489574413,
                4.416651963026724,
                7.4223007661021105,
                7.752403676453278,
                7.497264652034905,
                6.327366732108883,
                6.451402023024325,
                6.954079167122082,
                5.737266602039806,
                4.983387990385706,
                2.6904050554659182,
                2.648704600831819
            ],
            "UnitPairs": [
                [
                    -0.9996564420486083,
                    -0.02621064422553792
                ],
                [
                    -0.9983805917445328,
                    -0.056887556001613174
                ],
                [
                    -0.9977721284158626,
                    -0.06671416458653533
                ],
                [
                    -0.9936288003008731,
                    -0.11270229462015291
                ],
                [
                    -0.894659824595182,
                    -0.4467480254632563
                ],
                [
                    -0.5166748169127791,
                    -0.8561817176091454
                ],
                [
                    -0.07196516511157199,
                    -0.9974071460594536
                ],
                [
                    -0.050924945997110296,
                    -0.9987024831626241
                ],
                [
                    0.17492208525155278,
                    -0.9845822789849757
                ],
                [
                    0.4933261706494053,
                    -0.8698444052544073
                ],
                [
                    0.9999392686826494,
                    -0.011020841456460711
                ],
                [
                    0.9997995877785971,
                    0.02001959734228431
                ],
                [
                    0.9974104352819646,
                    0.0719195633373974
                ],
                [
                    0.8804373503014835,
                    0.4741624955583294
                ],
                [
                    0.8791654867820391,
                    0.4765165756312161
                ],
                [
                    0.5236998188369981,
                    0.8519028699036619
                ],
                [
                    -0.6149531204884032,
                    0.7885636687050547
                ],
                [
                    -0.6196888554440914,
                    0.7848475791122708
                ],
                [
                    -0.6501437381836235,
                    0.7598112395198059
                ],
                [
                    -0.9997906143108506,
                    0.02046283303778134
                ]
            ]
        },
        {
            "Type": "F",
            "Centroid": {
                "x": 100389.26695108697,
                "y": 443401.67652173917
            },
            "Distances": [
                2.5452632729482216,
                2.659981014635174,
                3.1597420227531128,
                11.461507128235493,
                10.06788110122644,
                2.280746511644661,
                3.3319357604258255,
                3.276585245046028,
                4.868569529064527,
                3.092727865564879,
                4.365333250720439,
                7.273924907714396,
                7.603328132710197,
                7.347349184666279,
                5.6009864734842365,
                6.185899024132652,
                6.310068910073827,
                6.8578210569759985,
                5.812259165482218,
                5.059378054888453,
                2.772745609550126,
                4.349494113272715,
                2.7970032251761894
            ],
            "UnitPairs": [
                [
                    -0.9994353487935866,
                    -0.033600350918434406
                ],
                [
                    -0.9980620434387026,
                    -0.06222666186580402
                ],
                [
                    -0.997494752504255,
                    -0.07074050272987059
                ],
                [
                    -0.9935714352010352,
                    -0.11320690417353096
                ],
                [
                    -0.8966957392720409,
                    -0.44264743438923043
                ],
                [
                    -0.5593896912524988,
                    -0.8289048035332128
                ],
                [
                    -0.11579637625588367,
                    -0.9932729731780714
                ],
                [
                    -0.09577839839481357,
                    -0.9954026815319137
                ],
                [
                    0.14443131783056337,
                    -0.9895148277967981
                ],
                [
                    0.19955648859654745,
                    -0.9798863239473321
                ],
                [
                    0.4650673376888776,
                    -0.8852753082600799
                ],
                [
                    0.9998967552320135,
                    -0.014369372863520871
                ],
                [
                    0.9998481954674786,
                    0.017423720051313357
                ],
                [
                    0.9975262817686883,
                    0.0702945032042726
                ],
                [
                    0.9950343460767052,
                    0.0995321562496441
                ],
                [
                    0.8765377339456492,
                    0.4813331496681133
                ],
                [
                    0.8752953401518918,
                    0.4835887379875425
                ],
                [
                    0.5093708167658796,
                    0.8605471346923774
                ],
                [
                    -0.6325984410344323,
                    0.7744799625560405
                ],
                [
                    -0.6397675864214851,
                    0.7685684324537585
                ],
                [
                    -0.6844573409208338,
                    0.7290529119752431
                ],
                [
                    -0.7395862606525714,
                    0.67306178249396
                ],
                [
                    -0.9999366685718808,
                    0.011254281201774564
                ]
            ]
        },
        {
            "Type": "R",
            "Centroid": {
                "x": 100394.739625,
                "y": 443404.691
            },
            "Distances": [
                0.06260391362031688,
                0.06260391362031688
            ],
            "UnitPairs": [
                [
                    -0.8066588345231901,
                    -0.5910173641152083
                ],
                [
                    0.8066588345231901,
                    0.5910173641152083
                ]
            ]
        }
    ],
    "Annual Heating [kWh/m2]": 278.60438439230455,