{
    "Pand ID": "0599100000120424",
    "Archetype ID": "D.1975-1991",
    "Construction Year": 1988,
    "Number of Floors": 3,
    "Wall Area": 415.91,
    "Roof Area (Flat)": 142.69,
    "Roof Area (Sloped)": 0.0,
    "Floor Area": 142.69,
    "Shared Wall Area": 0.0,
    "Absolute Height (70%)": 4.645850658416748,
    "Surfaces": [
        {
            "Type": "G",
            "Centroid": {
                "x": 96161.29585833334,
                "y": 437827.0669
            },
            "Distances": [
                13.375784284715758,
                14.432839488360397,
                5.897423722645821,
                8.577810441185738,
                6.516732788092785,
                1.7407379175996687,
                1.8244291430289878,
                1.8617206282935315,
                1.9196303023741776,
                1.9648312814515856,
                1.9921748663036156,
                2.0031144827709086,
                1.9966994677505288,
                1.974566323138294,
                1.936292651211433
            ],
            "UnitPairs": [
                [
                    -0.31689605955856226,
                    -0.9484602719335461
                ],
                [
                    0.21591500890571982,
                    -0.9764121613997047
                ],
                [
                    0.9952255328243472,
                    0.09760194062872977
                ],
                [
                    0.7874115093801003,
                    0.6164277045167196
                ],
                [
                    0.05574367992054832,
                    0.9984451122364792
                ],
                [
                    -0.3089111392898957,
                    0.9510909041845678
                ],
                [
                    -0.3917572442165664,
                    0.9200686178779502
                ],
                [
                    -0.44675517942891996,
                    0.8946562522295552
                ],
                [
                    -0.5114179183980272,
                    0.8593321317985432
                ],
                [
                    -0.5856652142125904,
                    0.8105530561667882
                ],
                [
                    -0.6554310846037841,
                    0.7552549856406823
                ],
                [
                    -0.7202450712322427,
                    0.6937197109536829
                ],
                [
                    -0.7791524756073874,
                    0.6268344436570789
                ],
                [
                    -0.8319463945533211,
                    0.5548560142863459
                ],
                [
                    -0.8783451882995288,
                    0.47802691366811695
                ]
            ]
        },
        {
            "Type": "F",
            "Centroid": {
                "x": 96161.22336029413,
                "y": 437825.4570882353
            },
            "Distances": [
                11.834201428952474,
                12.142085691141489,
                13.143381507834885,
                12.883447884833084,
                6.330923503037602,
                9.704586822812976,
                8.128101304303907,
                3.2983871622003362,
                3.350539972507248,
                3.3622552639676644,
                3.3838548833859656,
                3.379057924963131,
                3.3496910202158765,
                3.297577246296816,
                3.2229899510985867,
                3.1280811523011915,
                3.013214726759608
            ],
            "UnitPairs": [
                [
                    -0.3520503955533104,
                    -0.9359810462775181
                ],
                [
                    -0.3479003032573464,
                    -0.937531534932797
                ],
                [
                    0.2386573580025628,
                    -0.971103838665689
                ],
                [
                    0.24750864321262933,
                    -0.9688856854836093
                ],
                [
                    0.9385304850108751,
                    0.3451963625318952
                ],
                [
                    0.7034575330743584,
                    0.7107372926482316
                ],
                [
                    0.053612115494665505,
                    0.9985618363787926
                ],
                [
                    -0.14104932842661883,
                    0.990002569163535
                ],
                [
                    -0.19168113181749036,
                    0.9814572551594725
                ],
                [
                    -0.22581131845187713,
                    0.9741710570834184
                ],
                [
                    -0.2686980752592674,
                    0.9632244516995844
                ],
                [
                    -0.3190934627565493,
                    0.9477232518124871
                ],
                [
                    -0.3681638953227404,
                    0.9297609080730305
                ],
                [
                    -0.4155278835869427,
                    0.9095804406218045
                ],
                [
                    -0.460204752926613,
                    0.8878128098781607
                ],
                [
                    -0.5019803571830811,
                    0.8648790210210596
                ],
                [
                    -0.5403648401356375,
                    0.8414308287347136
                ]
            ]
        },
        {
            "Type": "R",
            "Centroid": {
                "x": 96157.057125,
                "y": 437814.38049999997
            },
            "Distances": [
                0.0
            ],
            "UnitPairs": [
                [
                    0.0,
                    0.0
                ]
            ]
        }
    ],
    "Annual Heating [kWh/m2]": 211.1546178073919,
    "Annual Cooling [kWh/m2]": 0.8879511572612824
}