{
    "Pand ID": "0599100000376272",
    "Archetype ID": "D.1992-2005",
    "Construction Year": 2002,
    "Number of Floors": 3,
    "Wall Area": 426.43,
    "Roof Area (Flat)": 93.1,
    "Roof Area (Sloped)": 0.0,
    "Floor Area": 77.93,
    "Shared Wall Area": 0.0,
    "Absolute Height (70%)": 6.020046234130859,
    "Surfaces": [
        {
            "Type": "G",
            "Centroid": {
                "x": 98044.85410526316,
                "y": 438324.8648157895
            },
            "Distances": [
                1.9764723639778867,
                2.0167288404987325,
                8.288347410380961,
                6.900838000652241,
                8.065940008191692,
                6.93815629274116,
                4.808899513595866,
                3.883867891024632,
                4.8118257947704315,
                4.6060715657397004,
                4.826187277468966,
                8.20397924342883,
                7.252018162307432,
                6.815303217979314,
                6.997784168489444,
                6.834173576885015,
                4.391143102012824,
                3.6522651666671715,
                2.9534513628888046
            ],
            "UnitPairs": [
                [
                    -0.997790456930929,
                    -0.06643947665031551
                ],
                [
                    -0.9967156827430604,
                    -0.08098053947730242
                ],
                [
                    0.0027622800676008297,
                    -0.9999961848971365
                ],
                [
                    0.012302090967477506,
                    -0.9999243264156683
                ],
                [
                    0.04623078481337659,
                    -0.9989307856581152
                ],
                [
                    0.47849811920636215,
                    -0.878088577488612
                ],
                [
                    0.6369221748508438,
                    -0.7709281050676977
                ],
                [
                    0.7564352906101489,
                    -0.6540685370200432
                ],
                [
                    0.955956207274691,
                    -0.293509335069582
                ],
                [
                    0.9730406210325238,
                    -0.23063380025625105
                ],
                [
                    0.9802551092308264,
                    -0.19773699913486237
                ],
                [
                    0.30666761362937667,
                    0.9518166707674663
                ],
                [
                    -0.49946169219280534,
                    0.8663359729526989
                ],
                [
                    -0.5059357086363498,
                    0.8625711905266918
                ],
                [
                    -0.508461704089482,
                    0.8610846041327298
                ],
                [
                    -0.5146350503971517,
                    0.8574093333424363
                ],
                [
                    -0.6558896388142001,
                    0.7548567954891695
                ],
                [
                    -0.7319033917805834,
                    0.6814084128480348
                ],
                [
                    -0.8292350075365058,
                    0.5589000825513725
                ]
            ]
        },
        {
            "Type": "F",
            "Centroid": {
                "x": 98045.02352,
                "y": 438325.23694000003
            },
            "Distances": [
                2.1998999395473504,
                2.244326942321423,
                8.661679346646267,
                7.272931127436402,
                8.43189556527052,
                7.191280049067506,
                5.001405524850399,
                4.018306641348945,
                4.776335325751591,
                4.922566788180688,
                4.54478842896097,
                4.750425545582704,
                3.086158224041534,
                7.797973648587395,
                1.1129433156923332,
                1.1807284971757623,
                2.2537987452376425,
                7.022132398628309,
                6.588524416293568,
                6.771790459256091,
                6.610880763090297,
                2.3086118998327554,
                4.237715373167318,
                3.543973219990584,
                2.91399428002778
            ],
            "UnitPairs": [
                [
                    -0.9734624568630665,
                    -0.228846772050913
                ],
                [
                    -0.9711241080369293,
                    -0.23857486621494453
                ],
                [
                    -0.016915888262650974,
                    -0.9998569161256451
                ],
                [
                    -0.011621174258770793,
                    -0.9999324718743998
                ],
                [
                    0.024132177447095872,
                    -0.9997087766002967
                ],
                [
                    0.4380972481255445,
                    -0.898927583949244
                ],
                [
                    0.5785333713937076,
                    -0.8156587142817947
                ],
                [
                    0.6889668328222553,
                    -0.7247928692191103
                ],
                [
                    0.9275898147495064,
                    -0.3736002349744665
                ],
                [
                    0.9426951831601051,
                    -0.33365519874075955
                ],
                [
                    0.9488846548999202,
                    -0.3156230531749211
                ],
                [
                    0.9602255537391886,
                    -0.2792255109159417
                ],
                [
                    0.5143871068033082,
                    0.857558105526688
                ],
                [
                    0.3009089419573119,
                    0.9536528763916833
                ],
                [
                    -0.2394731126435492,
                    0.970902996349692
                ],
                [
                    -0.2883982226332542,
                    0.9575105561726096
                ],
                [
                    -0.4457008426882912,
                    0.8951819696726174
                ],
                [
                    -0.5399385521041277,
                    0.8417044374076319
                ],
                [
                    -0.5490637616904899,
                    0.8357804649537395
                ],
                [
                    -0.5504482193339827,
                    0.8348693058389725
                ],
                [
                    -0.55764430370389,
                    0.8300800145447448
                ],
                [
                    -0.6053507738134172,
                    0.795958818434407
                ],
                [
                    -0.7196141626947534,
                    0.6943741475956091
                ],
                [
                    -0.80207152355772,
                    0.5972279892116559
                ],
                [
                    -0.8986016266231877,
                    0.4387654460302924
                ]
            ]
        },
        {
            "Type": "R",
            "Centroid": {
                "x": 98044.752,
                "y": 438327.40416666673
            },
            "Distances": [
                0.7481237271392605,
                1.1732672803330413,
                1.9198024493211836
            ],