{
    "Pand ID": "0599100015001737",
    "Archetype ID": "D.1965",
    "Construction Year": 1892,
    "Number of Floors": 2,
    "Wall Area": 326.98,
    "Roof Area (Flat)": 1.41,
    "Roof Area (Sloped)": 124.69,
    "Floor Area": 112.4,
    "Shared Wall Area": 0.0,
    "Absolute Height (70%)": 9.186963081359863,
    "Surfaces": [
        {
            "Type": "G",
            "Centroid": {
                "x": 76548.33037499999,
                "y": 435750.34675
            },
            "Distances": [
                3.7805127297663947,
                3.6439487510066564,
                5.313912165255827,
                3.0083504616413026,
                4.246955674386941,
                3.641459391523887,
                2.6416862985749106,
                5.300639253946883,
                11.589558080442115,
                10.975284620434977
            ],
            "UnitPairs": [
                [
                    -0.9997321184058496,
                    -0.02314500870062931
                ],
                [
                    -0.9990535676409716,
                    -0.043496769809337046
                ],
                [
                    -0.8845648655476862,
                    -0.4664171937639132
                ],
                [
                    -0.5715756930307377,
                    -0.8205493447297559
                ],
                [
                    -0.5273189012784598,
                    -0.8496674504501618
                ],
                [
                    0.18660100991228226,
                    -0.9824357806491558
                ],
                [
                    0.47299333031307045,
                    -0.8810660074474277
                ],
                [
                    0.7413256801218827,
                    -0.6711454655973085
                ],
                [
                    0.7722900163993868,
                    0.6352701240966986
                ],
                [
                    0.11576009588377476,
                    0.9932772020946516
                ]
            ]
        },
        {
            "Type": "F",
            "Centroid": {
                "x": 76548.28815277776,
                "y": 435750.13419444446
            },
            "Distances": [
                3.7052695016970714,
                5.180159850834373,
                1.9863770684251771,
                1.9640820508339094,
                2.811146755369866,
                4.044807572995155,
                2.8666655179024696,
                1.8800699373140997,
                2.112324752068518,
                3.441472661561849,
                2.540839684573313,
                2.478212319898523,
                5.192613094321335,
                11.757998113454661,
                10.679224653064704,
                11.191312278930395,
                3.7393694762805745,
                3.598683782866365
            ],
            "UnitPairs": [
                [
                    -0.9989226899893895,
                    -0.046405381415974355
                ],
                [
                    -0.899253673999162,
                    -0.4374275137654338
                ],
                [
                    -0.827273836316059,
                    -0.5617988961780812
                ],
                [
                    -0.8132439156938867,
                    -0.5819229619003488
                ],
                [
                    -0.5966525136270634,
                    -0.8024997059080502
                ],
                [
                    -0.5432341930034011,
                    -0.8395812120050945
                ],
                [
                    -0.1483527726262382,
                    -0.9889345048354353
                ],
                [
                    0.011553943710352973,
                    -0.9999332509646521
                ],
                [
                    0.20390909201800858,
                    -0.9789898274202808
                ],
                [
                    0.2097131935115693,
                    -0.9777629449243712
                ],
                [
                    0.49067331158378,
                    -0.8713436183845078
                ],
                [
                    0.5212314586040883,
                    -0.8534153540694325
                ],
                [
                    0.7648792910418049,
                    -0.6441736335301113
                ],
                [
                    0.7648174574838467,
                    0.6442470463478621
                ],
                [
                    0.49120815346119956,
                    0.8710422205457313
                ],
                [
                    0.117298328339088,
                    0.9930967234710099
                ],
                [
                    -0.9994406280175905,
                    0.03344295243850785
                ],
                [
                    -0.9998871795570902,
                    0.015020923985138008
                ]
            ]
        },
        {
            "Type": "R",
            "Centroid": {
                "x": 76548.30987499999,
                "y": 435748.25425
            },
            "Distances": [
                0.0
            ],
            "UnitPairs": [
                [
                    0.0,
                    0.0
                ]
            ]
        }
    ],
    "Annual Heating [kWh/m2]": 417.94355206244046,
    "Annual Cooling [kWh/m2]": 1.994472230117985
}