{
    "Pand ID": "0599100000255032",
    "Archetype ID": "D.1975-1991",
    "Construction Year": 1987,
    "Number of Floors": 3,
    "Wall Area": 303.96,
    "Roof Area (Flat)": 32.35,
    "Roof Area (Sloped)": 149.71,
    "Floor Area": 158.18,
    "Shared Wall Area": 0.0,
    "Absolute Height (70%)": 4.868882179260254,
    "Surfaces": [
        {
            "Type": "G",
            "Centroid": {
                "x": 97832.14925,
                "y": 433162.1366875
            },
            "Distances": [
                7.2324860916796965,
                7.189734387752647,
                7.465639478072889,
                13.279269137123556,
                11.396735812970583,
                11.381947222072633,
                10.935394428928246,
                11.948981831810531,
                3.054559287603217,
                2.9200349640665255,
                2.2532304734372093,
                2.2656628315720857,
                2.9621836652161218,
                2.9516376923027425,
                5.193800649941925,
                3.1559407775542536
            ],
            "UnitPairs": [
                [
                    -0.9866593463909883,
                    -0.16279844648923344
                ],
                [
                    -0.9826510436932416,
                    -0.18546408366199393
                ],
                [
                    -0.9804920290493992,
                    -0.19655884861942005
                ],
                [
                    -0.11740103946308594,
                    -0.9930845864945175
                ],
                [
                    0.24533340474734688,
                    -0.9694387657377203
                ],
                [
                    0.6124611073992529,
                    -0.7905007222787851
                ],
                [
                    0.8139624096641193,
                    0.580917546346967
                ],
                [
                    0.6244883543244018,
                    0.7810341191735484
                ],
                [
                    0.4691347801975068,
                    0.8831265809661926
                ],
                [
                    0.43903583887455133,
                    0.8984695499479762
                ],
                [
                    -0.09719378580824845,
                    0.9952654761420494
                ],
                [
                    -0.09886731462445857,
                    0.9951006251123292
                ],
                [
                    -0.1546156659280962,
                    0.9879746939317886
                ],
                [
                    -0.18159410330241774,
                    0.9833735717649681
                ],
                [
                    -0.24798795464259255,
                    0.9687631157058899
                ],
                [
                    -0.963262689093946,
                    0.26856096477243313
                ]
            ]
        },
        {
            "Type": "F",
            "Centroid": {
                "x": 97831.57308333334,
                "y": 433163.12197222223
            },
            "Distances": [
                2.467679498028569,
                6.907154317920711,
                7.197433253486392,
                6.890677090946658,
                7.1760110317235615,
                14.206759537258572,
                12.514570214767717,
                10.891481018268063,
                2.6398192897798567,
                2.477243919799957,
                11.58832039860534,
                2.8258297688662415,
                1.3070254160640002,
                1.317227177905692,
                1.9448708881564891,
                1.9176984743064927,
                4.108414602887647,
                4.047016829200933
            ],
            "UnitPairs": [
                [
                    -0.9984413840252327,
                    -0.05581041717974828
                ],
                [
                    -0.9497157630188178,
                    -0.3131133492420674
                ],
                [
                    -0.9479536791861374,
                    -0.3184082632681911
                ],
                [
                    -0.9416829794363595,
                    -0.33650136142348813
                ],
                [
                    -0.9397746608147859,
                    -0.34179465602968984
                ],
                [
                    -0.06918068337575473,
                    -0.9976041464667554
                ],
                [
                    0.6030703841311541,
                    -0.797687978964145
                ],
                [
                    0.8701449004747813,
                    0.4927959538974858
                ],
                [
                    0.7611000777342423,
                    0.6486344669171771
                ],
                [
                    0.750094349533344,
                    0.661330830067788
                ],
                [
                    0.6936438060197874,
                    0.7203181730113322
                ],
                [
                    0.6752588877376967,
                    0.7375807986459849
                ],
                [
                    0.27326681047222223,
                    0.961938277798705
                ],
                [
                    0.2673545403335487,
                    0.9635982304690254
                ],
                [
                    0.060758103474468556,
                    0.9981525198396214
                ],
                [
                    0.020945246187883876,
                    0.9997806242682087
                ],
                [
                    -0.1732622926698616,
                    0.9848757170012788
                ],
                [
                    -0.2302519047146645,
                    0.973131060225327
                ]
            ]
        },
        {
            "Type": "R",
            "Centroid": {
                "x": 97834.94525,
                "y": 433151.08825000003
            },
            "Distances": [
                0.0
            ],
            "UnitPairs": [
                [
                    0.0,
                    0.0
                ]
            ]
        }
    ],
    "Annual Heating [kWh/m2]": 206.863770566775,
    "Annual Cooling [kWh/m2]": 0.8377010527597702
}