{
    "Pand ID": "0599100000755356",
    "Archetype ID": "D.2006-2014",
    "Construction Year": 2010,
    "Number of Floors": 3,
    "Wall Area": 342.7,
    "Roof Area (Flat)": 89.0,
    "Roof Area (Sloped)": 96.13,
    "Floor Area": 137.21,
    "Shared Wall Area": 0.0,
    "Absolute Height (70%)": 4.0064377784729,
    "Surfaces": [
        {
            "Type": "G",
            "Centroid": {
                "x": 90533.67838333333,
                "y": 440072.9094833333
            },
            "Distances": [
                8.58392362241959,
                11.478317020461256,
                12.052135825449813,
                2.3143533630086726,
                5.702241292282537,
                2.400509742165526,
                2.318132859753363,
                4.157083178807525,
                4.471286431843681,
                3.871932948246592,
                5.388924941257699,
                3.9236692124616317,
                6.8733442871016734,
                5.70498278315356,
                4.706261370650706
            ],
            "UnitPairs": [
                [
                    -0.9994419464457537,
                    -0.03340352802808581
                ],
                [
                    -0.9847378594950571,
                    -0.17404409808175922
                ],
                [
                    -0.49270381775736716,
                    -0.8701970742121092
                ],
                [
                    0.5011623052932779,
                    -0.8653533057388337
                ],
                [
                    0.5176677933052464,
                    -0.8555817060774948
                ],
                [
                    0.7372878499849965,
                    -0.6755787343193251
                ],
                [
                    0.7440758450982493,
                    -0.668095155454166
                ],
                [
                    0.9994668107304648,
                    -0.032651098729952144
                ],
                [
                    0.9999061198203494,
                    0.013702246013444082
                ],
                [
                    0.8395978727217328,
                    0.5432084426084897
                ],
                [
                    0.777310263610027,
                    0.629117440615431
                ],
                [
                    0.7497743839662202,
                    0.6616935643846591
                ],
                [
                    0.3241313942106364,
                    0.9460120714277745
                ],
                [
                    0.15019618800587167,
                    0.9886562117887617
                ],
                [
                    -0.8240369643549107,
                    0.5665360371386304
                ]
            ]
        },
        {
            "Type": "F",
            "Centroid": {
                "x": 90533.85415476191,
                "y": 440072.886797619
            },
            "Distances": [
                8.758885690270699,
                11.64757775807774,
                8.044828878101246,
                12.120109451069846,
                2.8441194489352357,
                2.211115558095882,
                5.59355908604947,
                2.2578956831630075,
                2.1745154384697676,
                3.98070077724047,
                4.295915630754124,
                4.337489070864955,
                3.7384333951018918,
                5.268128448035474,
                3.8092249132698326,
                0.5344515764448503,
                4.2038863722373305,
                4.524548029222459,
                6.8400364355900445,
                5.703763704165424,
                4.8646283234934735
            ],
            "UnitPairs": [
                [
                    -0.9995454983086853,
                    -0.030146256995554063
                ],
                [
                    -0.9855186202943916,
                    -0.16956724050664576
                ],
                [
                    -0.7034213962349759,
                    -0.7107730575358333
                ],
                [
                    -0.5044430321846229,
                    -0.8634449764057832
                ],
                [
                    -0.21268613107748335,
                    -0.9771205706806563
                ],
                [
                    0.44506730301261105,
                    -0.8954971221556665
                ],
                [
                    0.49630212095478116,
                    -0.8681498745814491
                ],
                [
                    0.7060092501077941,
                    -0.7082026113777259
                ],
                [
                    0.7123864060415241,
                    -0.7017874382512419
                ],
                [
                    0.99959666921881,
                    -0.028398924040549528
                ],
                [
                    0.9998090296150652,
                    0.01954237191800216
                ],
                [
                    0.9996786544583116,
                    0.0253493159753836
                ],
                [
                    0.8225625317065454,
                    0.5686746709960965
                ],
                [
                    0.7617686769923894,
                    0.6478491203615736
                ],
                [
                    0.7261569744666282,
                    0.6875289437059887
                ],
                [
                    0.6569261904414233,
                    0.7539548927569333
                ],
                [
                    0.4902832892184604,
                    0.871563133865314
                ],
                [
                    0.4756486668241568,
                    0.8796353481690025
                ],
                [
                    0.3000123255795551,
                    0.9539353251139969
                ],
                [
                    0.1194115453264088,
                    0.99284484328759
                ],
                [
                    -0.8333431646424829,
                    0.5527559768502296
                ]
            ]
        },
        {
            "Type": "R",
            "Centroid": {
                "x": 90533.24925,
                "y": 440070.10774999997
            },
            "Distances": [
                0.0
            ],
            "UnitPairs": [
                [
                    0.0,
                    0.0
                ]
            ]
        }
    ],
    "Annual Heating [kWh/m2]": 111.8857455137277,
    "Annual Cooling [kWh/m2]": 0.3043754103855018
}