{
    "Pand ID": "0599100000426136",
    "Archetype ID": "D.2006-2014",
    "Construction Year": 2006,
    "Number of Floors": 2,
    "Wall Area": 303.4,
    "Roof Area (Flat)": 155.72,
    "Roof Area (Sloped)": 4.94,
    "Floor Area": 137.84,
    "Shared Wall Area": 0.0,
    "Absolute Height (70%)": 1.601945161819458,
    "Surfaces": [
        {
            "Type": "G",
            "Centroid": {
                "x": 99825.66493055556,
                "y": 444519.42075
            },
            "Distances": [
                11.511147960324399,
                5.6399965551268,
                2.2596721561145086,
                1.801311259369374,
                2.866806552342748,
                2.394042798213913,
                5.6029070854783685,
                5.380003823588884,
                5.463144091451264,
                6.820820936867535,
                6.6805442249670985,
                5.5379370033426385,
                6.826137335254241,
                6.876058611661668,
                9.23727357733224,
                10.726268193762014,
                10.639821637410176,
                10.834059248920276
            ],
            "UnitPairs": [
                [
                    -0.9156389607619054,
                    -0.40200160887098174
                ],
                [
                    -0.07642833667679941,
                    -0.9970750770893925
                ],
                [
                    -0.04383625088876415,
                    -0.9990387295335538
                ],
                [
                    -0.0300090033204261,
                    -0.9995496284425874
                ],
                [
                    0.4660043920103889,
                    -0.8847824063729047
                ],
                [
                    0.5839262545638816,
                    -0.8118067068157278
                ],
                [
                    0.8584729982234203,
                    -0.5128587635219772
                ],
                [
                    0.9051934913285802,
                    -0.42499969794857
                ],
                [
                    0.9075258425266701,
                    -0.41999624420494236
                ],
                [
                    0.934190254136034,
                    -0.35677523607623385
                ],
                [
                    0.9957189445086355,
                    0.09243258920212541
                ],
                [
                    0.9913338561123402,
                    0.13136660810661838
                ],
                [
                    0.8442467769683806,
                    0.5359546432101334
                ],
                [
                    0.8392808686427043,
                    0.5436980996199522
                ],
                [
                    -0.8426789019950277,
                    0.5384164448941493
                ],
                [
                    -0.8785959278040523,
                    0.4775659071229192
                ],
                [
                    -0.8875200992440871,
                    0.46076900225358686
                ],
                [
                    -0.8901608652856244,
                    0.4556463913101345
                ]
            ]
        },
        {
            "Type": "F",
            "Centroid": {
                "x": 99824.26358333333,
                "y": 444520.13470833335
            },
            "Distances": [
                6.479490743522286,
                10.585233447067731,
                6.411305954743504,
                3.2443070465082124,
                2.852664639480762,
                4.2494993876028735,
                3.8598081077345485,
                7.172865638078109,
                6.952111145439391,
                7.035013293881308,
                8.386331575550923,
                8.053869310977792,
                6.8913049716078705,
                7.745798907256743,
                7.7839334558508,
                7.569144015561796,
                6.512228251148237,
                7.6735038201958945,
                7.468822556364136,
                9.154184214247348,
                9.338479718991673,
                9.067135943171962,
                9.261322734641537,
                6.187055496099669
            ],
            "UnitPairs": [
                [
                    -0.9381460015848745,
                    -0.3462399164023591
                ],
                [
                    -0.8633449965027337,
                    -0.5046141268471332
                ],
                [
                    0.15134072114270972,
                    -0.9884816569486783
                ],
                [
                    0.40140826623315234,
                    -0.9158992323392866
                ],
                [
                    0.47229234310218343,
                    -0.8814419678271788
                ],
                [
                    0.6441445019735909,
                    -0.7649038243970248
                ],
                [
                    0.7252411489177202,
                    -0.6884949352874756
                ],
                [
                    0.865942843498008,
                    -0.5001429713537764
                ],
                [
                    0.902070110138871,
                    -0.4315895230355406
                ],
                [
                    0.9039487774953522,
                    -0.4276407460294894
                ],
                [
                    0.9269001108087793,
                    -0.3753081195267065
                ],
                [
                    0.9999282774155704,
                    -0.011976644969683457
                ],
                [
                    0.9999980693136643,
                    0.001965036626621411
                ],
                [
                    0.9249261118757709,
                    0.3801469289240267
                ],
                [
                    0.9214225310817817,
                    0.388562117575611
                ],
                [
                    0.9202218444182092,
                    0.39139718580432986
                ],
                [
                    -0.8193368118506339,
                    0.5733124704264151
                ],
                [
                    -0.8317853855166806,
                    0.5550973540207764
                ],
                [
                    -0.8523041329873451,
                    0.5230465226848277
                ],
                [
                    -0.8763979559050641,
                    0.4815876066568008
                ],
                [
                    -0.880518947491993,
                    0.4740109525186024
                ],
                [
                    -0.886907220068852,
                    0.46194759766638127
                ],
                [
                    -0.890014155592968,
                    0.45593289291751693
                ],
                [
                    -0.9999438888554739,
                    0.010593353604583525
                ]
            ]
        },
        {
            "Type": "R",
            "Centroid": {
                "x": 99831.431875,
                "y": 444523.11925
            },
            "Distances": [
                0.040199502463713885,
                0.04019950252163267
            ],
            "UnitPairs": [
                [
                    -0.09950371909268058,
                    -0.995037190202821
                ],
                [
                    0.09950371894931724,
                    0.9950371902171573
                ]
            ]
        }
    ],
    "Annual Heating [kWh/m2]": 157.5895543618726,
    "Annual Cooling [kWh/m2]": 0.45729123411859535
}