{
    "Pand ID": "0599100000042103",
    "Archetype ID": "D.1965",
    "Construction Year": 1875,
    "Number of Floors": 4,
    "Wall Area": 434.72,
    "Roof Area (Flat)": 0.0,
    "Roof Area (Sloped)": 178.46,
    "Floor Area": 138.37,
    "Shared Wall Area": 0.0,
    "Absolute Height (70%)": 8.731703758239746,
    "Surfaces": [
        {
            "Type": "G",
            "Centroid": {
                "x": 88060.36208333333,
                "y": 440452.15383333334
            },
            "Distances": [
                8.42030483219178,
                7.963421990615968,
                8.91792451382905,
                9.558840592204513,
                8.967516460412966,
                9.361417630403585,
                9.357237121637862,
                5.744646483262237,
                5.027444369064563,
                7.159191915546004,
                7.165150275261029,
                6.642848771449927,
                7.069424155019439,
                6.186767401766417,
                5.181751454245675,
                7.509433348577005,
                7.202927012670274,
                6.785959429846165,
                9.665275494439062,
                9.911985903404034,
                7.866851242193693,
                5.012060841938999,
                3.4996397148214813,
                2.9304466611109286
            ],
            "UnitPairs": [
                [
                    -0.8516566176926967,
                    -0.5241001865485606
                ],
                [
                    -0.5175172605670539,
                    -0.855672767484844
                ],
                [
                    -0.48006779230835855,
                    -0.877231391816423
                ],
                [
                    -0.2627105566934954,
                    -0.9648746879267762
                ],
                [
                    -0.17186568211220102,
                    -0.9851203922933013
                ],
                [
                    -0.10043439684525864,
                    -0.9949436827933171
                ],
                [
                    -0.10026552935839268,
                    -0.994960714612633
                ],
                [
                    0.38780309165584415,
                    -0.9217422427675586
                ],
                [
                    0.7820656735399034,
                    -0.6231960223481672
                ],
                [
                    0.9922616617166742,
                    0.12416438574432118
                ],
                [
                    0.9921343438137366,
                    0.12517764906438594
                ],
                [
                    0.9783139568980205,
                    0.20712750116422976
                ],
                [
                    0.9392266641634738,
                    0.34329764538131213
                ],
                [
                    0.7871302330327009,
                    0.6167868320950812
                ],
                [
                    0.7485483819373265,
                    0.663080176071499
                ],
                [
                    0.03060040032389975,
                    0.9995316980966723
                ],
                [
                    -0.0016949128187465727,
                    0.9999985636342369
                ],
                [
                    -0.051607784713441164,
                    0.9986674304076262
                ],
                [
                    -0.22701974036740205,
                    0.9738901567854136
                ],
                [
                    -0.24618763153084422,
                    0.9692221881907334
                ],
                [
                    -0.8124226754216443,
                    0.5830689465755637
                ],
                [
                    -0.8268471720548394,
                    0.5624266654995252
                ],
                [
                    -0.8432891879772545,
                    0.5374600873001295
                ],
                [
                    -0.853524606511508,
                    0.5210525367747242
                ]
            ]
        },
        {
            "Type": "F",
            "Centroid": {
                "x": 88059.75165086208,
                "y": 440453.5229568965
            },
            "Distances": [
                3.489521406244773,
                8.745152743464812,
                3.4837932393233793,
                8.904516958551682,
                9.898043395469124,
                3.4530565355619784,
                5.297330540111844,
                5.280622039790943,
                10.761403059844335,
                10.24557341875995,
                10.68829554762048,
                10.684235908774175,
                5.707908194326982,
                7.243422520968569,
                1.3118081716646208,
                1.3905926260517025,
                1.4489355153072532,
                4.545480945277488,
                1.397046215216608,
                1.3142376142924381,
                6.3954411152395245,
                2.459464763010953,
                0.8159061114314418,
                2.0627753124311243,
                7.729156015603774,
                7.733653770671483,
                7.109227383441881,
                7.326982755532592,
                1.9520203035531893,
                6.001637534296148,
                4.9421419539608875,
                1.7780348770900964,
                2.1598859221224296,
                2.4239212154211365,
                6.194046027987265,
                5.864385227216661,
                6.166803038390631,
                5.41405050327853,
                5.996890762499579,
                6.373807990506889,
                5.662343366796994,
                8.198228678985313,
                5.351970731796785,
                8.438561187818681,
                8.015926755414753,
                5.488617650565756,
                5.672139457425195,
                0.8570277165187751,
                4.42412335639952,
                3.528177509926533,
                3.4752856429474095,
                4.454509248491642,
                6.616008012720656,
                4.069163269502874,
                3.81961671979816,
                2.1627891929566876,
                2.396072581796189,
                1.8973486827994432
            ],