{
    "Pand ID": "0599100015001777",
    "Archetype ID": "D.1965",
    "Construction Year": 1935,
    "Number of Floors": 2,
    "Wall Area": 199.87,
    "Roof Area (Flat)": 0.0,
    "Roof Area (Sloped)": 141.96,
    "Floor Area": 100.96,
    "Shared Wall Area": 0.0,
    "Absolute Height (70%)": 6.837657451629639,
    "Surfaces": [
        {
            "Type": "G",
            "Centroid": {
                "x": 75450.73853977273,
                "y": 435726.1167045454
            },
            "Distances": [
                3.9697738439225563,
                3.3160593959062292,
                2.9803678096185533,
                10.098248673898844,
                10.650430755627998,
                1.1961494696574138,
                4.727621236310188,
                3.242699620203389,
                2.900223629217025,
                6.829119170533902,
                7.290609583536446
            ],
            "UnitPairs": [
                [
                    -0.9994844615145907,
                    -0.03210624847110982
                ],
                [
                    -0.5816323058383566,
                    -0.8134518183673551
                ],
                [
                    -0.5662815399099393,
                    -0.8242118766174313
                ],
                [
                    0.42990352757772404,
                    -0.9028748290744566
                ],
                [
                    0.9428982693456308,
                    -0.3330808515436067
                ],
                [
                    0.9290416920792837,
                    0.3699750456158652
                ],
                [
                    0.7810001145825803,
                    0.6245308807593074
                ],
                [
                    -0.15688387218169947,
                    0.98761705668203
                ],
                [
                    -0.37160143854809563,
                    0.928392358256457
                ],
                [
                    -0.4711774963030965,
                    0.8820384158173301
                ],
                [
                    -0.9325320735986224,
                    0.36108715251287093
                ]
            ]
        },
        {
            "Type": "F",
            "Centroid": {
                "x": 75450.7838125,
                "y": 435725.56977173913
            },
            "Distances": [
                1.228507122697089,
                1.0070885341989397,
                1.664144463049082,
                2.575277294141773,
                2.8612184411305392,
                2.578674518454818,
                2.8898200053862375,
                2.9506406398234732,
                9.188772814567516,
                9.197434257688606,
                8.869760347380032,
                10.437583039528437,
                1.4544494589806911,
                5.054399776262458,
                1.4608517804060879,
                1.1344289745239067,
                3.4301698668580456,
                3.42860735613927,
                6.884454262294922,
                7.336099343415652,
                6.835371855478943,
                7.546483817730244,
                4.03486443530171
            ],
            "UnitPairs": [
                [
                    -0.8457419422390211,
                    -0.5335921355658912
                ],
                [
                    -0.7675591308522928,
                    -0.6409781436564531
                ],
                [
                    -0.741522161925641,
                    -0.6709283742495343
                ],
                [
                    -0.7269120122564829,
                    -0.6867306068883422
                ],
                [
                    -0.6755863069443812,
                    -0.7372809110978341
                ],
                [
                    -0.6720506941028522,
                    -0.7405051414783523
                ],
                [
                    -0.6010754983895807,
                    -0.7991922454802206
                ],
                [
                    -0.596819543603913,
                    -0.8023754933772698
                ],
                [
                    0.43574915614988674,
                    -0.9000681490390945
                ],
                [
                    0.7791303312667892,
                    -0.6268619679802749
                ],
                [
                    0.7819827964179757,
                    -0.6233000129202011
                ],
                [
                    0.957788787130424,
                    -0.28747284958275837
                ],
                [
                    0.7329233707118605,
                    0.6803112028067484
                ],
                [
                    0.7215495729334707,
                    0.6923627761510045
                ],
                [
                    0.6489364716661624,
                    0.7608425959036942
                ],
                [
                    0.6337990444038772,
                    0.7734977513301069
                ],
                [
                    -0.3270975034920799,
                    0.9449905942437992
                ],
                [
                    -0.32753823443255203,
                    0.9448379252468683
                ],
                [
                    -0.4263228264979851,
                    0.9045710848831997
                ],
                [
                    -0.4447867793557574,
                    0.8956364892691302
                ],
                [
                    -0.45366953920867975,
                    0.8911699889438514
                ],
                [
                    -0.906912433035044,
                    0.421319165012057
                ],
                [
                    -0.9945811226967926,
                    0.10396340882823903
                ]
            ]
        },
        {
            "Type": "R",
            "Centroid": {
                "x": 75451.5028125,
                "y": 435726.44724999997
            },
            "Distances": [
                0.0
            ],
            "UnitPairs": [
                [
                    0.0,
                    0.0
                ]
            ]
        }
    ],
    "Annual Heating [kWh/m2]": 397.0184607222003,
    "Annual Cooling [kWh/m2]": 1.7721666683105088
}