{
    "Pand ID": "0599100000095307",
    "Archetype ID": "D.1975-1991",
    "Construction Year": 1990,
    "Number of Floors": 3,
    "Wall Area": 234.72,
    "Roof Area (Flat)": 28.05,
    "Roof Area (Sloped)": 116.88,
    "Floor Area": 109.09,
    "Shared Wall Area": 0.0,
    "Absolute Height (70%)": 8.246853828430176,
    "Surfaces": [
        {
            "Type": "G",
            "Centroid": {
                "x": 68559.5899625,
                "y": 444836.1984
            },
            "Distances": [
                7.296095594224138,
                10.254321972675847,
                7.909620036373646,
                1.2942709607902596,
                1.9093388698616633,
                1.809585952641668,
                4.905610575654583,
                7.202652214298719,
                6.111987477125594,
                3.1421586720341304
            ],
            "UnitPairs": [
                [
                    -0.9855134033192993,
                    -0.1695975585850576
                ],
                [
                    -0.08478376262488589,
                    -0.9963993745457527
                ],
                [
                    0.6636981265666912,
                    -0.7480005326146929
                ],
                [
                    0.9817109697131046,
                    -0.190377445998616
                ],
                [
                    0.9948993497038916,
                    0.10087261253072417
                ],
                [
                    0.9784558713025826,
                    0.20645606775656636
                ],
                [
                    0.8359000244212205,
                    0.5488817260326698
                ],
                [
                    -0.052813878650691044,
                    0.998604373223886
                ],
                [
                    -0.6185222096988272,
                    0.7857673167734072
                ],
                [
                    -0.6589100730139522,
                    0.7522217197613666
                ]
            ]
        },
        {
            "Type": "F",
            "Centroid": {
                "x": 68559.3760625,
                "y": 444836.17281250004
            },
            "Distances": [
                7.080963337377324,
                10.21287042340877,
                8.398608026635765,
                8.034395071223267,
                1.5008325723163585,
                1.770634359531293,
                2.1247324620074988,
                2.024250703378231,
                5.099358149307831,
                1.345035514451132,
                7.220107550076226,
                3.321562796339613,
                6.0026091647933395,
                3.0378829651934747,
                3.0256915176825583,
                4.030960265275231
            ],
            "UnitPairs": [
                [
                    -0.9852472986519221,
                    -0.17113667198788865
                ],
                [
                    -0.06418371846817626,
                    -0.9979380994248079
                ],
                [
                    0.28439236507120264,
                    -0.9587079757096048
                ],
                [
                    0.6800138593590697,
                    -0.7331992574188706
                ],
                [
                    0.9891176586741013,
                    -0.14712667093040632
                ],
                [
                    0.9999241178553605,
                    -0.012319031259765039
                ],
                [
                    0.9947134699468535,
                    0.1026893991913965
                ],
                [
                    0.9803627567867426,
                    0.1972025991347432
                ],
                [
                    0.8460868747920298,
                    0.5330450265265176
                ],
                [
                    0.2925573308386667,
                    0.9562479846632645
                ],
                [
                    -0.023060598315447236,
                    0.9997340690430299
                ],
                [
                    -0.27321476535118827,
                    0.9619530612218535
                ],
                [
                    -0.5941582905179208,
                    0.8043481371948479
                ],
                [
                    -0.6134206028862178,
                    0.7897563953237157
                ],
                [
                    -0.6135787436225147,
                    0.7896335386586719
                ],
                [
                    -0.972597034453715,
                    0.23249733024669106
                ]
            ]
        },
        {
            "Type": "R",
            "Centroid": {
                "x": 68561.7645625,
                "y": 444828.12100000004
            },
            "Distances": [
                0.0
            ],
            "UnitPairs": [
                [
                    0.0,
                    0.0
                ]
            ]
        }
    ],
    "Annual Heating [kWh/m2]": 212.0277415036531,
    "Annual Cooling [kWh/m2]": 0.8306279741553118
}