{
    "Pand ID": "0599100000153513",
    "Archetype ID": "D.1965-1974",
    "Construction Year": 1968,
    "Number of Floors": 2,
    "Wall Area": 351.04,
    "Roof Area (Flat)": 178.2,
    "Roof Area (Sloped)": 4.09,
    "Floor Area": 177.27,
    "Shared Wall Area": 0.0,
    "Absolute Height (70%)": 4.29357385635376,
    "Surfaces": [
        {
            "Type": "G",
            "Centroid": {
                "x": 87721.52418055556,
                "y": 438797.46019444446
            },
            "Distances": [
                9.30035213075927,
                6.663794646419605,
                5.300161861314857,
                6.748447202540413,
                4.823568870158551,
                4.827635110091759,
                5.277012020763901,
                5.266742064924714,
                2.9764725917612878,
                7.390565696321567,
                3.2974713343168185,
                10.569459030657546,
                4.647606884862526,
                11.338305388782095,
                7.890923884825071,
                8.40062565001035,
                8.582690091137536,
                8.062559579825034
            ],
            "UnitPairs": [
                [
                    -0.9412068954465275,
                    -0.3378306971900413
                ],
                [
                    0.015973548120415806,
                    -0.9998724147412232
                ],
                [
                    0.10121284188650938,
                    -0.9948647951542242
                ],
                [
                    0.42045886398589305,
                    -0.907311602315154
                ],
                [
                    0.9471087834387076,
                    -0.3209126864635476
                ],
                [
                    0.952318130844876,
                    -0.30510682992047466
                ],
                [
                    0.9546016618163377,
                    -0.2978853256833685
                ],
                [
                    0.9961460766018292,
                    -0.08770971480276553
                ],
                [
                    0.9999905433979572,
                    -0.004348921091278596
                ],
                [
                    0.9547908420539954,
                    0.29727840138466566
                ],
                [
                    0.9502567654921595,
                    0.3114676221317056
                ],
                [
                    0.7452079071981813,
                    0.6668321940708223
                ],
                [
                    0.7415524870812313,
                    0.6708948568171023
                ],
                [
                    -0.5339030258916481,
                    0.8455457166491605
                ],
                [
                    -0.980057046351651,
                    0.19871634531783675
                ],
                [
                    -0.9801121843272722,
                    0.1984442141591011
                ],
                [
                    -0.9999843247761746,
                    0.0055991251046871885
                ],
                [
                    -0.9999995008682124,
                    0.0009991312855464275
                ]
            ]
        },
        {
            "Type": "F",
            "Centroid": {
                "x": 87720.84502500002,
                "y": 438798.84629
            },
            "Distances": [
                8.015864432596574,
                7.510898068926174,
                9.257379845390394,
                8.087287077987567,
                6.769083917454159,
                8.291692063868533,
                3.2525952471352007,
                6.0121457468695265,
                6.001384613693572,
                6.436576434830642,
                3.914169679695913,
                6.207091686248724,
                3.8294684332858315,
                7.7779922525888,
                4.474400608069302,
                10.259438698166841,
                5.469483313943558,
                3.436410546155604,
                5.9949065715299525,
                5.920343395588772,
                9.805096648251668,
                6.038918403305711,
                4.226069985391542,
                7.559622866368768,
                7.056746332533232
            ],
            "UnitPairs": [
                [
                    -0.9859697686341743,
                    -0.1669239807201848
                ],
                [
                    -0.9830249235510761,
                    -0.18347206783976971
                ],
                [
                    -0.8722122387613598,
                    -0.48912760150588175
                ],
                [
                    0.09714011539501614,
                    -0.995270715926598
                ],
                [
                    0.17958116856062487,
                    -0.9837431595179712
                ],
                [
                    0.4241112637686902,
                    -0.9056100904608585
                ],
                [
                    0.8103067857322618,
                    -0.5860058984312789
                ],
                [
                    0.8728331316186488,
                    -0.4880187745863701
                ],
                [
                    0.8792304342472999,
                    -0.4763967290959338
                ],
                [
                    0.8881429526806521,
                    -0.4595672917035033
                ],
                [
                    0.9339400943567877,
                    -0.3574295736964619
                ],
                [
                    0.9546499873870735,
                    -0.2977304176295401
                ],
                [
                    0.995595097964769,
                    -0.09375713790705192
                ],
                [
                    0.9945497178157685,
                    0.10426341061261703
                ],
                [
                    0.9220452886012444,
                    0.387082014266031
                ],
                [
                    0.8339247644728485,
                    0.5518781452448578
                ],
                [
                    -0.2554903123031313,
                    0.9668116157345485
                ],
                [
                    -0.36154003816781216,
                    0.9323565845756745
                ],
                [
                    -0.47914007761999405,
                    0.8777384496638541
                ],
                [
                    -0.48483674142163236,
                    0.8746046730767297
                ],
                [
                    -0.5481231029959769,
                    0.836397670944905
                ],
                [
                    -0.5819585172885907,
                    0.8132184725860974
                ],
                [
                    -0.7012188653409785,
                    0.7129460729184997
                ],
                [
                    -0.999309110195982,
                    0.037165875199095214
                ],
                [
                    -0.9996675050491411,
                    0.02578525448440498
                ]
            ]
        },
        {
            "Type": "R",
            "Centroid": {
                "x": 87723.48062500001,
                "y": 438796.94025
            },
            "Distances": [
                0.0
            ],
            "UnitPairs": [
                [
                    0.0,
                    0.0
                ]
            ]
        }
    ],
    "Annual Heating [kWh/m2]": 341.5210457604375,
    "Annual Cooling [kWh/m2]": 1.4178488516200196
}