{
    "Pand ID": "0599100110000273",
    "Archetype ID": "D.2015-2018",
    "Construction Year": 2022,
    "Number of Floors": 2,
    "Wall Area": 340.88,
    "Roof Area (Flat)": 121.44,
    "Roof Area (Sloped)": 0.0,
    "Floor Area": 121.44,
    "Shared Wall Area": 0.0,
    "Absolute Height (70%)": 1.670419692993164,
    "Surfaces": [
        {
            "Type": "G",
            "Centroid": {
                "x": 99606.347775,
                "y": 444577.95074999996
            },
            "Distances": [
                4.939384603374177,
                7.6101157849383885,
                6.3629744192303725,
                4.688662310266203,
                4.533029214527546,
                8.718364792775375,
                7.608089527598559,
                3.767215664153348,
                6.813503493845685,
                9.540366170125214
            ],
            "UnitPairs": [
                [
                    -0.9586011983711279,
                    -0.2847520719528434
                ],
                [
                    -0.932298561613594,
                    -0.3616896349264432
                ],
                [
                    -0.31335973848571186,
                    -0.9496344951064943
                ],
                [
                    0.7433036907690864,
                    -0.6689541264459429
                ],
                [
                    0.7474251410377483,
                    -0.66434603825469
                ],
                [
                    0.9998549277518148,
                    -0.01703301060920296
                ],
                [
                    0.7367289750821171,
                    0.6761881522730587
                ],
                [
                    0.5503003238494095,
                    0.8349667978855416
                ],
                [
                    -0.001012694865985278,
                    0.9999994872244227
                ],
                [
                    -0.9892597235479671,
                    0.14616839386748354
                ]
            ]
        },
        {
            "Type": "F",
            "Centroid": {
                "x": 99606.347775,
                "y": 444577.95074999996
            },
            "Distances": [
                4.939384603374177,
                7.6101157849383885,
                6.3629744192303725,
                4.688662310266203,
                4.533029214527546,
                8.718364792775375,
                7.608089527598559,
                3.767215664153348,
                6.813503493845685,
                9.540366170125214
            ],
            "UnitPairs": [
                [
                    -0.9586011983711279,
                    -0.2847520719528434
                ],
                [
                    -0.932298561613594,
                    -0.3616896349264432
                ],
                [
                    -0.31335973848571186,
                    -0.9496344951064943
                ],
                [
                    0.7433036907690864,
                    -0.6689541264459429
                ],
                [
                    0.7474251410377483,
                    -0.66434603825469
                ],
                [
                    0.9998549277518148,
                    -0.01703301060920296
                ],
                [
                    0.7367289750821171,
                    0.6761881522730587
                ],
                [
                    0.5503003238494095,
                    0.8349667978855416
                ],
                [
                    -0.001012694865985278,
                    0.9999994872244227
                ],
                [
                    -0.9892597235479671,
                    0.14616839386748354
                ]
            ]
        },
        {
            "Type": "R",
            "Centroid": {
                "x": 99606.347775,
                "y": 444577.95074999996
            },
            "Distances": [
                4.939384603374177,
                7.6101157849383885,
                6.3629744192303725,
                4.688662310266203,
                4.533029214527546,
                8.718364792775375,
                7.608089527598559,
                3.767215664153348,
                6.813503493845685,
                9.540366170125214
            ],
            "UnitPairs": [
                [
                    -0.9586011983711279,
                    -0.2847520719528434
                ],
                [
                    -0.932298561613594,
                    -0.3616896349264432
                ],
                [
                    -0.31335973848571186,
                    -0.9496344951064943
                ],
                [
                    0.7433036907690864,
                    -0.6689541264459429
                ],
                [
                    0.7474251410377483,
                    -0.66434603825469
                ],
                [
                    0.9998549277518148,
                    -0.01703301060920296
                ],
                [
                    0.7367289750821171,
                    0.6761881522730587
                ],
                [
                    0.5503003238494095,
                    0.8349667978855416
                ],
                [
                    -0.001012694865985278,
                    0.9999994872244227
                ],
                [
                    -0.9892597235479671,
                    0.14616839386748354
                ]
            ]
        }
    ],
    "Annual Heating [kWh/m2]": 141.63578530368187,
    "Annual Cooling [kWh/m2]": 0.2702583721311605
}