{
    "Pand ID": "0599100000422844",
    "Archetype ID": "D.1992-2005",
    "Construction Year": 2005,
    "Number of Floors": 2,
    "Wall Area": 364.03,
    "Roof Area (Flat)": 146.0,
    "Roof Area (Sloped)": 4.51,
    "Floor Area": 131.11,
    "Shared Wall Area": 0.0,
    "Absolute Height (70%)": 3.0654938220977783,
    "Surfaces": [
        {
            "Type": "G",
            "Centroid": {
                "x": 100503.29164772728,
                "y": 444816.6370227272
            },
            "Distances": [
                7.5603131556775764,
                5.951469223750216,
                8.951338361750718,
                5.533774785414575,
                5.39388776243344,
                2.4867945255284827,
                3.2300796659737063,
                4.997161622868003,
                2.3592571083276725,
                3.8172343764864114,
                3.2359837781138086,
                7.777484280890637,
                7.524921860886512,
                7.531540112541817,
                7.868763152990259,
                7.535154611055794,
                5.324201819279409,
                8.939129819049048,
                7.634692392120761,
                10.14733145009855,
                10.358195644658474,
                10.417786770446947
            ],
            "UnitPairs": [
                [
                    -0.8136928458648901,
                    -0.5812950649956493
                ],
                [
                    -0.7799372814959061,
                    -0.6258576810527899
                ],
                [
                    -0.5245888980520688,
                    -0.8513556765773728
                ],
                [
                    -0.0008624722654830197,
                    -0.9999996280707265
                ],
                [
                    0.00653096138987051,
                    -0.9999786730442425
                ],
                [
                    0.09820967121053432,
                    -0.9951657452307725
                ],
                [
                    0.1740598780402301,
                    -0.9847350703903158
                ],
                [
                    0.2603932734067142,
                    -0.9655026375751318
                ],
                [
                    0.409123392833392,
                    -0.9124790679442976
                ],
                [
                    0.8614161323102678,
                    -0.5078998395310037
                ],
                [
                    0.9218919120974614,
                    -0.38744716079652275
                ],
                [
                    0.9999669548448782,
                    0.008129527554617889
                ],
                [
                    0.9951235921331113,
                    0.09863587775294072
                ],
                [
                    0.9943819140316728,
                    0.10585182590162058
                ],
                [
                    0.9929422351153494,
                    0.11859897859650403
                ],
                [
                    0.8911863948846572,
                    0.4536373106045045
                ],
                [
                    0.4767338577443804,
                    0.8790476829388499
                ],
                [
                    -0.48984328630522395,
                    0.8718105039867886
                ],
                [
                    -0.5014966590186477,
                    0.8651595812294598
                ],
                [
                    -0.7964431601573567,
                    0.6047133971052426
                ],
                [
                    -0.8340036260790432,
                    0.5517589615828704
                ],
                [
                    -0.8426715693763532,
                    0.5384279210486712
                ]
            ]
        },
        {
            "Type": "F",
            "Centroid": {
                "x": 100503.43084375,
                "y": 444816.659875
            },
            "Distances": [
                7.687112491307861,
                6.0747308853326425,
                6.505902941107419,
                9.044441716021646,
                2.528256702586354,
                5.558489758189281,
                5.4176227158909915,
                2.4998324352229093,
                3.231434446070974,
                4.984955844049202,
                5.09903492872479,
                2.3271595920248784,
                2.134843967752457,
                3.7100364491857376,
                3.117416420950512,
                7.638137961345823,
                7.375805122435104,
                7.384156059035171,
                7.390711468899057,
                7.734336240361715,
                7.727841759936935,
                7.40086200326925,
                3.384705537993156,
                5.23894004819951,
                2.934295829753178,
                8.988368554190366,
                7.685859525232043,
                2.75168413501874,
                10.244885605929227,
                10.462115871869875,
                10.685737951989621,
                10.523200666437095
            ],