{
    "Pand ID": "0599100000677319",
    "Archetype ID": "D.1965",
    "Construction Year": 1963,
    "Number of Floors": 2,
    "Wall Area": 171.06,
    "Roof Area (Flat)": 17.23,
    "Roof Area (Sloped)": 132.8,
    "Floor Area": 131.24,
    "Shared Wall Area": 0.0,
    "Absolute Height (70%)": 12.385704040527344,
    "Surfaces": [
        {
            "Type": "G",
            "Centroid": {
                "x": 68102.9718125,
                "y": 444188.756
            },
            "Distances": [
                8.296939288828712,
                8.305415435880127,
                8.308988991593345,
                8.309088491663703
            ],
            "UnitPairs": [
                [
                    -0.9981090269215497,
                    -0.06146845026285717
                ],
                [
                    -0.24938547818398277,
                    -0.9684042974248649
                ],
                [
                    0.9981659631982093,
                    0.06053684756072992
                ],
                [
                    0.2477708598316168,
                    0.9688186626083859
                ]
            ]
        },
        {
            "Type": "F",
            "Centroid": {
                "x": 68102.8116534091,
                "y": 444189.0088181818
            },
            "Distances": [
                8.156838182298179,
                5.007470904524592,
                8.513099774387097,
                7.298095495383206,
                8.45761017424489,
                6.823901612941224,
                6.61573254005282,
                6.687294876741958,
                8.10676272375703,
                6.66372377779381,
                6.502378763713542
            ],
            "UnitPairs": [
                [
                    -0.9956175085969022,
                    -0.09351885678994043
                ],
                [
                    -0.7171466350097344,
                    -0.6969223083631453
                ],
                [
                    -0.22448825454051305,
                    -0.9744767947844392
                ],
                [
                    -0.09099509721584563,
                    -0.9958513404533222
                ],
                [
                    0.9995623960836043,
                    0.029580675036309286
                ],
                [
                    0.8858435296672129,
                    0.46398409557519726
                ],
                [
                    0.8056415610281881,
                    0.5924033044675429
                ],
                [
                    0.8052447499563037,
                    0.592942571138057
                ],
                [
                    0.2737108715919553,
                    0.9618120184175138
                ],
                [
                    -0.9976540341068391,
                    0.06845749214183956
                ],
                [
                    -0.999186781512727,
                    0.04032090835085225
                ]
            ]
        },
        {
            "Type": "R",
            "Centroid": {
                "x": 68108.1965625,
                "y": 444192.974
            },
            "Distances": [
                0.0
            ],
            "UnitPairs": [
                [
                    0.0,
                    0.0
                ]
            ]
        }
    ],
    "Annual Heating [kWh/m2]": 337.93217484426435,
    "Annual Cooling [kWh/m2]": 1.1823774486117393
}