{
    "Pand ID": "0599100000184252",
    "Archetype ID": "D.1965",
    "Construction Year": 1929,
    "Number of Floors": 3,
    "Wall Area": 291.76,
    "Roof Area (Flat)": 50.73,
    "Roof Area (Sloped)": 87.25,
    "Floor Area": 98.3,
    "Shared Wall Area": 0.0,
    "Absolute Height (70%)": 6.495887756347656,
    "Surfaces": [
        {
            "Type": "G",
            "Centroid": {
                "x": 95077.7466875,
                "y": 440808.6236875
            },
            "Distances": [
                5.618838053038932,
                3.7277595572155997,
                3.509212741681872,
                8.876370214867698,
                6.176840793765419,
                6.018496090509752,
                7.702758446898982,
                6.582643717855262,
                3.9883758212408846,
                3.8689651802977263,
                6.815208732408675,
                6.777079575021767,
                6.893078571373248,
                6.26500445462378,
                6.695245118119939,
                7.180094206645643
            ],
            "UnitPairs": [
                [
                    -0.8354485314737973,
                    -0.5495686956680443
                ],
                [
                    -0.8316657639579184,
                    -0.5552765590769091
                ],
                [
                    -0.8310268469536083,
                    -0.5562323072623021
                ],
                [
                    -0.08136771929548627,
                    -0.9966841496967086
                ],
                [
                    0.7969688979140714,
                    -0.6040203438276149
                ],
                [
                    0.8039799191072521,
                    -0.5946564467592163
                ],
                [
                    0.8060424123114284,
                    -0.5918577781487486
                ],
                [
                    0.8452151200147179,
                    -0.5344262352266269
                ],
                [
                    0.9742687685816743,
                    -0.22538936657781325
                ],
                [
                    0.9844363602423052,
                    -0.17574143686928909
                ],
                [
                    -0.11742120181804076,
                    0.9930822027222153
                ],
                [
                    -0.12944366231706647,
                    0.9915867779906836
                ],
                [
                    -0.13596972532636564,
                    0.9907129926445261
                ],
                [
                    -0.5572621736014481,
                    0.8303366003452993
                ],
                [
                    -0.8009042096895381,
                    0.5987924906856935
                ],
                [
                    -0.881221028290383,
                    0.4727044523789045
                ]
            ]
        },
        {
            "Type": "F",
            "Centroid": {
                "x": 95077.90582880435,
                "y": 440807.84922826086
            },
            "Distances": [
                3.2930968296796213,
                3.507405821858705,
                5.376577797861004,
                3.520572043298921,
                3.6395012903408053,
                2.9284496401452733,
                8.120452937072445,
                6.0635865759794125,
                2.099464587849272,
                6.3662437794811595,
                7.135827988200023,
                5.606490124152701,
                5.455624241094278,
                6.061061633137498,
                3.7286870622157036,
                3.6508325064998868,
                7.603293093150393,
                7.717940798230468,
                7.56584185891588,
                7.682162243126816,
                7.003154201750873,
                7.305329709537828,
                7.710372600777001
            ],
            "UnitPairs": [
                [
                    -0.9338903358812779,
                    -0.35755956223761387
                ],
                [
                    -0.9292883315753949,
                    -0.36935510934305316
                ],
                [
                    -0.902691542244786,
                    -0.4302882517100947
                ],
                [
                    -0.6869313493969638,
                    -0.7267223136904951
                ],
                [
                    -0.3963156458236553,
                    -0.9181143223343045
                ],
                [
                    -0.22482589262662925,
                    -0.974398952177515
                ],
                [
                    -0.10853967274806786,
                    -0.9940921181861077
                ],
                [
                    0.27403067059874603,
                    -0.9617209530686132
                ],
                [
                    0.6533135655534649,
                    -0.7570874355474527
                ],
                [
                    0.7944415688170121,
                    -0.6073405912135006
                ],
                [
                    0.8477795016422349,
                    -0.5303488631035648
                ],
                [
                    0.8496596962021868,
                    -0.5273313954712042
                ],
                [
                    0.8577586154846613,
                    -0.5140526797535804
                ],
                [
                    0.8916934066637627,
                    -0.45263988833549956
                ],
                [
                    0.9994426009666396,
                    -0.03338393884847035
                ],
                [
                    0.999664785812288,
                    0.025890461696777792
                ],
                [
                    -0.12618102348497953,
                    0.9920072324899063
                ],
                [
                    -0.13285814586596195,
                    0.991135062984384
                ],
                [
                    -0.13698294567622266,
                    0.9905734059593287
                ],
                [
                    -0.14271910298866336,
                    0.9897632331230086
                ],
                [
                    -0.5212495968521613,
                    0.8534042756990728
                ],
                [
                    -0.7558031634282881,
                    0.6547988837435449
                ],
                [
                    -0.8412552337221938,
                    0.5406381708083672
                ]
            ]
        },
        {
            "Type": "R",
            "Centroid": {
                "x": 95079.27743749999,
                "y": 440806.25975
            },
            "Distances": [
                0.0
            ],
            "UnitPairs": [
                [
                    0.0,
                    0.0
                ]
            ]
        }
    ],
    "Annual Heating [kWh/m2]": 292.23851417272994,
    "Annual Cooling [kWh/m2]": 1.5320742933381692
}