{
    "Pand ID": "0599100000148581",
    "Archetype ID": "D.1965",
    "Construction Year": 1915,
    "Number of Floors": 2,
    "Wall Area": 203.34,
    "Roof Area (Flat)": 0.0,
    "Roof Area (Sloped)": 109.5,
    "Floor Area": 86.87,
    "Shared Wall Area": 0.0,
    "Absolute Height (70%)": 4.739505767822266,
    "Surfaces": [
        {
            "Type": "G",
            "Centroid": {
                "x": 93072.034025,
                "y": 439895.78255
            },
            "Distances": [
                5.377812436304947,
                5.320246855184313,
                5.442369575841814,
                4.978367965493842,
                8.058144860952277,
                8.087783540617362,
                5.02466558091659,
                5.46671974772926,
                5.248030525819756,
                5.317210170747248
            ],
            "UnitPairs": [
                [
                    -0.7946353746285942,
                    -0.6070869965572263
                ],
                [
                    -0.7806780611998995,
                    -0.6249334082613651
                ],
                [
                    -0.7741848364562974,
                    -0.6329595871784675
                ],
                [
                    -0.3614437527469948,
                    -0.9323939154671534
                ],
                [
                    0.43268023349877915,
                    -0.9015474560662028
                ],
                [
                    0.9788343073524614,
                    0.20465433967992738
                ],
                [
                    0.529905912566287,
                    0.8480564390577378
                ],
                [
                    0.04492639303427877,
                    0.9989902998572757
                ],
                [
                    0.02640990735652771,
                    0.9996511975651404
                ],
                [
                    -0.0019559129064380815,
                    0.9999980872005217
                ]
            ]
        },
        {
            "Type": "F",
            "Centroid": {
                "x": 93071.40689772727,
                "y": 439895.5905681818
            },
            "Distances": [
                4.768387188581201,
                4.892538411436831,
                4.716900370743174,
                4.841712320902737,
                4.601641576462724,
                8.182145752040057,
                8.741130154625072,
                5.720150134582061,
                5.491826630884001,
                5.77285381749037,
                5.543594216261376
            ],
            "UnitPairs": [
                [
                    -0.7646763115221513,
                    -0.64441457044117
                ],
                [
                    -0.7575357443505435,
                    -0.6527936856551755
                ],
                [
                    -0.7475826178458856,
                    -0.6641688260485374
                ],
                [
                    -0.7407033895412072,
                    -0.6718321879176127
                ],
                [
                    -0.2547509856630119,
                    -0.9670066883448759
                ],
                [
                    0.5027687598586082,
                    -0.8644209472879734
                ],
                [
                    0.9774167781048256,
                    0.21132070859047847
                ],
                [
                    0.15257069345964713,
                    0.9882925596690701
                ],
                [
                    0.13943034334272378,
                    0.9902318816092168
                ],
                [
                    0.12554055509420323,
                    0.992088488506262
                ],
                [
                    0.11125043584962396,
                    0.9937924031321977
                ]
            ]
        },
        {
            "Type": "R",
            "Centroid": {
                "x": 93074.696625,
                "y": 439900.04375
            },
            "Distances": [
                0.0
            ],
            "UnitPairs": [
                [
                    0.0,
                    0.0
                ]
            ]
        }
    ],
    "Annual Heating [kWh/m2]": 391.6558978907792,
    "Annual Cooling [kWh/m2]": 1.872802201364032
}