{
    "Pand ID": "0599100000273436",
    "Archetype ID": "D.1965",
    "Construction Year": 1928,
    "Number of Floors": 2,
    "Wall Area": 205.68,
    "Roof Area (Flat)": 0.0,
    "Roof Area (Sloped)": 120.36,
    "Floor Area": 73.87,
    "Shared Wall Area": 1.81,
    "Absolute Height (70%)": 6.457353115081787,
    "Surfaces": [
        {
            "Type": "G",
            "Centroid": {
                "x": 88572.43790808824,
                "y": 439767.9302205882
            },
            "Distances": [
                4.250352591102927,
                3.6648652292981625,
                3.4615194600689416,
                2.9592588254217254,
                4.294781570365256,
                4.330738787220923,
                3.3017728261995027,
                5.571865098731644,
                4.8181688218588,
                8.18290868942015,
                7.582295432861248,
                8.332846136615235,
                4.557849083316824,
                4.166825505799788,
                4.167071206836286,
                4.031224456577023,
                4.185060148055963
            ],
            "UnitPairs": [
                [
                    -0.9995572125278642,
                    -0.02975531689507143
                ],
                [
                    -0.9027536843064858,
                    -0.43015786110574056
                ],
                [
                    -0.8821185677142427,
                    -0.4710274222312039
                ],
                [
                    -0.8000214675011034,
                    -0.5999713755983538
                ],
                [
                    -0.1789312391414927,
                    -0.983861581554687
                ],
                [
                    0.7339462313339633,
                    -0.679207574685878
                ],
                [
                    0.78307307857417,
                    -0.6219297015036118
                ],
                [
                    0.9622503985241192,
                    -0.27216570419539204
                ],
                [
                    0.991565382703106,
                    -0.1296074528136509
                ],
                [
                    0.9827226133131888,
                    0.18508448147507378
                ],
                [
                    0.8057625116123951,
                    0.5922387819790973
                ],
                [
                    0.534334768550773,
                    0.8452729471110452
                ],
                [
                    -0.9582306277353084,
                    0.28599661548696104
                ],
                [
                    -0.9787956281222637,
                    0.20483925006878773
                ],
                [
                    -0.9909767276012286,
                    0.13403404549874767
                ],
                [
                    -0.9948517209659979,
                    0.10134127140998483
                ],
                [
                    -0.9974696755957729,
                    0.0710932223693896
                ]
            ]
        },
        {
            "Type": "F",
            "Centroid": {
                "x": 88572.26508455882,
                "y": 439767.49275
            },
            "Distances": [
                3.336106035118335,
                3.1179121984973643,
                2.5703540053341785,
                3.8345455296132136,
                4.180882394344399,
                4.18348927768164,
                3.196868303206111,
                5.638555087762261,
                4.953883652481744,
                8.443097668646452,
                8.795410782342694,
                4.541601584018515,
                4.1134851340522385,
                4.080082345740315,
                3.929790191351233,
                4.068587492399726,
                4.087495559382747
            ],
            "UnitPairs": [
                [
                    -0.9399122887023008,
                    -0.34141600657614546
                ],
                [
                    -0.9239025589640609,
                    -0.3826278368593431
                ],
                [
                    -0.8538306607809576,
                    -0.5205508646716028
                ],
                [
                    -0.15533706777333942,
                    -0.9878615264173319
                ],
                [
                    0.7999155742129576,
                    -0.6001125512198143
                ],
                [
                    0.8010903623120671,
                    -0.5985434248329198
                ],
                [
                    0.8628297069392169,
                    -0.5054947050397116
                ],
                [
                    0.9815197076291328,
                    -0.19136108155950013
                ],
                [
                    0.9992872841712052,
                    -0.03774816146167866
                ],
                [
                    0.972907487697115,
                    0.23119476720481363
                ],
                [
                    0.5258825375702965,
                    0.8505572036486587
                ],
                [
                    -0.923605248328265,
                    0.38334494291758175
                ],
                [
                    -0.9494739695251214,
                    0.3138457920607008
                ],
                [
                    -0.9697468637976692,
                    0.24411272018185529
                ],
                [
                    -0.976552658525595,
                    0.21527866853590627
                ],
                [
                    -0.983547008953694,
                    0.1806523766194134
                ],
                [
                    -0.9971012811142657,
                    0.07608570956684431
                ]
            ]
        },
        {
            "Type": "R",
            "Centroid": {
                "x": 88578.5474375,
                "y": 439772.42075
            },
            "Distances": [
                0.0
            ],
            "UnitPairs": [
                [
                    0.0,
                    0.0
                ]
            ]
        }
    ],
    "Annual Heating [kWh/m2]": 435.19867763089246,
    "Annual Cooling [kWh/m2]": 2.0989413309204084
}