{
    "Pand ID": "0599100000205624",
    "Archetype ID": "D.1965-1974",
    "Construction Year": 1965,
    "Number of Floors": 2,
    "Wall Area": 317.62,
    "Roof Area (Flat)": 137.55,
    "Roof Area (Sloped)": 21.17,
    "Floor Area": 158.66,
    "Shared Wall Area": 0.0,
    "Absolute Height (70%)": 1.0849668979644775,
    "Surfaces": [
        {
            "Type": "G",
            "Centroid": {
                "x": 94657.65231730769,
                "y": 441792.19403846154
            },
            "Distances": [
                11.716271374581893,
                8.929096129623224,
                4.383435849394396,
                4.514575310087499,
                7.1315698994581895,
                5.867847200581836,
                7.04294226650941,
                6.5049747235568125,
                5.772180976967653,
                6.969466489918649,
                4.981962680892233,
                4.912719128045239,
                7.938103149731693
            ],
            "UnitPairs": [
                [
                    -0.9870625165592254,
                    -0.16033586125308671
                ],
                [
                    -0.4520829711181806,
                    -0.8919758893742354
                ],
                [
                    -0.21847982737430083,
                    -0.9758414651112627
                ],
                [
                    -0.16783246609972594,
                    -0.9858155320965907
                ],
                [
                    0.2813276348119483,
                    -0.9596117766529938
                ],
                [
                    0.9523608064923654,
                    -0.30497359600006546
                ],
                [
                    0.9993419548227347,
                    0.03627199099960252
                ],
                [
                    0.963156347038096,
                    0.26894209629626764
                ],
                [
                    0.8804830812809196,
                    0.47407757126662037
                ],
                [
                    0.0011920126641482428,
                    0.9999992895526518
                ],
                [
                    -0.40118572452282947,
                    0.9159967327666035
                ],
                [
                    -0.4278063233219077,
                    0.9038704275092705
                ],
                [
                    -0.5759174731608179,
                    0.8175078373373913
                ]
            ]
        },
        {
            "Type": "F",
            "Centroid": {
                "x": 94658.40421590909,
                "y": 441791.20813636365
            },
            "Distances": [
                12.34889514489188,
                12.43164583668046,
                8.704092090368949,
                8.463567119745951,
                3.709119980079319,
                3.779228736775868,
                5.990446221788464,
                6.5764596464496154,
                5.917735080371269,
                5.084547385737596,
                4.902722131599652,
                6.407801724154405,
                7.230882137146237,
                3.1128450636794174,
                6.154664412223209,
                2.517139218456322,
                2.6734861867093347,
                5.710379491411803,
                7.99003992649377,
                6.193640861207099,
                6.130938214560442,
                9.177237147615214
            ],
            "UnitPairs": [
                [
                    -0.9973840383756262,
                    -0.0722847147986861
                ],
                [
                    -0.9968584266232178,
                    -0.07920402306879915
                ],
                [
                    -0.5678468078896167,
                    -0.8231342556166477
                ],
                [
                    -0.5657887320243123,
                    -0.8245502475376021
                ],
                [
                    -0.460915505097589,
                    -0.8874440248041757
                ],
                [
                    -0.39944417610895644,
                    -0.9167575198342455
                ],
                [
                    0.2094016112429668,
                    -0.9778297219909249
                ],
                [
                    0.2730054143757364,
                    -0.9620124966555957
                ],
                [
                    0.9555022342366887,
                    -0.2949838645904143
                ],
                [
                    0.9740117881097057,
                    -0.2264973214484752
                ],
                [
                    0.9864742404518572,
                    -0.16391635954025932
                ],
                [
                    0.9810554947754633,
                    0.1937269113233133
                ],
                [
                    0.9805731799275135,
                    0.19615361023148253
                ],
                [
                    0.9738387323799376,
                    0.22724023260997647
                ],
                [
                    0.8958098641353455,
                    0.44443749540043737
                ],
                [
                    0.8896643755289724,
                    0.4566150445557437
                ],
                [
                    0.8776589542806353,
                    0.47928567678475587
                ],
                [
                    0.7583399837822603,
                    0.6518592401716196
                ],
                [
                    -0.09306473007973762,
                    0.9956600604700309
                ],
                [
                    -0.4440991931435924,
                    0.8959776261990084
                ],
                [
                    -0.4654411460727206,
                    0.8850788323886819
                ],
                [
                    -0.5800864490540705,
                    0.8145549162725858
                ]
            ]
        },
        {
            "Type": "R",
            "Centroid": {
                "x": 94646.087625,
                "y": 441790.3155
            },
            "Distances": [
                0.0
            ],
            "UnitPairs": [
                [
                    0.0,
                    0.0
                ]
            ]
        }
    ],
    "Annual Heating [kWh/m2]": 353.7349384485499,
    "Annual Cooling [kWh/m2]": 1.5096587001721624
}