{
    "Pand ID": "0599100000287065",
    "Archetype ID": "D.1965",
    "Construction Year": 1890,
    "Number of Floors": 3,
    "Wall Area": 384.78,
    "Roof Area (Flat)": 0.0,
    "Roof Area (Sloped)": 166.19,
    "Floor Area": 122.47,
    "Shared Wall Area": 0.0,
    "Absolute Height (70%)": 9.253486633300781,
    "Surfaces": [
        {
            "Type": "G",
            "Centroid": {
                "x": 95034.12180769231,
                "y": 437425.5797307692
            },
            "Distances": [
                9.531923814712005,
                10.045161873816223,
                5.48135697628966,
                3.407490864854823,
                3.995453328681768,
                5.244266920399622,
                4.881181776219154,
                5.5301953013405365,
                7.020251068932155,
                5.575486111429266,
                5.182524785054608,
                10.027964522033473,
                9.461652372065526
            ],
            "UnitPairs": [
                [
                    -0.9976273286648106,
                    -0.06884557430302954
                ],
                [
                    -0.9815976901297356,
                    -0.1909606627867826
                ],
                [
                    0.2354694856152939,
                    -0.9718817424687374
                ],
                [
                    0.5777542437416011,
                    -0.8162107778255385
                ],
                [
                    0.6649288801895078,
                    -0.7469066770955574
                ],
                [
                    0.764395170675884,
                    -0.6447480306657681
                ],
                [
                    0.9277860393883246,
                    -0.3731126708061872
                ],
                [
                    0.9293871242552375,
                    -0.3691064524884112
                ],
                [
                    0.9372445861378386,
                    0.34867260539840494
                ],
                [
                    0.8262404776228527,
                    0.5633175597631945
                ],
                [
                    0.7582582757777299,
                    0.6519542830709713
                ],
                [
                    -0.7450472801226196,
                    0.6670116568560753
                ],
                [
                    -0.8315997441999902,
                    0.5553754274781257
                ]
            ]
        },
        {
            "Type": "F",
            "Centroid": {
                "x": 95033.42185294117,
                "y": 437425.17526470585
            },
            "Distances": [
                8.812949830178122,
                9.284586667789553,
                9.44959808998361,
                5.438834412636737,
                5.310017708244991,
                3.5736098824026272,
                4.233469666252244,
                5.5706808595146935,
                6.064690962777316,
                5.417192289142826,
                4.048239247318197,
                7.818472195643328,
                6.381942987665331,
                5.978837778353473,
                9.806386061714429,
                9.133029508543425,
                6.2067980617946725
            ],
            "UnitPairs": [
                [
                    -0.9995918632153102,
                    -0.028567586417907933
                ],
                [
                    -0.986619358399649,
                    -0.16304061344053197
                ],
                [
                    -0.9800790311910119,
                    -0.1986078865999216
                ],
                [
                    0.35828394670433233,
                    -0.9336126678307054
                ],
                [
                    0.3748852015552854,
                    -0.9270712408735658
                ],
                [
                    0.7467650769488144,
                    -0.6650879038515368
                ],
                [
                    0.7928832195455817,
                    -0.6093736129527049
                ],
                [
                    0.8452552170141369,
                    -0.5343628150520809
                ],
                [
                    0.9628927664510838,
                    -0.26988427208005
                ],
                [
                    0.9651950271931375,
                    -0.2615311826181314
                ],
                [
                    0.9921960668433827,
                    -0.1246874690597313
                ],
                [
                    0.9310830654201583,
                    0.36480724401771597
                ],
                [
                    0.8315096310136464,
                    0.5555103361158544
                ],
                [
                    0.7743389652733907,
                    0.632771022455465
                ],
                [
                    -0.6905044221751263,
                    0.7233281709961218
                ],
                [
                    -0.7848822709350178,
                    0.6196449150698239
                ],
                [
                    -0.934999476928179,
                    0.3546490915595748
                ]
            ]
        },
        {
            "Type": "R",
            "Centroid": {
                "x": 95037.4385,
                "y": 437424.67049999995
            },
            "Distances": [
                0.0
            ],
            "UnitPairs": [
                [
                    0.0,
                    0.0
                ]
            ]
        }
    ],
    "Annual Heating [kWh/m2]": 297.17236559452436,
    "Annual Cooling [kWh/m2]": 1.3474934754874688
}