{
    "Pand ID": "0599100000761509",
    "Archetype ID": "D.2006-2014",
    "Construction Year": 2014,
    "Number of Floors": 2,
    "Wall Area": 181.92,
    "Roof Area (Flat)": 0.0,
    "Roof Area (Sloped)": 171.37,
    "Floor Area": 106.36,
    "Shared Wall Area": 0.0,
    "Absolute Height (70%)": 0.9247441291809082,
    "Surfaces": [
        {
            "Type": "G",
            "Centroid": {
                "x": 100397.40767045454,
                "y": 443129.52631818183
            },
            "Distances": [
                7.031102353680711,
                6.989519149716679,
                6.649749854397275,
                7.817652858561375,
                8.17125337770727,
                7.063362432565848,
                7.537172808429712,
                4.755575248528377,
                4.416578224968442,
                4.56466098899768,
                7.285686293164052,
                7.347682339507248,
                5.747541975690243,
                5.896978320106106,
                5.741067230404037,
                5.884311903729048,
                6.837763146868623,
                6.646429994437652,
                3.881585130582283,
                4.882334690992277,
                4.964685611068811,
                3.983459795729774
            ],
            "UnitPairs": [
                [
                    -0.9940895613457637,
                    -0.10856308775724488
                ],
                [
                    -0.9928501955425659,
                    -0.11936703569699841
                ],
                [
                    -0.9757578249733871,
                    -0.2188530717243989
                ],
                [
                    -0.9599486687783229,
                    -0.2801759327828246
                ],
                [
                    -0.4755140092879134,
                    -0.8797081487464659
                ],
                [
                    -0.4065408623669181,
                    -0.9136325996952837
                ],
                [
                    -0.31305444554807194,
                    -0.9497351810492172
                ],
                [
                    0.24359924612945824,
                    -0.9698759752077373
                ],
                [
                    0.5688690242722942,
                    -0.8224281325583942
                ],
                [
                    0.7725556298606928,
                    -0.6349470834412488
                ],
                [
                    0.9996936805098618,
                    -0.02474964946512038
                ],
                [
                    0.9998329004980825,
                    -0.018280346867370283
                ],
                [
                    0.8552272547536979,
                    0.5182531647047159
                ],
                [
                    0.8542433551567811,
                    0.5198733405075562
                ],
                [
                    0.8488760625621438,
                    0.5285919318425049
                ],
                [
                    0.8356889685508633,
                    0.5492030115015706
                ],
                [
                    0.3987348621019894,
                    0.9170662515568369
                ],
                [
                    0.3829807201138266,
                    0.923756335848959
                ],
                [
                    -0.16759788402291642,
                    0.9858554403516984
                ],
                [
                    -0.2643295751356071,
                    0.9644324111666038
                ],
                [
                    -0.8563574388418896,
                    0.5163835173010068
                ],
                [
                    -0.906635347097563,
                    0.4219150950052409
                ]
            ]
        },
        {
            "Type": "F",
            "Centroid": {
                "x": 100397.80628125,
                "y": 443129.16171874997
            },
            "Distances": [
                7.39890731230276,
                7.287311076698957,
                7.353174338576438,
                6.972989932836066,
                8.111296299968684,
                3.8733205445657166,
                8.057116875977325,
                6.911325337147742,
                7.332260248572949,
                4.0848250777660375,
                4.3151450848497905,
                2.23722845637478,
                3.8918274921297233,
                1.9438611005938962,
                1.930635220183664,
                4.025312065977541,
                2.9866864755947007,
                3.6694390890691686,
                6.887309564771298,
                6.951658955129315,
                6.811032349503465,
                5.769376118028304,
                5.619555763469612,
                5.619549768764179,
                5.775221871590985,
                6.6585866681017185,
                7.0317717391115,
                6.849424257998699,
                4.320598031965312,
                5.347095611517652,
                5.495342048369508,
                4.501613992912344
            ],