{
    "Pand ID": "0599100000619796",
    "Archetype ID": "D.1965",
    "Construction Year": 1927,
    "Number of Floors": 3,
    "Wall Area": 259.11,
    "Roof Area (Flat)": 56.9,
    "Roof Area (Sloped)": 91.01,
    "Floor Area": 104.98,
    "Shared Wall Area": 52.77,
    "Absolute Height (70%)": 10.280942916870117,
    "Surfaces": [
        {
            "Type": "G",
            "Centroid": {
                "x": 68443.5205625,
                "y": 444910.48575
            },
            "Distances": [
                3.5731375043587166,
                4.251701615250547,
                6.233487517043009,
                8.023221181374863,
                9.465076947671706,
                6.879943795199447,
                6.2009569120321615,
                4.371875641497925,
                6.878472077799077,
                6.703503943808799,
                3.3595984321057495,
                4.356254483494547
            ],
            "UnitPairs": [
                [
                    -0.9176109220532559,
                    -0.3974798054349093
                ],
                [
                    -0.9101649998479449,
                    -0.41424590891376395
                ],
                [
                    -0.2532691363677418,
                    -0.9673958572185112
                ],
                [
                    0.3977517169053837,
                    -0.9174930908180287
                ],
                [
                    0.8727081719117515,
                    -0.4882422008372983
                ],
                [
                    0.9725733522230782,
                    -0.23259637689689944
                ],
                [
                    0.47109664547597596,
                    0.8820816008858151
                ],
                [
                    0.16932091868672894,
                    0.98556097046052
                ],
                [
                    -0.0928621927622386,
                    0.9956789709315894
                ],
                [
                    -0.739874257040639,
                    0.6727451848720751
                ],
                [
                    -0.9375376443495472,
                    0.3478838389858056
                ],
                [
                    -0.9936862082786537,
                    0.11219500646994986
                ]
            ]
        },
        {
            "Type": "F",
            "Centroid": {
                "x": 68445.135625,
                "y": 444909.4375
            },
            "Distances": [
                4.9079308048470365,
                5.264543407090242,
                5.481932896803238,
                5.917834256326116,
                4.5284328592279355,
                3.4413751481781514,
                2.044752805389495,
                6.506791531581765,
                3.4212617972294344,
                6.472696108316165,
                6.353060505398454,
                5.611940543195124,
                4.965648324772643,
                5.20093589275312,
                4.144065942438092,
                7.5448555924197995,
                3.314081043091162,
                2.865343571935257,
                5.106112370014002,
                4.761331264484229,
                4.300463903460695,
                1.9868048558349716,
                6.647589772610488,
                5.436982794721273,
                5.427959645182003,
                8.212324870894262,
                8.027044920762279,
                8.193964892529543,
                8.609269621150318,
                5.255333211144062,
                5.538946969853474,
                6.139322115268889
            ],
            "UnitPairs": [
                [
                    -0.9971233692140707,
                    -0.07579568963456985
                ],
                [
                    -0.9941626643150585,
                    -0.10789159782848932
                ],
                [
                    -0.9883033232946559,
                    -0.15250095463549979
                ],
                [
                    -0.5396927932862186,
                    -0.8418620367227155
                ],
                [
                    -0.42505046664851004,
                    -0.9051696530495726
                ],
                [
                    -0.01476517316557896,
                    -0.9998909888889841
                ],
                [
                    0.14876492610920367,
                    -0.9888725887391777
                ],
                [
                    0.24223728274561743,
                    -0.9702170369809118
                ],
                [
                    0.6238012834140269,
                    -0.7815829826774717
                ],
                [
                    0.6632765432152508,
                    -0.7483743897411426
                ],
                [
                    0.6689984294010851,
                    -0.7432638168637575
                ],
                [
                    0.7468339102576402,
                    -0.6650106093058088
                ],
                [
                    0.7536150881509193,
                    -0.6573159810253226
                ],
                [
                    0.7650906648460686,
                    -0.6439225687653763
                ],
                [
                    0.8253216882904313,
                    -0.5646628293392724
                ],
                [
                    0.8807574139234715,
                    -0.473567711968245
                ],
                [
                    0.8917064675180565,
                    -0.4526141577397565
                ],
                [
                    0.9360788445312948,
                    -0.3517902739146667
                ],
                [
                    0.9941394023783776,
                    -0.10810572898215164
                ],
                [
                    0.9999698058219413,
                    0.007770935878576436
                ],
                [
                    0.7743786658280023,
                    0.6327224367054193
                ],
                [
                    0.6463581444497678,
                    0.7630341729591494
                ],
                [
                    0.1964903889497307,
                    0.9805057506462589
                ],
                [
                    -0.1564861490493456,
                    0.9876801532660793
                ],
                [
                    -0.16116783417409455,
                    0.9869270131208444
                ],
                [
                    -0.2744426865024595,
                    0.9616034587215837
                ],
                [
                    -0.4331372920318915,
                    0.9013279571006769
                ],
                [
                    -0.6474048363116366,
                    0.7621462969275015
                ],
                [
                    -0.7636899283352881,
                    0.6455832195458944
                ],
                [
                    -0.9066623006689447,
                    0.42185717078852175
                ],
                [
                    -0.9337176413022364,
                    0.358010288009979
                ],
                [
                    -0.9681545272268529,
                    0.2503533730752375
                ]
            ]
        },
        {
            "Type": "R",
            "Centroid": {
                "x": 68441.2288125,
                "y": 444915.2315
            },
            "Distances": [
                0.0
            ],
            "UnitPairs": [
                [
                    0.0,
                    0.0
                ]
            ]
        }
    ],
    "Annual Heating [kWh/m2]": 295.1770644085878,
    "Annual Cooling [kWh/m2]": 1.2979826809538515
}