{
    "Pand ID": "0599100100018407",
    "Archetype ID": "D.2015-2018",
    "Construction Year": 2020,
    "Number of Floors": 3,
    "Wall Area": 425.92,
    "Roof Area (Flat)": 0.0,
    "Roof Area (Sloped)": 169.83,
    "Floor Area": 127.26,
    "Shared Wall Area": 0.0,
    "Absolute Height (70%)": 6.585965633392334,
    "Surfaces": [
        {
            "Type": "G",
            "Centroid": {
                "x": 97159.33665909091,
                "y": 442927.84179545456
            },
            "Distances": [
                6.044054030525541,
                7.160180205733463,
                8.696683648831954,
                8.619237143858586,
                7.1370638498686425,
                2.4077088763096377,
                6.529175489957778,
                2.4756132640424098,
                4.855796567592625,
                3.5264198992446683,
                3.988422271382944,
                6.385888664310532,
                8.110776150295393,
                8.323384376991832,
                6.6433155082588256,
                5.011815415606477,
                5.185747490263807,
                4.724717849781745,
                6.363140786554667,
                4.384795790437179,
                7.020760308237238,
                8.584189443191308
            ],
            "UnitPairs": [
                [
                    -0.6847902202732423,
                    -0.72874025154243
                ],
                [
                    -0.40723962346281917,
                    -0.9133213503919972
                ],
                [
                    -0.20524019994157314,
                    -0.9787116328765808
                ],
                [
                    -0.19513433298566182,
                    -0.9807765250505545
                ],
                [
                    0.09823239974271036,
                    -0.995163501963767
                ],
                [
                    0.37134510649777697,
                    -0.9284949175305994
                ],
                [
                    0.4545889314274331,
                    -0.8907013547893954
                ],
                [
                    0.7178386603845696,
                    -0.6962094926509451
                ],
                [
                    0.9695815801899375,
                    -0.24476837899611123
                ],
                [
                    0.9766536622111999,
                    -0.21481998065694774
                ],
                [
                    0.9933980505314782,
                    -0.11471840828855055
                ],
                [
                    0.996899765049454,
                    0.07868200839037752
                ],
                [
                    0.9684758602046312,
                    0.2491074230144488
                ],
                [
                    0.21074250925359478,
                    0.9775416077044999
                ],
                [
                    0.038247605246739695,
                    0.9992682926486208
                ],
                [
                    -0.2493924830150866,
                    0.9684024934992526
                ],
                [
                    -0.26841050273500305,
                    0.9633046257656729
                ],
                [
                    -0.3564041588213689,
                    0.934331887272843
                ],
                [
                    -0.5424851039301304,
                    0.8400654212702221
                ],
                [
                    -0.5607807543230621,
                    0.8279643383509083
                ],
                [
                    -0.8196988414721964,
                    0.5727947357379771
                ],
                [
                    -0.9518556347092706,
                    0.30654665333715797
                ]
            ]
        },
        {
            "Type": "F",
            "Centroid": {
                "x": 97159.21475,
                "y": 442927.4573534483
            },
            "Distances": [
                5.683090773074205,
                6.7595661443172546,
                8.29550356878484,
                8.218517534166352,
                4.862802304514419,
                4.8864789675918745,
                4.7305494880848595,
                4.942469647664033,
                6.768326450649155,
                2.111596546774054,
                6.248598616201028,
                2.3236606992683035,
                4.896476524569475,
                3.5854654067752474,
                4.084654222107042,
                6.548337918387469,
                8.33162987801843,
                3.1732812795830285,
                8.724967280407963,
                7.032954711634833,
                3.8611621991020386,
                5.357979496599471,
                5.5277650914805845,
                4.225819632000422,
                5.046707056439204,
                6.627262971480461,
                4.645531543388473,
                7.151406394834043,
                8.595465840214901
            ],