{
    "Pand ID": "0599100000057435",
    "Archetype ID": "D.1965",
    "Construction Year": 1900,
    "Number of Floors": 2,
    "Wall Area": 350.51,
    "Roof Area (Flat)": 0.0,
    "Roof Area (Sloped)": 188.72,
    "Floor Area": 150.33,
    "Shared Wall Area": 0.0,
    "Absolute Height (70%)": 1.5588990449905396,
    "Surfaces": [
        {
            "Type": "G",
            "Centroid": {
                "x": 98075.9013173077,
                "y": 442065.0263269231
            },
            "Distances": [
                6.934476222874409,
                6.776482536111599,
                6.841685224844691,
                4.830702197002622,
                4.044039110997012,
                4.130909913813114,
                8.721899150593151,
                8.488709321601439,
                8.884173193465816,
                3.610723348683403,
                4.548020002904803,
                4.628060287384409,
                4.021350101509417,
                4.117218827050727,
                2.694125022908489,
                9.387961613374001,
                10.326091696069605,
                12.601397508900355,
                3.176370404529138,
                3.140166853793789,
                7.18735432924016,
                8.920286388564218,
                7.835059669444406,
                9.27846446723304,
                9.203122870109185,
                9.24139024385742
            ],
            "UnitPairs": [
                [
                    -0.7095982666244203,
                    -0.7046064859221906
                ],
                [
                    -0.6989898199345261,
                    -0.7151316183947531
                ],
                [
                    -0.6869202766927378,
                    -0.7267327799599882
                ],
                [
                    -0.4640510253534462,
                    -0.8858084701945536
                ],
                [
                    -0.24275044843951216,
                    -0.9700887690218951
                ],
                [
                    -0.23110944746271203,
                    -0.9729277585172909
                ],
                [
                    0.04234257767914506,
                    -0.9991031508885785
                ],
                [
                    0.26591883486406076,
                    -0.9639954218068365
                ],
                [
                    0.5423473391812371,
                    -0.8401543689602715
                ],
                [
                    0.6752961821862913,
                    -0.7375466536596985
                ],
                [
                    0.7480854723881997,
                    -0.663602385470188
                ],
                [
                    0.7669104272423276,
                    -0.6417541558782386
                ],
                [
                    0.790855710648382,
                    -0.6120026510848158
                ],
                [
                    0.7952717185639533,
                    -0.6062531597050329
                ],
                [
                    0.7970334242251316,
                    -0.6039351957519625
                ],
                [
                    0.8446250654678719,
                    0.5353582901042939
                ],
                [
                    0.7049431582200512,
                    0.709263804010003
                ],
                [
                    0.4967153593775718,
                    0.8679135047678482
                ],
                [
                    0.28469843787982463,
                    0.958617128716563
                ],
                [
                    0.2672812405751036,
                    0.9636185648048887
                ],
                [
                    -0.09192427107945628,
                    0.9957660008187217
                ],
                [
                    -0.12798830194158223,
                    0.9917756775431178
                ],
                [
                    -0.6613468851943001,
                    0.7500801940084788
                ],
                [
                    -0.8310310757694764,
                    0.5562259892394698
                ],
                [
                    -0.8347918870729186,
                    0.5505656230434618
                ],
                [
                    -0.8370701922088006,
                    0.5470955065758825
                ]
            ]
        },
        {
            "Type": "F",
            "Centroid": {
                "x": 98075.55682954546,
                "y": 442065.23027272726
            },
            "Distances": [
                6.844704479082674,
                6.6928462043245425,
                6.921659722558036,
                6.764541219138962,
                4.867943904803802,
                4.175924595072592,
                4.2668806571154505,
                3.4723789456356813,
                4.147527959938839,
                8.946543092980724,
                3.9964943838438516,
                4.234887660443491,
                8.781314811250384,
                4.224901380940215,
                9.244080779123436,
                2.6867361233974765,
                3.995468665932494,
                3.0999551384582955,
                4.941650193314619,
                5.023550867147889,
                4.41888324499456,
                4.515064038239984,
                3.092198055581877,
                4.554449587178807,
                9.576385332813382,
                10.431506770220818,
                12.601861590378226,
                3.1033275611343867,
                3.0602168887302876,
                2.336403042913317,
                3.9788389520308223,
                4.225657097550129,
                6.960163666884135,
                4.8643802134326375,
                5.575744691155855,
                8.679665386664059,
                5.459588387485016,
                7.455281279199754,
                4.065663743952914,
                4.951838138687214,
                8.878772048436286,
                8.912803298261961,
                8.80328313225057,
                8.841469792313799
            ],