{
    "Pand ID": "0599100000755353",
    "Archetype ID": "D.2006-2014",
    "Construction Year": 2009,
    "Number of Floors": 3,
    "Wall Area": 291.95,
    "Roof Area (Flat)": 28.31,
    "Roof Area (Sloped)": 141.27,
    "Floor Area": 105.34,
    "Shared Wall Area": 0.0,
    "Absolute Height (70%)": 4.130627155303955,
    "Surfaces": [
        {
            "Type": "G",
            "Centroid": {
                "x": 90532.10182142857,
                "y": 440146.9544642857
            },
            "Distances": [
                4.373325489439033,
                4.26731956446676,
                4.387248891579948,
                5.607472028540949,
                6.0103400171976675,
                4.552971994165139,
                7.692670591951683,
                6.63768252215182,
                9.216817089724598,
                7.300242714722015,
                7.113772054043069,
                7.285756484476938,
                7.578531537553238,
                8.596844843613892,
                4.630810216933082,
                4.290029851025104,
                4.303718871238103,
                1.3312117925849902,
                1.689782312987564,
                1.5987759093058453,
                2.0091761587037023
            ],
            "UnitPairs": [
                [
                    -0.9577543310404784,
                    -0.28758762381786473
                ],
                [
                    -0.7561119761049834,
                    -0.6544422660484399
                ],
                [
                    -0.6675188713787666,
                    -0.7445928796014755
                ],
                [
                    -0.644242434054371,
                    -0.7648213426439534
                ],
                [
                    -0.6384948967253467,
                    -0.7696260565077621
                ],
                [
                    -0.5843592782864591,
                    -0.8114950609095095
                ],
                [
                    -0.26591174080737373,
                    -0.9639973786794195
                ],
                [
                    -0.10539392720635388,
                    -0.9944305506710973
                ],
                [
                    0.9977879003031838,
                    -0.06647786104082934
                ],
                [
                    0.9648211500180661,
                    0.26290710997958244
                ],
                [
                    0.947518211185631,
                    0.3197017977296688
                ],
                [
                    0.7620936251801171,
                    0.6474668381159202
                ],
                [
                    0.6776284489925458,
                    0.7354044364266215
                ],
                [
                    0.4285791634554526,
                    0.9035042338870497
                ],
                [
                    -0.5866298339396866,
                    0.809855195656542
                ],
                [
                    -0.5882409950978191,
                    0.8086856816380066
                ],
                [
                    -0.6198293867180912,
                    0.7847365999879673
                ],
                [
                    -0.7899354816637292,
                    0.6131899663307386
                ],
                [
                    -0.9631840835645071,
                    0.2688427443097553
                ],
                [
                    -0.9748529606294527,
                    0.2228490636103073
                ],
                [
                    -0.9992012994312848,
                    0.03995951970222054
                ]
            ]
        },
        {
            "Type": "F",
            "Centroid": {
                "x": 90532.57715322582,
                "y": 440146.55139516125
            },
            "Distances": [
                4.772020148390615,
                4.741562153063781,
                4.4061878636870295,
                1.9571591755691855,
                4.448260421825089,
                6.003727469014291,
                5.639963750136414,
                6.035881575478988,
                4.546297054692173,
                4.636618794447754,
                7.451989347244815,
                7.5582139641920865,
                6.308026881259321,
                7.14693120063291,
                5.891965152721065,
                8.723616224843289,
                11.884305025601442,
                6.966579306366795,
                6.813197965892999,
                7.210752064030213,
                7.578477360491398,
                11.369750684150109,
                8.777983840073736,
                5.2381869591795365,
                4.897810996262798,
                5.255595215690041,
                4.916189926537117,
                1.954036766215833,
                2.270959994505405,
                2.1710324970245383,
                2.529513852281877
            ],