{
    "Pand ID": "0599100000086660",
    "Archetype ID": "D.1965",
    "Construction Year": 1900,
    "Number of Floors": 2,
    "Wall Area": 172.6,
    "Roof Area (Flat)": 0.0,
    "Roof Area (Sloped)": 91.25,
    "Floor Area": 65.26,
    "Shared Wall Area": 0.0,
    "Absolute Height (70%)": 5.7985053062438965,
    "Surfaces": [
        {
            "Type": "G",
            "Centroid": {
                "x": 85663.03153571428,
                "y": 434253.40178571426
            },
            "Distances": [
                5.441037284808431,
                6.855729440643236,
                6.165906261076487,
                6.880989465232308,
                5.622992380053933,
                4.73402530537015,
                4.4951870951420725
            ],
            "UnitPairs": [
                [
                    -0.8769073734547215,
                    -0.48065939955517517
                ],
                [
                    0.8574892484623187,
                    -0.5145018841282586
                ],
                [
                    0.9962386753251254,
                    -0.08665161156285138
                ],
                [
                    0.9315105506420711,
                    0.36371430277417655
                ],
                [
                    -0.793400633104816,
                    0.6086997908566071
                ],
                [
                    -0.9966752203327665,
                    0.08147702237214595
                ],
                [
                    -0.9966850365628614,
                    0.08135685522245516
                ]
            ]
        },
        {
            "Type": "F",
            "Centroid": {
                "x": 85661.4439642857,
                "y": 434253.1069285714
            },
            "Distances": [
                4.092497907443279,
                3.9395971124157576,
                8.135970552859643,
                8.472483974265762,
                4.698784004649129,
                2.967178887578422,
                3.2038335487547855
            ],
            "UnitPairs": [
                [
                    -0.8265646952566725,
                    -0.5628417224719966
                ],
                [
                    -0.8081319472180557,
                    -0.5890014905631001
                ],
                [
                    0.9176883895767414,
                    -0.3973009182421393
                ],
                [
                    0.9439127578867199,
                    0.3301949507468073
                ],
                [
                    -0.6115868026399184,
                    0.7911773396885692
                ],
                [
                    -0.9749039054601764,
                    0.22262608813545567
                ],
                [
                    -0.9771775712031257,
                    0.2124240907655259
                ]
            ]
        },
        {
            "Type": "R",
            "Centroid": {
                "x": 85669.17425,
                "y": 434252.8675
            },
            "Distances": [
                0.0
            ],
            "UnitPairs": [
                [
                    0.0,
                    0.0
                ]
            ]
        }
    ],
    "Annual Heating [kWh/m2]": 411.5432227980665,
    "Annual Cooling [kWh/m2]": 1.835218502545102
}