{
    "Pand ID": "0599100000030379",
    "Archetype ID": "D.1965",
    "Construction Year": 1955,
    "Number of Floors": 3,
    "Wall Area": 323.94,
    "Roof Area (Flat)": 79.34,
    "Roof Area (Sloped)": 71.64,
    "Floor Area": 127.54,
    "Shared Wall Area": 25.33,
    "Absolute Height (70%)": 6.469551086425781,
    "Surfaces": [
        {
            "Type": "G",
            "Centroid": {
                "x": 88883.7200892857,
                "y": 439012.68010714283
            },
            "Distances": [
                7.745960399621915,
                8.258170854963955,
                7.243151258655605,
                6.4574061973832695,
                6.484609043045038,
                7.115798329752112,
                5.600361698611107,
                5.76638934550667,
                7.51857858988256,
                5.877347507736664,
                6.6750475770319255,
                7.454650093248071,
                4.2489756932085365,
                10.379369672516173,
                10.79780517440604,
                9.89858062400663,
                3.573652914854756,
                3.5477681130758976,
                4.926358784110366,
                3.5843030522257533,
                6.395727994854829,
                5.184030603574716,
                4.099190182911558,
                4.37153371403165,
                7.0705708103595155,
                7.531023347172441,
                4.8263793452424615,
                4.6305296455685125
            ],
            "UnitPairs": [
                [
                    -0.8719337483374106,
                    -0.4896238745305148
                ],
                [
                    -0.8523636056146598,
                    -0.5229495996973097
                ],
                [
                    -0.4471761212836037,
                    -0.8944459271268174
                ],
                [
                    -0.4365474618679151,
                    -0.8996812288453512
                ],
                [
                    -0.3963175372096603,
                    -0.9181135058913302
                ],
                [
                    -0.08571972636786337,
                    -0.9963192904442926
                ],
                [
                    0.03661115572908925,
                    -0.9993295869112354
                ],
                [
                    0.0806459096703569,
                    -0.9967428139963892
                ],
                [
                    0.3557900848290562,
                    -0.934565896840524
                ],
                [
                    0.7231213925483877,
                    -0.6907209651073875
                ],
                [
                    0.9993989761573682,
                    0.034665349494910715
                ],
                [
                    0.9792593378594835,
                    0.20261083192911025
                ],
                [
                    0.8896345818890158,
                    0.4566730895368764
                ],
                [
                    0.8835831079965937,
                    0.46827437604793165
                ],
                [
                    0.8362843715395047,
                    0.5482959510326294
                ],
                [
                    0.683940048724795,
                    0.7295382167853339
                ],
                [
                    0.6159064035393935,
                    0.7878193334002218
                ],
                [
                    0.3909600825306543,
                    0.9204076346204566
                ],
                [
                    0.36762156262922163,
                    0.9299754763917429
                ],
                [
                    0.32364331290806286,
                    0.9461791616865666
                ],
                [
                    -0.19700091791318095,
                    0.9804033039220972
                ],
                [
                    -0.40257561062141667,
                    0.9153867367035605
                ],
                [
                    -0.8657720494424563,
                    0.5004385660640165
                ],
                [
                    -0.8694807210387446,
                    0.4939668771708734
                ],
                [
                    -0.8894563755028998,
                    0.45702008279422957
                ],
                [
                    -0.983792499925797,
                    0.1793106719906842
                ],
                [
                    -0.9990852232674108,
                    0.042763496684763196
                ],
                [
                    -0.9996619479902202,
                    0.025999802699215303
                ]
            ]
        },
        {
            "Type": "F",
            "Centroid": {
                "x": 88883.621125,
                "y": 439012.5646666667
            },
            "Distances": [
                4.631901268529886,
                7.603326883317617,
                8.113581824821235,
                3.6893242418275043,
                7.095737454864523,
                6.310462267355144,
                6.339560791410633,
                6.272757636101081,
                3.656139862578903,
                6.992862196172864,
                5.489590515489208,
                5.660335445997162,
                7.447100153366168,
                5.871137172152513,
                6.778878473682534,
                7.575522096034777,
                4.402459240132502,
                4.390112947794409,
                10.521017886159399,
                10.943944673994903,
                10.050486772320367,
                3.366946197139379,
                3.725558216938982,
                3.6929974312910137,
                3.3255768463783264,
                5.07033957054916,
                3.725984571607078,
                4.1897835299066015,
                6.490515261576803,
                5.251651615877899,
                4.074023403771141,
                4.345074302537204,
                7.036859623525003,
                7.4555192549716764,
                4.733952438981346,
                4.536134627767934
            ],