{
    "Pand ID": "0599100000361859",
    "Archetype ID": "D.1992-2005",
    "Construction Year": 1999,
    "Number of Floors": 4,
    "Wall Area": 506.77,
    "Roof Area (Flat)": 54.94,
    "Roof Area (Sloped)": 128.09,
    "Floor Area": 136.14,
    "Shared Wall Area": 0.0,
    "Absolute Height (70%)": 14.202506065368652,
    "Surfaces": [
        {
            "Type": "G",
            "Centroid": {
                "x": 97568.5515,
                "y": 435121.2960625
            },
            "Distances": [
                7.81297327191225,
                7.7109358201497455,
                7.987643079939685,
                7.661036155274155,
                7.736392786529126,
                4.827374361117643,
                5.128787085881982,
                4.710545228266792,
                5.032398033986372,
                5.072877521437057,
                4.756719139526926,
                5.195889117607203,
                4.886967372258842,
                7.693321208820395,
                7.620328050497403,
                7.945283316049843,
                7.662619418153129,
                7.764030040674075,
                8.588383773915671,
                8.49459023277482,
                8.797629153540727,
                8.497432529780001,
                8.570852574155216,
                6.2298241326039285,
                6.864702895857501,
                6.8840283154700765,
                6.242651277531407,
                8.640150395011842,
                8.549893031353562,
                8.865712857594708,
                8.559093043245825,
                8.65095724317808
            ],
            "UnitPairs": [
                [
                    -0.8936418642444353,
                    -0.44878081339305287
                ],
                [
                    -0.8899049557723403,
                    -0.4561459960274003
                ],
                [
                    -0.8777307560982737,
                    -0.4791541712216986
                ],
                [
                    -0.8722057779874267,
                    -0.48913912217828953
                ],
                [
                    -0.8661659490284599,
                    -0.4997564894462376
                ],
                [
                    -0.3937958521116017,
                    -0.9191979258351803
                ],
                [
                    -0.378452052598286,
                    -0.9256208964171803
                ],
                [
                    -0.2912614004361961,
                    -0.9566435055003227
                ],
                [
                    -0.2825690635732484,
                    -0.959246956894489
                ],
                [
                    0.050858708673995924,
                    -0.9987058584748634
                ],
                [
                    0.06285845164043159,
                    -0.9980224521809955
                ],
                [
                    0.1497337572831013,
                    -0.9887263534112385
                ],
                [
                    0.16943022879768044,
                    -0.9855421845712977
                ],
                [
                    0.6860496080619221,
                    -0.7275547644528783
                ],
                [
                    0.6953768873051582,
                    -0.71864524252359
                ],
                [
                    0.7059534288306999,
                    -0.7082582553858289
                ],
                [
                    0.7214243195883636,
                    -0.6924932859649012
                ],
                [
                    0.7274572574310503,
                    -0.6861529994184203
                ],
                [
                    0.8265815998538404,
                    0.5628168963198117
                ],
                [
                    0.8215817136275088,
                    0.5700907715731647
                ],
                [
                    0.8113549543212446,
                    0.5845537940158896
                ],
                [
                    0.8013008607182983,
                    0.5982615904536364
                ],
                [
                    0.7954867897924748,
                    0.6059709293899032
                ],
                [
                    0.40257958276477723,
                    0.915384989794424
                ],
                [
                    0.37860342092450106,
                    0.9255589930762194
                ],
                [
                    -0.12071420423099219,
                    0.9926873026773729
                ],
                [
                    -0.14929554103961554,
                    0.9887926180072788
                ],
                [
                    -0.5997580786316389,
                    0.8001813838849818
                ],
                [
                    -0.6071420988491377,
                    0.7945932744524484
                ],
                [
                    -0.6204802804200313,
                    0.7842220486634378
                ],
                [
                    -0.6334783338136519,
                    0.7737604284199853
                ],
                [
                    -0.6406227477741331,
                    0.7678557774962167
                ]
            ]
        },
        {
            "Type": "F",
            "Centroid": {
                "x": 97568.78632000001,
                "y": 435121.80017000006
            },
            "Distances": [
                5.0573705706855066,
                8.256267891096194,
                8.157001466800889,
                8.162524494870523,
                8.38818854635503,
                8.26335897618864,
                8.118926710431422,
                8.157616272497053,
                5.383247968401976,
                5.6843297484647515,
                5.261765776760953,
                5.582928597918592,
                5.570468228927319,
                5.251812171932858,
                5.667509517367273,
                5.3533850496161515,
                7.915869537137864,
                7.836538933042984,
                8.153289022795052,
                7.770309386984376,
                7.859944980045324,
                7.956631003721499,
                7.081469173077258,
                7.160093567078303,
                6.6164012490840305,
                6.685461034884405,
                8.115554820733012,
                8.019179527112241,
                5.242251421708815,
                8.316869514933813,
                8.190841488420164,
                8.012015704452518,
                8.082723519218918,
                5.67385066144791,
                6.309273591192358,
                6.202700241698579,
                4.013495519914742,
                4.00353252622634,
                6.290200096009045,
                4.738335544094274,
                6.4186879693867365,
                5.787423271901332,
                8.391939864456631,
                8.44402163712673,
                8.306523896786778,
                8.356648996367573,
                8.630400633143687,
                8.33286467718308,
                5.456792278304338,
                8.429342425633653
            ],