{
    "Pand ID": "0599100110001681",
    "Archetype ID": "D.2015-2018",
    "Construction Year": 2021,
    "Number of Floors": 3,
    "Wall Area": 339.27,
    "Roof Area (Flat)": 19.91,
    "Roof Area (Sloped)": 157.32,
    "Floor Area": 104.51,
    "Shared Wall Area": 0.0,
    "Absolute Height (70%)": 5.091641902923584,
    "Surfaces": [
        {
            "Type": "G",
            "Centroid": {
                "x": 100606.02721726192,
                "y": 445181.7916309524
            },
            "Distances": [
                3.6334972346518337,
                6.5859372303426875,
                4.621611300374196,
                4.510691364190098,
                8.357789740445721,
                8.343743445143605,
                8.518602546473433,
                6.123159238414981,
                3.505783468178269,
                3.1933503844714854,
                7.9916286415596085,
                7.389309089537016,
                8.490895943044594,
                5.871788699782049,
                5.833215952160229,
                6.366577847420205,
                5.311946075267617,
                4.9484588905994356,
                4.259915510175285,
                4.259424783626797,
                5.563956810777144
            ],
            "UnitPairs": [
                [
                    -0.9640587389186241,
                    -0.2656891941999751
                ],
                [
                    -0.6597245934700271,
                    -0.7515074588923302
                ],
                [
                    -0.49244832894525997,
                    -0.8703416819382035
                ],
                [
                    -0.47662422195018256,
                    -0.8791071328628741
                ],
                [
                    -0.3676695462963228,
                    -0.9299565069003262
                ],
                [
                    -0.36613119542780603,
                    -0.930563242200446
                ],
                [
                    -0.3488723350692011,
                    -0.9371702587168264
                ],
                [
                    0.5433625206431311,
                    -0.8394981662638358
                ],
                [
                    0.6366894185975358,
                    -0.7711203435560053
                ],
                [
                    0.6570200527617955,
                    -0.7538730995790255
                ],
                [
                    0.9995578619044608,
                    0.029733494664818987
                ],
                [
                    0.8781734746058911,
                    0.4783422921910797
                ],
                [
                    0.5846373894327694,
                    0.8112947201093054
                ],
                [
                    0.33398600296408887,
                    0.9425780338115628
                ],
                [
                    0.3274514870953455,
                    0.9448679926841881
                ],
                [
                    0.2528980681116191,
                    0.967492928731477
                ],
                [
                    -0.05250519451127461,
                    0.9986206509727972
                ],
                [
                    -0.4354698724482243,
                    0.9002033049205759
                ],
                [
                    -0.4398924714446709,
                    0.8980504515706784
                ],
                [
                    -0.4411170186944245,
                    0.8974495951406646
                ],
                [
                    -0.9022184989262529,
                    0.43127923691647724
                ]
            ]
        },
        {
            "Type": "F",
            "Centroid": {
                "x": 100605.60959250001,
                "y": 445181.54368999996
            },
            "Distances": [
                3.1675973279388034,
                6.125933910171988,
                4.207089477544334,
                4.101238124259397,
                4.696721979427196,
                7.979204796980638,
                7.965683653755997,
                8.150980757664472,
                8.146249340122361,
                6.16107920997491,
                3.6125062867604134,
                3.3154227832666474,
                8.41973261047643,
                8.938310734813891,
                3.8595859767455614,
                6.25270413438991,
                6.212150335619743,
                6.720749478463546,
                3.7156996100282256,
                5.554292555532347,
                3.600705385335404,
                4.326042361322303,
                4.324904386479301,
                5.013203801168754,
                5.309477860592659
            ],
            "UnitPairs": [
                [
                    -0.9740126918237303,
                    -0.22649343515053763
                ],
                [
                    -0.6410908210227917,
                    -0.7674650214832743
                ],
                [
                    -0.4417020388843857,
                    -0.897161807504854
                ],
                [
                    -0.4223797661892415,
                    -0.9064189611398924
                ],
                [
                    -0.34668434860243397,
                    -0.9379818561326791
                ],
                [
                    -0.33277501550168037,
                    -0.9430062508052937
                ],
                [
                    -0.33108018277456785,
                    -0.9436026242937006
                ],
                [
                    -0.31410698615595256,
                    -0.9493875927396694
                ],
                [
                    -0.3135528871465696,
                    -0.9495707382612686
                ],
                [
                    0.6078026060637377,
                    -0.7940881513170491
                ],
                [
                    0.7334852287171767,
                    -0.6797053915143758
                ],
                [
                    0.758793120652043,
                    -0.6513317127632695
                ],
                [
                    0.9983357416286837,
                    0.05766928980580915
                ],
                [
                    0.6020958724369483,
                    0.7984237974875187
                ],
                [
                    0.3877928899662954,
                    0.9217465348411072
                ],
                [
                    0.38043060232297926,
                    0.9248094705484882
                ],
                [
                    0.3747043896603259,
                    0.9271443363194766
                ],
                [
                    0.30171039799891336,
                    0.953399620169495
                ],
                [
                    0.27954897031865783,
                    0.9601314353742295
                ],
                [
                    0.024975277877634625,
                    0.9996880690970233
                ],
                [
                    -0.058399668258263225,
                    0.9982932829320875
                ],
                [
                    -0.33663100783135613,
                    0.9416366414740059
                ],
                [
                    -0.33787567756907794,
                    0.9411907492677755
                ],
                [
                    -0.346540868654925,
                    0.9380348748057771
                ],
                [
                    -0.8668046314242869,
                    0.498647902774499
                ]
            ]
        },
        {
            "Type": "R",
            "Centroid": {
                "x": 100612.51631250001,