{
    "Pand ID": "0599100000383614",
    "Archetype ID": "D.1992-2005",
    "Construction Year": 2001,
    "Number of Floors": 3,
    "Wall Area": 334.18,
    "Roof Area (Flat)": 50.22,
    "Roof Area (Sloped)": 128.72,
    "Floor Area": 152.96,
    "Shared Wall Area": 0.0,
    "Absolute Height (70%)": 1.9957537651062012,
    "Surfaces": [
        {
            "Type": "G",
            "Centroid": {
                "x": 99385.66813586958,
                "y": 443210.19066304347
            },
            "Distances": [
                8.379154937505694,
                9.047296170054414,
                7.514808559418069,
                8.047575345741198,
                7.265960437218129,
                7.8150051426836065,
                7.262441345234627,
                6.881431539453001,
                6.71093524465753,
                6.757860736056052,
                8.717707319100237,
                6.030917810808308,
                5.96945234081919,
                6.353843122355347,
                3.226278544949465,
                3.8409142125997198,
                7.975612610363021,
                7.960180787056209,
                9.34696570558094,
                9.285249959756893,
                9.760437518582815,
                11.272782827868147,
                10.873761894028428
            ],
            "UnitPairs": [
                [
                    -0.0711600243720347,
                    -0.9974649121304324
                ],
                [
                    -0.009202845580960435,
                    -0.9999576529199689
                ],
                [
                    0.3502070757523902,
                    -0.9366723034727564
                ],
                [
                    0.3670346661614145,
                    -0.9302072639126072
                ],
                [
                    0.5390531870169872,
                    -0.8422717266813774
                ],
                [
                    0.5421287706246984,
                    -0.8402954218969381
                ],
                [
                    0.6122926050670844,
                    -0.7906312451327505
                ],
                [
                    0.6139331774507686,
                    -0.7893580009255642
                ],
                [
                    0.6147785636448767,
                    -0.7886997639677231
                ],
                [
                    0.6787264949021264,
                    -0.73439113905185
                ],
                [
                    0.9674262763961811,
                    -0.2531529176964387
                ],
                [
                    0.5279029212971761,
                    0.8493047189824788
                ],
                [
                    0.5207745958828064,
                    0.8536942194270146
                ],
                [
                    0.4121504229798784,
                    0.9111158152713119
                ],
                [
                    -0.41449020936906944,
                    0.910053771124094
                ],
                [
                    -0.4426708787192035,
                    0.896684165765164
                ],
                [
                    -0.5169835937385312,
                    0.855995305948107
                ],
                [
                    -0.5530352874303044,
                    0.8331578307000905
                ],
                [
                    -0.5574280503094586,
                    0.8302252518010975
                ],
                [
                    -0.562963936591247,
                    0.8264814614361815
                ],
                [
                    -0.5654726910624308,
                    0.8247670190196822
                ],
                [
                    -0.9111557480004536,
                    0.4120621347390872
                ],
                [
                    -0.9193930276382273,
                    0.39334013363781445
                ]
            ]
        },
        {
            "Type": "F",
            "Centroid": {
                "x": 99385.43494396552,
                "y": 443210.4678189655
            },
            "Distances": [
                8.642698369869779,
                7.755162403562328,
                9.325274333156445,
                7.857015651050137,
                8.391767941383014,
                7.62524877889723,
                8.174445758456256,
                7.264199223194876,
                7.624365265325045,
                7.243384399660497,
                7.072902377646064,
                7.1196950735743085,
                9.015891091946155,
                5.9286401833293585,
                5.864349866295438,
                6.270075642421316,
                6.206036928232395,
                2.879041946004904,
                3.4902354543346856,
                3.5163853564415155,
                7.618020288316705,
                7.600413442199975,
                8.986961241377665,
                9.402427511730643,
                8.92498255245938,
                9.400052232587244,
                6.704270322793946,
                10.947221112151569,
                10.551610826982696
            ],