{
    "Pand ID": "0599100000139203",
    "Archetype ID": "D.1965",
    "Construction Year": 1929,
    "Number of Floors": 2,
    "Wall Area": 220.9,
    "Roof Area (Flat)": 17.36,
    "Roof Area (Sloped)": 93.79,
    "Floor Area": 76.24,
    "Shared Wall Area": 0.0,
    "Absolute Height (70%)": 5.581583499908447,
    "Surfaces": [
        {
            "Type": "G",
            "Centroid": {
                "x": 98745.79749342105,
                "y": 434896.3991710526
            },
            "Distances": [
                5.132707590331905,
                5.022401024381035,
                6.096886085926532,
                5.8582757205525215,
                4.928733577821891,
                8.19084476701148,
                8.039010736943546,
                5.168284959078206,
                4.294332476456352,
                2.799528437245921,
                1.636430951916349,
                1.7767394286394806,
                10.354373238182824,
                9.841884463202247,
                9.515065558160435,
                9.682416724578834,
                2.056124534773742,
                2.212963123685646,
                1.7206081841817613
            ],
            "UnitPairs": [
                [
                    -0.5642964010851342,
                    -0.8255722692304807
                ],
                [
                    -0.5221344150559819,
                    -0.8528632086179752
                ],
                [
                    -0.5044162508053507,
                    -0.8634606221035639
                ],
                [
                    -0.4805797055887849,
                    -0.8769510514140437
                ],
                [
                    -0.4782909004556314,
                    -0.8782014658045962
                ],
                [
                    -0.4081835898675719,
                    -0.9128998614102327
                ],
                [
                    -0.012111990421920552,
                    -0.9999266471536897
                ],
                [
                    0.07829126725092092,
                    -0.9969305279066565
                ],
                [
                    0.9928508335887305,
                    0.11936172854882272
                ],
                [
                    0.960030104784331,
                    0.27989676294624494
                ],
                [
                    0.8779054058282758,
                    0.47883410323147446
                ],
                [
                    0.8294021932507659,
                    0.5586519505298617
                ],
                [
                    0.5479454379757372,
                    0.836514074598615
                ],
                [
                    0.41959764864052473,
                    0.9077102033442958
                ],
                [
                    0.15666014804042883,
                    0.9876525694878492
                ],
                [
                    -0.013154610534690947,
                    0.9999134743674977
                ],
                [
                    -0.6295184942142266,
                    0.7769854988622714
                ],
                [
                    -0.6721162251315839,
                    0.7404456630400843
                ],
                [
                    -0.8388710656542805,
                    0.5443301711351777
                ]
            ]
        },
        {
            "Type": "F",
            "Centroid": {
                "x": 98745.88275,
                "y": 434897.05265625
            },
            "Distances": [
                5.728093189479994,
                5.630655065094823,
                6.709036054084633,
                6.043519139303933,
                6.4767445979452605,
                5.548495901992049,
                8.850418511979795,
                8.824234008542355,
                8.693824598519766,
                5.81468380694171,
                4.1807501972676295,
                1.0125029132917782,
                2.605624689861462,
                1.357622471234077,
                2.5979817093117763,
                1.4291849816926223,
                9.76521892480114,
                2.993055048651549,
                3.0336103633537177,
                2.848921093880457,
                9.215037799659232,
                6.841619679337264,
                8.417162416675946,
                8.856311557232877,
                9.030597219922988,
                0.6076645553749124,
                1.069447357014119,
                1.6717290897063546,
                1.8556829165886644,
                1.6602688673545594,
                1.813847057881119,
                1.5546177864228121
            ],