{
    "Pand ID": "0599100000661455",
    "Archetype ID": "D.1965",
    "Construction Year": 1886,
    "Number of Floors": 3,
    "Wall Area": 280.03,
    "Roof Area (Flat)": 15.03,
    "Roof Area (Sloped)": 82.65,
    "Floor Area": 79.56,
    "Shared Wall Area": 0.0,
    "Absolute Height (70%)": 8.845221519470215,
    "Surfaces": [
        {
            "Type": "G",
            "Centroid": {
                "x": 86320.423125,
                "y": 434163.9905
            },
            "Distances": [
                9.518413970623865,
                9.427241352372898,
                3.7670650731850213,
                3.4874668837905296,
                5.20208753920324,
                5.160862816969829,
                3.532024704809054,
                3.777545501444726
            ],
            "UnitPairs": [
                [
                    -0.7377148148501453,
                    -0.675112473555789
                ],
                [
                    -0.17840584929821218,
                    -0.9839569873404953
                ],
                [
                    0.9920521486611708,
                    0.12582739899065884
                ],
                [
                    0.9809770569849995,
                    0.19412370712782406
                ],
                [
                    0.862562378311478,
                    0.5059507323066612
                ],
                [
                    -0.03330353975595798,
                    0.9994452832645334
                ],
                [
                    -0.3504717841641176,
                    0.9365732905143197
                ],
                [
                    -0.405521256968239,
                    0.9140856142325506
                ]
            ]
        },
        {
            "Type": "F",
            "Centroid": {
                "x": 86320.01447222222,
                "y": 434163.6877222222
            },
            "Distances": [
                3.863675321193633,
                7.914050198382928,
                9.01268875214096,
                3.6564301638481176,
                8.517495177444223,
                9.063101669725416,
                4.085715426127667,
                4.217920945072046,
                3.9531205801273392,
                4.4929610366405415,
                4.456770690520138,
                5.6487406157044,
                2.843232469716196,
                5.4659086760469595,
                3.601133060745666,
                3.913939687435591,
                3.7047706615174985,
                3.920139650164952
            ],
            "UnitPairs": [
                [
                    -0.968824218146385,
                    -0.24774913588758624
                ],
                [
                    -0.764112189160956,
                    -0.6450833762977087
                ],
                [
                    -0.7337679580526155,
                    -0.6794001646565115
                ],
                [
                    -0.7327426211276898,
                    -0.6805058788746228
                ],
                [
                    -0.45649831801644003,
                    -0.8897242750696203
                ],
                [
                    -0.1404841596866159,
                    -0.9900829262628182
                ],
                [
                    0.9894907883029112,
                    0.14459591924976226
                ],
                [
                    0.9828960361684564,
                    0.18416129366491896
                ],
                [
                    0.9687986238086589,
                    0.24784920114143738
                ],
                [
                    0.93163010843882,
                    0.3634079540272512
                ],
                [
                    0.9284251008432935,
                    0.3715196254898524
                ],
                [
                    0.8481143149773278,
                    0.5298132772312695
                ],
                [
                    0.5791920974850467,
                    0.8151910906105834
                ],
                [
                    0.04331901460798179,
                    0.9990612908993088
                ],
                [
                    -0.0361614580835247,
                    0.9993459605908623
                ],
                [
                    -0.17609423682120073,
                    0.9843733132091498
                ],
                [
                    -0.22382552065529002,
                    0.9746292301708318
                ],
                [
                    -0.286526073674377,
                    0.9580724446015267
                ]
            ]
        },
        {
            "Type": "R",
            "Centroid": {
                "x": 86316.12625,
                "y": 434156.1095
            },
            "Distances": [
                0.0
            ],
            "UnitPairs": [
                [
                    0.0,
                    0.0
                ]
            ]
        }
    ],
    "Annual Heating [kWh/m2]": 298.18393612325525,
    "Annual Cooling [kWh/m2]": 1.6726191713317171
}