{
    "Pand ID": "0599100015001755",
    "Archetype ID": "D.1975-1991",
    "Construction Year": 1978,
    "Number of Floors": 2,
    "Wall Area": 171.05,
    "Roof Area (Flat)": 25.52,
    "Roof Area (Sloped)": 100.77,
    "Floor Area": 108.78,
    "Shared Wall Area": 82.72,
    "Absolute Height (70%)": 7.147250175476074,
    "Surfaces": [
        {
            "Type": "G",
            "Centroid": {
                "x": 75954.87787499999,
                "y": 435554.63550000003
            },
            "Distances": [
                8.137492154371198,
                5.731613085557573,
                6.534576616953337,
                6.261457702706308,
                5.151245535096118,
                6.009238268093069,
                3.6880968754460994,
                4.761297991363911,
                7.1978447859358985,
                6.70330571898832,
                10.599899955274948,
                10.004568359584976,
                3.5842302608106227,
                7.142390955551906,
                6.298054744321214,
                5.021579090525868
            ],
            "UnitPairs": [
                [
                    -0.8191712967018565,
                    -0.5735489400738171
                ],
                [
                    -0.47386310964431333,
                    -0.8805985199386958
                ],
                [
                    -0.4525159277072707,
                    -0.89175632051095
                ],
                [
                    0.15954751232518485,
                    -0.9871902508183744
                ],
                [
                    0.25624870548562484,
                    -0.9666108839325892
                ],
                [
                    0.4389907476315482,
                    -0.8984915823166594
                ],
                [
                    0.5257454089418278,
                    -0.8506419722636489
                ],
                [
                    0.6670449960845577,
                    -0.7450174314729505
                ],
                [
                    0.7450841410857447,
                    0.6669704811327994
                ],
                [
                    0.65713846043466,
                    0.7537698878421484
                ],
                [
                    0.6077415850316261,
                    0.7941348536761542
                ],
                [
                    0.20420671103194632,
                    0.9789277905798339
                ],
                [
                    0.028736993024409963,
                    0.9995870073344867
                ],
                [
                    -0.692485195892513,
                    0.72143208514018
                ],
                [
                    -0.9822080390106585,
                    0.18779608117007363
                ],
                [
                    -0.9871396846755176,
                    0.1598600729973551
                ]
            ]
        },
        {
            "Type": "F",
            "Centroid": {
                "x": 75955.066555,
                "y": 435554.96125
            },
            "Distances": [
                8.480370681877126,
                6.107887924810416,
                6.910478396051914,
                6.0753022264376275,
                6.557260670597514,
                5.424288888170211,
                5.646730337325929,
                6.22694093934831,
                3.8802047758197373,
                4.128886467614325,
                4.89123806230244,
                4.9036526734943715,
                6.840994990688071,
                4.757611192858109,
                6.33418371555976,
                10.226655123857892,
                9.647876795558242,
                4.472586234237868,
                4.522386089475761,
                3.336726327186395,
                3.258126772037978,
                7.047330537326514,
                6.405573334404424,
                6.020590291859544,
                5.167741446940606
            ],
            "UnitPairs": [
                [
                    -0.8082995728774829,
                    -0.5887714331436934
                ],
                [
                    -0.4755620986770282,
                    -0.8796821529972633
                ],
                [
                    -0.45520437511224027,
                    -0.8903869815303201
                ],
                [
                    -0.45078909623486496,
                    -0.8926304894612068
                ],
                [
                    0.12357599319225317,
                    -0.9923351116969249
                ],
                [
                    0.20856558773403483,
                    -0.9780083821793946
                ],
                [
                    0.2718953993334267,
                    -0.9623268113387033
                ],
                [
                    0.3933424170642693,
                    -0.919392050725934
                ],
                [
                    0.4510895947810232,
                    -0.8924786706024365
                ],
                [
                    0.5023921137745064,
                    -0.8646399042475331
                ],
                [
                    0.6107492544727966,
                    -0.7918240638935667
                ],
                [
                    0.7639855938902483,
                    0.64523330069686
                ],
                [
                    0.7563695057567275,
                    0.6541446099765126
                ],
                [
                    0.7239599581330863,
                    0.6898419956917236
                ],
                [
                    0.6656453600540482,
                    0.7462682189658866
                ],
                [
                    0.6114726588755732,
                    0.7912655606353892
                ],
                [
                    0.19219980098131612,
                    0.9813558154424635
                ],
                [
                    0.10470899284510964,
                    0.9945029043785456
                ],
                [
                    0.06773415491915281,
                    0.9977034049542921
                ],
                [
                    0.032163261074521415,
                    0.9994826284818822
                ],
                [
                    -0.026297319287604995,
                    0.9996541656984608
                ],
                [
                    -0.7285992863264713,
                    0.6849402017435952
                ],
                [
                    -0.9872152998447085,
                    0.15939244571974706
                ],
                [
                    -0.9925405500658179,
                    0.12191495591207788
                ],
                [
                    -0.995730930588213,
                    0.09230337951522258
                ]
            ]
        },
        {
            "Type": "R",
            "Centroid": {
                "x": 75955.354375,
                "y": 435558.85275
            },
            "Distances": [
                0.5850405968884007,
                0.5850405968884007
            ],
            "UnitPairs": [
                [
                    -0.3085255979879344,
                    -0.9512160403326825
                ],
                [
                    0.3085255979879344,
                    0.9512160403326825
                ]
            ]
        }
    ],
    "Annual Heating [kWh/m2]": 318.04505242690914,
    "Annual Cooling [kWh/m2]": 1.2035444058320173
}