{
    "Pand ID": "0599100000430863",
    "Archetype ID": "D.2006-2014",
    "Construction Year": 2006,
    "Number of Floors": 3,
    "Wall Area": 298.04,
    "Roof Area (Flat)": 40.12,
    "Roof Area (Sloped)": 113.63,
    "Floor Area": 126.44,
    "Shared Wall Area": 0.0,
    "Absolute Height (70%)": 2.8739683628082275,
    "Surfaces": [
        {
            "Type": "G",
            "Centroid": {
                "x": 92698.13854435485,
                "y": 441596.4743629032
            },
            "Distances": [
                3.192585932854643,
                3.624569042676297,
                3.757064258410025,
                3.79754498835536,
                3.848923561703289,
                3.879760788664557,
                3.667226965433043,
                3.492652901937269,
                4.4737543088454075,
                4.273106289109893,
                3.924301549099245,
                4.1225984723508216,
                3.5023426035342085,
                8.117748919429436,
                8.100446298091006,
                8.802591379977398,
                8.993707303865863,
                7.675136705921,
                7.969537215078285,
                10.39455474397956,
                8.968955572853119,
                5.763554685809612,
                5.531045546909419,
                5.684250956728408,
                6.623368390950363,
                4.688033710183477,
                3.6519231658917772,
                3.67763307953273,
                3.025367320268895,
                2.9812819016922285,
                3.241455876102854
            ],
            "UnitPairs": [
                [
                    -0.9999478234852153,
                    -0.010215199811110479
                ],
                [
                    -0.98975059175662,
                    -0.1428067439493683
                ],
                [
                    -0.9846569290275817,
                    -0.17450138142138572
                ],
                [
                    -0.9810072997862571,
                    -0.19397081678973435
                ],
                [
                    -0.9809026587099783,
                    -0.19449929083597164
                ],
                [
                    -0.9795499160525687,
                    -0.20120129711660814
                ],
                [
                    -0.9755107574640772,
                    -0.2199517266853397
                ],
                [
                    -0.9369437635884602,
                    -0.3494801623450056
                ],
                [
                    -0.8874915967084834,
                    -0.4608238988722554
                ],
                [
                    -0.4051898636980747,
                    -0.9142325603238682
                ],
                [
                    -0.3079323389733256,
                    -0.9514082586431636
                ],
                [
                    -0.24048409310190458,
                    -0.9706530796144183
                ],
                [
                    -0.1557298690025151,
                    -0.9877996800467489
                ],
                [
                    0.47520324703840783,
                    -0.8798760560466197
                ],
                [
                    0.4799217848120786,
                    -0.8773112791152232
                ],
                [
                    0.9901153272856648,
                    -0.14025561904608616
                ],
                [
                    0.9943152854571897,
                    -0.10647588039639538
                ],
                [
                    0.9999275503757846,
                    0.012037192342186826
                ],
                [
                    0.9984997159064082,
                    0.05475689303477841
                ],
                [
                    0.9603663544065918,
                    0.27874085693308864
                ],
                [
                    0.39531700389749536,
                    0.9185447547232022
                ],
                [
                    0.2355457212018617,
                    0.9718632687901599
                ],
                [
                    0.21525417483126214,
                    0.9765580577813653
                ],
                [
                    0.16599911797247047,
                    0.9861259011061223
                ],
                [
                    -0.04248885736518755,
                    0.9990969407418885
                ],
                [
                    -0.9369427837737749,
                    0.3494827891817413
                ],
                [
                    -0.9670026433805956,
                    0.25476633940719245
                ],
                [
                    -0.9713909130085165,
                    0.23748619775574484
                ],
                [
                    -0.9914232016565927,
                    0.13069060875591224
                ],
                [
                    -0.9926667294227515,
                    0.12088326723388151
                ],
                [
                    -0.999988733070057,
                    0.00474697092283971
                ]
            ]
        },
        {
            "Type": "F",
            "Centroid": {
                "x": 92698.42104500001,
                "y": 441596.21317
            },
            "Distances": [
                2.6144249889513547,
                3.878405861032006,
                4.001406505570189,
                4.16403427253209,
                4.036018694555806,
                4.087088570470701,
                4.115827117697315,
                3.898264406476128,
                3.682111207284598,
                4.618315786381169,
                4.16472817155699,
                3.7789605849851613,
                4.3255104326471105,
                3.9514065777546854,
                3.3038374691614947,
                2.848474311382241,
                3.7824846202915943,
                7.754684920913005,
                7.736690298979783,
                5.325198120513522,
                4.96727559356998,
                4.413895325310015,
                7.2171755432896845,
                8.48907443615539,
                8.68803697176846,
                1.6365548273088029,
                7.400531436502161,
                7.70671595836154,
                0.849969330504719,
                10.201381260526992,
                1.0146057277471376,
                0.7679946762747688,
                9.10442481778995,
                2.930312881372674,
                5.960339022486091,
                5.734929950996067,
                5.390930170474357,
                5.903709652680191,
                6.9016569447530385,
                0.5832375355174075,
                0.6975011274466548,
                5.0461154547777864,
                2.984623685299937,
                3.679934453596385,
                3.995728802454731,
                4.018417596867312,
                3.3469532687011028,
                3.300970612236138,
                3.534757228276304,
                3.482429873357453
            ],