{
    "Pand ID": "0599100100005050",
    "Archetype ID": "D.2006-2014",
    "Construction Year": 2012,
    "Number of Floors": 3,
    "Wall Area": 255.35,
    "Roof Area (Flat)": 0.0,
    "Roof Area (Sloped)": 143.1,
    "Floor Area": 106.12,
    "Shared Wall Area": 35.4,
    "Absolute Height (70%)": 10.414965629577637,
    "Surfaces": [
        {
            "Type": "G",
            "Centroid": {
                "x": 68730.12581249999,
                "y": 445469.35530000005
            },
            "Distances": [
                8.086923521336443,
                8.447490612065856,
                7.6524004103539855,
                3.3308110783710236,
                7.251655441288293
            ],
            "UnitPairs": [
                [
                    -0.9988965493096557,
                    -0.04696470778427729
                ],
                [
                    0.3736020724894146,
                    -0.9275890746616275
                ],
                [
                    0.9884480155767414,
                    -0.151560286692794
                ],
                [
                    0.32394512166092454,
                    0.9460758733590499
                ],
                [
                    -0.5131242142041706,
                    0.8583143601253286
                ]
            ]
        },
        {
            "Type": "F",
            "Centroid": {
                "x": 68729.53086805555,
                "y": 445469.21927777777
            },
            "Distances": [
                7.487025313996287,
                7.32387957658761,
                7.365308226722895,
                5.970974147877121,
                6.03719291348591,
                8.446408431153552,
                8.51517119598513,
                3.9611849163392887,
                7.326265066878188,
                7.436680356122729,
                8.13769745261173,
                6.35796266698169,
                6.391757317683032,
                3.688891424476297,
                7.014032906136396,
                7.054000153354716,
                7.014322359524498,
                7.050119088631416
            ],
            "UnitPairs": [
                [
                    -0.9994697816185881,
                    -0.032560031193041294
                ],
                [
                    -0.9993413298254344,
                    -0.036289206421912225
                ],
                [
                    -0.9990152929182419,
                    -0.044367155819135654
                ],
                [
                    -0.9789115495709413,
                    -0.20428455183057434
                ],
                [
                    -0.9766220228580966,
                    -0.21496377478207662
                ],
                [
                    0.44266678256416575,
                    -0.8966861879243427
                ],
                [
                    0.44684297671452244,
                    -0.8946124044304912
                ],
                [
                    0.7828325387332776,
                    -0.6222324455542408
                ],
                [
                    0.8914425542653458,
                    -0.4531337246827651
                ],
                [
                    0.899856404200649,
                    -0.43618625817313217
                ],
                [
                    0.9906911004485828,
                    -0.13612914269904114
                ],
                [
                    0.999997133903578,
                    0.0023941981182536575
                ],
                [
                    0.9997163732697019,
                    0.023815394526944724
                ],
                [
                    0.45377980857527006,
                    0.8911138453247102
                ],
                [
                    -0.4354207624086095,
                    0.9002270600595748
                ],
                [
                    -0.4386242540816609,
                    0.8986705535018417
                ],
                [
                    -0.446808030043716,
                    0.8946298588178543
                ],
                [
                    -0.4493619917228053,
                    0.8933497637515295
                ]
            ]
        },
        {
            "Type": "R",
            "Centroid": {
                "x": 68727.11881249999,
                "y": 445470.3965
            },
            "Distances": [
                0.0
            ],
            "UnitPairs": [
                [
                    0.0,
                    0.0
                ]
            ]
        }
    ],
    "Annual Heating [kWh/m2]": 113.42124567288056,
    "Annual Cooling [kWh/m2]": 0.29752495399994405
}