{
    "Pand ID": "0599100000285788",
    "Archetype ID": "D.1965",
    "Construction Year": 1932,
    "Number of Floors": 3,
    "Wall Area": 270.93,
    "Roof Area (Flat)": 3.16,
    "Roof Area (Sloped)": 218.44,
    "Floor Area": 109.67,
    "Shared Wall Area": 0.0,
    "Absolute Height (70%)": 3.3847129344940186,
    "Surfaces": [
        {
            "Type": "G",
            "Centroid": {
                "x": 94159.67934375,
                "y": 441414.31015624997
            },
            "Distances": [
                5.808074579611169,
                7.588187654817235,
                6.387523811870508,
                6.317300902837701,
                6.320828892205718,
                6.141846201216333,
                5.738627395521749,
                5.835684268736594,
                6.877790997796961,
                5.630961563956693,
                5.586433293885698,
                4.967519156691131,
                3.9340301945909615,
                3.984797674878751,
                5.37937217036123,
                5.372898764612576,
                5.27667501935259,
                5.073572953040136,
                5.940639144684428,
                6.539736850380974,
                5.652672101297027,
                5.613631980294584,
                6.0589397492373935,
                6.056817528406773,
                7.273647551129863,
                6.912362580733632,
                5.552325577850529,
                7.2708697346285955,
                7.375387952348533,
                6.461087593049559,
                7.1357029049315495,
                5.240782146754651
            ],
            "UnitPairs": [
                [
                    -0.9952039476725442,
                    -0.09782178968401696
                ],
                [
                    -0.9528255070777926,
                    -0.30351862061815493
                ],
                [
                    -0.6384663087160466,
                    -0.7696497727112676
                ],
                [
                    -0.6338496157763976,
                    -0.7734563107119322
                ],
                [
                    -0.6107140085325536,
                    -0.7918512485196321
                ],
                [
                    -0.5679430314151305,
                    -0.8230678666227907
                ],
                [
                    -0.5628904836239137,
                    -0.8265314896878622
                ],
                [
                    -0.46767758917665064,
                    -0.883899130320828
                ],
                [
                    -0.10166327389476769,
                    -0.9948188673024841
                ],
                [
                    0.05590186443652258,
                    -0.9984362681476072
                ],
                [
                    0.06350764993328216,
                    -0.997981351729556
                ],
                [
                    0.18777607505375268,
                    -0.982211863926214
                ],
                [
                    0.6087348422719258,
                    -0.7933737403041354
                ],
                [
                    0.9131658736259668,
                    -0.4075881343279326
                ],
                [
                    0.996544035293563,
                    0.08306615267858569
                ],
                [
                    0.9964418621213178,
                    0.08428294852578716
                ],
                [
                    0.9947137602284907,
                    0.10268658730378076
                ],
                [
                    0.9893976683609957,
                    0.14523172463971165
                ],
                [
                    0.9636641968266151,
                    0.2671166706787785
                ],
                [
                    0.9451116140292467,
                    0.32674766567954594
                ],
                [
                    0.7496952191899524,
                    0.6617832563035493
                ],
                [
                    0.7126903338232625,
                    0.7014787866178752
                ],
                [
                    0.708173612475804,
                    0.7060383379059312
                ],
                [
                    0.7061103013153022,
                    0.7081018587579142
                ],
                [
                    0.10046970860988419,
                    0.9949401176210783
                ],
                [
                    0.06477976882249738,
                    0.9978995849038639
                ],
                [
                    -0.12773363882668295,
                    0.9918085084894637
                ],
                [
                    -0.3239253123715859,
                    0.9460826560110752
                ],
                [
                    -0.3320799889882537,
                    0.943251228948874
                ],
                [
                    -0.8799166809192052,
                    0.4751280192118012
                ],
                [
                    -0.976808990350584,
                    0.21411257872967804
                ],
                [
                    -0.9998924975811938,
                    0.014662649175448518
                ]
            ]
        },
        {
            "Type": "F",
            "Centroid": {
                "x": 94159.56253079709,
                "y": 441414.84576811595
            },