{
    "Pand ID": "0599100015001623",
    "Archetype ID": "D.1975-1991",
    "Construction Year": 1989,
    "Number of Floors": 2,
    "Wall Area": 210.38,
    "Roof Area (Flat)": 0.0,
    "Roof Area (Sloped)": 201.28,
    "Floor Area": 143.85,
    "Shared Wall Area": 0.0,
    "Absolute Height (70%)": 7.23238468170166,
    "Surfaces": [
        {
            "Type": "G",
            "Centroid": {
                "x": 75432.67247916666,
                "y": 436799.0715
            },
            "Distances": [
                6.967987311521598,
                7.67606688611723,
                7.408121636006592,
                6.661782744895859,
                7.254550101411695,
                6.246413811707897,
                5.684875006578961,
                10.201428846334904,
                9.855809420846864,
                5.09157544449755,
                6.623196434222528,
                7.581112418821797
            ],
            "UnitPairs": [
                [
                    -0.9992364158221501,
                    -0.03907154072855696
                ],
                [
                    -0.9929130086715495,
                    -0.11884341467162333
                ],
                [
                    -0.20405532480876026,
                    -0.9789593578985755
                ],
                [
                    -0.12048826828982939,
                    -0.992714751177053
                ],
                [
                    -0.02517959957636506,
                    -0.9996829436202129
                ],
                [
                    0.9825371034245789,
                    -0.18606676327070998
                ],
                [
                    0.9933962183523835,
                    -0.11473427283590378
                ],
                [
                    0.9486252836843693,
                    0.3164017559286765
                ],
                [
                    0.42384477570198575,
                    0.9057348431578269
                ],
                [
                    0.03875683184812456,
                    0.9992486717454752
                ],
                [
                    -0.17856433497114807,
                    0.9839282383773278
                ],
                [
                    -0.9988859481701939,
                    0.04718964450102052
                ]
            ]
        },
        {
            "Type": "F",
            "Centroid": {
                "x": 75433.27705640245,
                "y": 436799.18103048776
            },
            "Distances": [
                7.576868523341436,
                8.289458613666387,
                5.669119524292945,
                5.46639607591461,
                7.659915156486975,
                6.868486943076608,
                7.403753434027535,
                2.7513356596740377,
                4.251380976225781,
                3.768562799100884,
                5.079327064102941,
                5.3049581994190405,
                2.7277618065570293,
                4.815879628360352,
                5.062727464067911,
                3.180287149174702,
                3.6785314189135527,
                4.774065387783302,
                5.677042860858564,
                5.099970448047199,
                5.686599447666094,
                0.9027561242399698,
                9.593653951026496,
                0.8445741951696137,
                8.856103812755114,
                7.0736731349330215,
                8.776233243093728,
                9.340323904696746,
                1.4362567999921876,
                5.438302802914557,
                5.780831085176477,
                4.9948490576197395,
                6.6490874037988945,
                5.886879900425127,
                5.558865019319011,
                5.023134538908187,
                3.9940794855778377,
                4.635442527432636,
                3.796929829780364,
                6.852881232095879,
                8.181010375644568
            ],