{
    "Pand ID": "0599100000420992",
    "Archetype ID": "D.1992-2005",
    "Construction Year": 2005,
    "Number of Floors": 3,
    "Wall Area": 481.01,
    "Roof Area (Flat)": 241.41,
    "Roof Area (Sloped)": 0.0,
    "Floor Area": 216.9,
    "Shared Wall Area": 0.0,
    "Absolute Height (70%)": 3.827130079269409,
    "Surfaces": [
        {
            "Type": "G",
            "Centroid": {
                "x": 93540.3531875,
                "y": 442416.7799444444
            },
            "Distances": [
                2.4041293822090912,
                2.4930282740683727,
                2.421165072567195,
                2.053363521900025,
                4.397728287009312,
                4.154574744638504,
                8.899555312085441,
                8.885153426907033,
                9.03239141321887,
                9.905313354041725,
                4.693262342928913,
                4.480961054864721,
                7.812550286256086,
                11.955321538410134,
                11.889854282710886,
                11.946963257943473,
                14.33400097195925,
                9.250887157319994
            ],
            "UnitPairs": [
                [
                    -0.9907952615299893,
                    -0.13536893930928168
                ],
                [
                    -0.9859495079000886,
                    -0.16704361068766735
                ],
                [
                    -0.979693630508209,
                    -0.2005003499788589
                ],
                [
                    -0.8956037157539198,
                    -0.44485276702272186
                ],
                [
                    -0.8754519944714512,
                    -0.48330508519563325
                ],
                [
                    -0.769272475873801,
                    -0.6389208541462645
                ],
                [
                    -0.7627347392046072,
                    -0.6467114639547377
                ],
                [
                    -0.7572182129830531,
                    -0.6531619844470065
                ],
                [
                    -0.756278120322426,
                    -0.6542502615372637
                ],
                [
                    -0.22008390063884736,
                    -0.9754809463436945
                ],
                [
                    0.8938345426849652,
                    -0.448396933869043
                ],
                [
                    0.8977984746449666,
                    -0.44040651553442184
                ],
                [
                    0.9643457928524999,
                    0.2646454076829661
                ],
                [
                    0.8767643736161317,
                    0.48092019416688286
                ],
                [
                    0.8703218520554311,
                    0.49248337417095034
                ],
                [
                    0.869425960031825,
                    0.4940632550825242
                ],
                [
                    -0.007883353727867776,
                    0.9999689258842004
                ],
                [
                    -0.8898606003954804,
                    0.456232519515866
                ]
            ]
        },
        {
            "Type": "F",
            "Centroid": {
                "x": 93540.66013988096,
                "y": 442417.0581190476
            },
            "Distances": [
                2.7558702548683196,
                2.8508695673889406,
                2.7856596901406983,
                2.4546013069262607,
                4.801836900975168,
                4.568471282814223,
                9.313587284159977,
                9.45832328615972,
                9.299281974575996,
                9.446533420833427,
                10.246991714399377,
                4.5600205935806075,
                4.344973905853878,
                7.445273768012284,
                11.552817992861392,
                11.609044222780788,
                11.486070501949197,
                11.54300745472655,
                6.16504311225965,
                14.06165330672424,
                9.405109001907848
            ],
            "UnitPairs": [
                [
                    -0.9757180608199062,
                    -0.21903028509738512
                ],
                [
                    -0.9698628139921106,
                    -0.24365164074002219
                ],
                [
                    -0.9616940613522349,
                    -0.2741250305241094
                ],
                [
                    -0.8742570025142068,
                    -0.485463380240852
                ],
                [
                    -0.8657004531151833,
                    -0.5005624091720894
                ],
                [
                    -0.7667668600964835,
                    -0.6419256828152147
                ],
                [
                    -0.7617851386888003,
                    -0.6478297634972364
                ],
                [
                    -0.7599605303701296,
                    -0.6499692241018427
                ],
                [
                    -0.7565049000761314,
                    -0.6539880244781263
                ],
                [
                    -0.7556160617837974,
                    -0.6550147839357098
                ],
                [
                    -0.24270073112935353,
                    -0.9701012086938543
                ],
                [
                    0.8526381710890215,
                    -0.522501817414991
                ],
                [
                    0.855251999106581,
                    -0.5182123290931979
                ],
                [
                    0.9706893049515781,
                    0.2403378315052008
                ],
                [
                    0.8807416186541923,
                    0.4735970873753273
                ],
                [
                    0.8797492216451852,
                    0.4754380159544363
                ],
                [
                    0.8741934517414439,
                    0.48557780934921185
                ],
                [
                    0.8732600804932641,
                    0.48725438101355034
                ],
                [
                    0.40551989232250085,
                    0.9140862196372654
                ],
                [
                    -0.02986507857865652,
                    0.9995539390555623
                ],
                [
                    -0.9079057328548826,
                    0.41917440314174553
                ]
            ]
        },
        {
            "Type": "R",
            "Centroid": {
                "x": 93538.99880288463,
                "y": 442414.4928846154
            },
            "Distances": [
                1.8779027345849246,
                6.446228974230603,
                6.421892483156772,
                6.566200299468386,
                7.421451272372267,
                5.552388493973081,
                5.386522060771731,
                9.89778036827596,
                9.196043421140562,
                1.4565957901561946,
                2.214481495941148,
                2.0691445249666867,
                2.500842993980959
            ],