{
    "Pand ID": "0599100000210938",
    "Archetype ID": "D.1965",
    "Construction Year": 1925,
    "Number of Floors": 2,
    "Wall Area": 189.52,
    "Roof Area (Flat)": 47.83,
    "Roof Area (Sloped)": 93.78,
    "Floor Area": 103.26,
    "Shared Wall Area": 0.0,
    "Absolute Height (70%)": 0.8366230726242065,
    "Surfaces": [
        {
            "Type": "G",
            "Centroid": {
                "x": 92131.21554166666,
                "y": 442015.778375
            },
            "Distances": [
                5.869587348552599,
                5.833046393231007,
                5.410127160455437,
                5.5756613786002855,
                5.142368177748888,
                4.517356857230065,
                4.529464259206891,
                4.01250849121754,
                3.5382580542901456,
                3.5526841930442057,
                3.9832968726519256,
                4.536195043817175,
                3.9206643432200394,
                2.915454277167294,
                4.473848154440469,
                2.9559906927549053,
                5.83878241238115,
                9.870190131190238,
                8.6606900355974,
                8.844203915133289,
                9.66055168675934,
                6.6247526539214805,
                5.8239944605191285,
                6.169494568083944
            ],
            "UnitPairs": [
                [
                    -0.9840200551890439,
                    -0.17805766196867515
                ],
                [
                    -0.9826411929993771,
                    -0.18551626834528823
                ],
                [
                    -0.9583493165478252,
                    -0.28559864753236575
                ],
                [
                    -0.8995868518694093,
                    -0.43674190999225765
                ],
                [
                    -0.7593372414594031,
                    -0.6506972827151073
                ],
                [
                    -0.6718069354666781,
                    -0.7407262932142143
                ],
                [
                    -0.5355581869805013,
                    -0.8444983293992703
                ],
                [
                    -0.521317692222774,
                    -0.8533626800930076
                ],
                [
                    -0.5044266526860727,
                    -0.8634545454509602
                ],
                [
                    -0.4843638142775997,
                    -0.8748666729384854
                ],
                [
                    -0.18421716736614516,
                    -0.982885565692972
                ],
                [
                    0.005557153760720244,
                    -0.9999845589018261
                ],
                [
                    0.14518160278776396,
                    -0.9894050243514917
                ],
                [
                    0.7982318061267306,
                    -0.6023503828235336
                ],
                [
                    0.8375805802935342,
                    -0.5463138031526813
                ],
                [
                    0.8681381641810616,
                    -0.4963226046558187
                ],
                [
                    0.9999016782954305,
                    0.01402261537593526
                ],
                [
                    0.9162141978163684,
                    0.40068883652992954
                ],
                [
                    0.719712668127589,
                    0.6942720470656059
                ],
                [
                    0.7180079060002651,
                    0.6960349466234539
                ],
                [
                    0.21108611593451798,
                    0.9774674683382969
                ],
                [
                    -0.04555515993174782,
                    0.9989618247979214
                ],
                [
                    -0.055939556411170335,
                    0.9984341570822393
                ],
                [
                    -0.11456232902981672,
                    0.9934160622655867
                ]
            ]
        },
        {
            "Type": "F",
            "Centroid": {
                "x": 92131.38819827588,
                "y": 442016.2944224138
            },
            "Distances": [
                3.9476954154022,
                2.8809494046438076,
                6.149902129006992,
                6.116916257937984,
                5.74026861288704,
                5.969037956592194,
                3.357908101308349,
                4.643380303686232,
                1.6881848106231383,
                5.616222947521223,
                5.0203685319184785,
                3.3698120775140983,
                4.660713744697798,
                5.059418085960614,
                4.544522488047339,
                4.072453334486498,
                4.088981787465865,
                3.8786146197749565,
                4.5229346046272605,
                5.054323603882089,
                4.302070458571632,
                4.41302547203527,
                1.4021789532097124,
                1.3574354965451352,
                3.1312714046919146,
                3.1083858638957196,
                4.641124944218472,
                2.452985659234018,
                5.682163498499939,
                5.256491312674574,
                4.917649528558814,
                2.6656031645152805,
                2.241190952547688,
                2.2164224177997003,
                1.8543492091015723,
                9.513791203196517,
                3.0365967661783286,
                3.785017312810487,
                1.9806166375850125,
                4.596697966615741,
                8.182016909868477,
                8.364795305699404,
                3.751240997825505,
                2.7618534611530983,
                2.103170330123103,
                2.092519168838006,
                9.119883008710136,
                5.9524378972464005,
                4.831441958985366,
                6.1202451795673,
                5.322219881995888,
                5.681308192851602,
                2.117651274500522,
                2.927838944658505,
                2.433240203088958,
                3.422689558958776,
                1.6859172341328341,
                1.9844778144895803
            ],