{
    "Pand ID": "0599100100014676",
    "Archetype ID": "D.2015-2018",
    "Construction Year": 2016,
    "Number of Floors": 2,
    "Wall Area": 336.22,
    "Roof Area (Flat)": 148.52,
    "Roof Area (Sloped)": 0.0,
    "Floor Area": 148.52,
    "Shared Wall Area": 0.0,
    "Absolute Height (70%)": 8.236989974975586,
    "Surfaces": [
        {
            "Type": "G",
            "Centroid": {
                "x": 67991.94081249999,
                "y": 445131.18
            },
            "Distances": [
                10.25824333158608,
                10.259440688960563,
                10.25775054531011,
                10.260403854145716
            ],
            "UnitPairs": [
                [
                    -0.8701294862550414,
                    -0.49282317026448497
                ],
                [
                    -0.26892304206794415,
                    -0.9631616673461018
                ],
                [
                    0.8701712876111771,
                    0.49274935841369305
                ],
                [
                    0.2688977977110226,
                    0.9631687154316018
                ]
            ]
        },
        {
            "Type": "F",
            "Centroid": {
                "x": 67991.94081249999,
                "y": 445131.18
            },
            "Distances": [
                10.25824333158608,
                10.259440688960563,
                10.25775054531011,
                10.260403854145716
            ],
            "UnitPairs": [
                [
                    -0.8701294862550414,
                    -0.49282317026448497
                ],
                [
                    -0.26892304206794415,
                    -0.9631616673461018
                ],
                [
                    0.8701712876111771,
                    0.49274935841369305
                ],
                [
                    0.2688977977110226,
                    0.9631687154316018
                ]
            ]
        },
        {
            "Type": "R",
            "Centroid": {
                "x": 67991.94081249999,
                "y": 445131.18
            },
            "Distances": [
                10.25824333158608,
                10.259440688960563,
                10.25775054531011,
                10.260403854145716
            ],
            "UnitPairs": [
                [
                    -0.8701294862550414,
                    -0.49282317026448497
                ],
                [
                    -0.26892304206794415,
                    -0.9631616673461018
                ],
                [
                    0.8701712876111771,
                    0.49274935841369305
                ],
                [
                    0.2688977977110226,
                    0.9631687154316018
                ]
            ]
        }
    ],
    "Annual Heating [kWh/m2]": 138.03012334303446,
    "Annual Cooling [kWh/m2]": 0.32473192722088234
}