{
    "Pand ID": "0599100000022538",
    "Archetype ID": "D.1965",
    "Construction Year": 1955,
    "Number of Floors": 2,
    "Wall Area": 217.64,
    "Roof Area (Flat)": 35.19,
    "Roof Area (Sloped)": 61.72,
    "Floor Area": 89.89,
    "Shared Wall Area": 22.53,
    "Absolute Height (70%)": 3.3705477714538574,
    "Surfaces": [
        {
            "Type": "G",
            "Centroid": {
                "x": 92432.50159821428,
                "y": 441155.95878571423
            },
            "Distances": [
                5.073749460877429,
                4.367436730115477,
                4.35703659353922,
                5.108570112244964,
                6.699995299988505,
                9.051413118880165,
                9.511187511443476,
                3.266766425327216,
                3.293230115260355,
                5.410277417573503,
                3.991651289960157,
                3.4941488263167084,
                4.122654002053683,
                4.354170006919398
            ],
            "UnitPairs": [
                [
                    -0.9443284007664643,
                    -0.3290043639617137
                ],
                [
                    -0.9008226008513831,
                    -0.43418733490896483
                ],
                [
                    -0.8999891623814639,
                    -0.43591227052689274
                ],
                [
                    -0.8206377953450094,
                    -0.5714486931048862
                ],
                [
                    0.6314503363493958,
                    -0.775416322193591
                ],
                [
                    0.7578611423015689,
                    -0.6524158865243558
                ],
                [
                    0.9618898034251635,
                    0.2734373896648012
                ],
                [
                    0.8717226501525102,
                    0.48999961348054577
                ],
                [
                    0.8677542065714021,
                    0.49699359852782454
                ],
                [
                    0.6503759445473526,
                    0.7596124872289416
                ],
                [
                    -0.6419112112117973,
                    0.7667789752729292
                ],
                [
                    -0.8160172494093202,
                    0.578027550092941
                ],
                [
                    -0.8463687984841507,
                    0.5325972746386289
                ],
                [
                    -0.8546486950117826,
                    0.5192067103906275
                ]
            ]
        },
        {
            "Type": "F",
            "Centroid": {
                "x": 92432.43541776315,
                "y": 441155.92881578946
            },
            "Distances": [
                5.001397405280825,
                4.294807673546844,
                4.284411057638274,
                5.03715101759428,
                6.7189129763995314,
                9.08225487046471,
                5.177528775011389,
                5.341200496382943,
                9.58304671942869,
                3.3391486238026924,
                3.3655603827393463,
                5.476171622330768,
                3.9727660859799334,
                3.4580365367639554,
                4.083052760823461,
                4.313586516701774,
                3.6484860458178177,
                3.594711496394787,
                3.6579091533122794
            ],
            "UnitPairs": [
                [
                    -0.9447570109422166,
                    -0.32777155196192415
                ],
                [
                    -0.9006469106797529,
                    -0.43455165663361267
                ],
                [
                    -0.8997981779267005,
                    -0.43630635910996035
                ],
                [
                    -0.8191347149873421,
                    -0.5736011843629735
                ],
                [
                    0.6395223084363441,
                    -0.768772539189746
                ],
                [
                    0.762574364585782,
                    -0.6469005630516879
                ],
                [
                    0.9168263361001955,
                    -0.3992861999031414
                ],
                [
                    0.9763525522748266,
                    0.21618439737046655
                ],
                [
                    0.9615829919907163,
                    0.27451438853761767
                ],
                [
                    0.8726460140399206,
                    0.48835328828650126
                ],
                [
                    0.8687690620121217,
                    0.49521744404915535
                ],
                [
                    0.6546352057762205,
                    0.7559449367237839
                ],
                [
                    -0.6283041108182785,
                    0.7779678298804216
                ],
                [
                    -0.805400762408154,
                    0.5927306402678744
                ],
                [
                    -0.8383690987281939,
                    0.5451029758657312
                ],
                [
                    -0.8473471550850052,
                    0.531039357081326
                ],
                [
                    -0.9982511149586056,
                    0.05911608481539326
                ],
                [
                    -0.9984404219221091,
                    0.05582762642277288
                ],
                [
                    -0.9997802323320187,
                    0.020963946148915804
                ]
            ]
        },
        {
            "Type": "R",
            "Centroid": {
                "x": 92437.1823125,
                "y": 441153.8615
            },
            "Distances": [
                0.0
            ],
            "UnitPairs": [
                [
                    0.0,
                    0.0
                ]
            ]
        }
    ],
    "Annual Heating [kWh/m2]": 408.6651807811812,
    "Annual Cooling [kWh/m2]": 1.7484685638013187
}