{
    "Pand ID": "0599100000766744",
    "Archetype ID": "D.2006-2014",
    "Construction Year": 2010,
    "Number of Floors": 3,
    "Wall Area": 292.1,
    "Roof Area (Flat)": 0.0,
    "Roof Area (Sloped)": 119.63,
    "Floor Area": 89.43,
    "Shared Wall Area": 0.0,
    "Absolute Height (70%)": 10.362820625305176,
    "Surfaces": [
        {
            "Type": "G",
            "Centroid": {
                "x": 68904.7618125,
                "y": 445730.47025
            },
            "Distances": [
                8.175145323657935,
                8.176201872667834,
                8.139544401386814,
                8.18799105778324
            ],
            "UnitPairs": [
                [
                    0.5768704791525583,
                    -0.8168356323534728
                ],
                [
                    0.9774709730094567,
                    -0.21106988635034088
                ],
                [
                    -0.5790250372227006,
                    0.81530976093093
                ],
                [
                    -0.9764299867420537,
                    0.2158343832453785
                ]
            ]
        },
        {
            "Type": "F",
            "Centroid": {
                "x": 68904.28389583335,
                "y": 445730.82599999994
            },
            "Distances": [
                5.323295259859481,
                8.743391366605115,
                8.495967970531977,
                8.62597410475714,
                8.116860112739413,
                8.67689894240283,
                5.179779782081793,
                7.43264021669076,
                7.3803728174051955,
                7.526251053745535,
                4.3490476456152045,
                7.648455667028472
            ],
            "UnitPairs": [
                [
                    -0.9999601888468069,
                    -0.008923044405258861
                ],
                [
                    0.5940391375472474,
                    -0.8044361398284655
                ],
                [
                    0.6211083522157458,
                    -0.7837247060083287
                ],
                [
                    0.6253110200827694,
                    -0.7803756327327541
                ],
                [
                    0.8317152905051651,
                    -0.5552023734998875
                ],
                [
                    0.9715356514600755,
                    -0.23689338940132237
                ],
                [
                    -0.38034113731024555,
                    0.9248462679113479
                ],
                [
                    -0.5524394042545107,
                    0.8335530604748095
                ],
                [
                    -0.5663783438530479,
                    0.8241453583041517
                ],
                [
                    -0.5729390771773195,
                    0.8195979586621732
                ],
                [
                    -0.8362942027093827,
                    0.548280955819804
                ],
                [
                    -0.9828236784773089,
                    0.1845470591050731
                ]
            ]
        },
        {
            "Type": "R",
            "Centroid": {
                "x": 68911.0348125,
                "y": 445726.3195
            },
            "Distances": [
                0.0
            ],
            "UnitPairs": [
                [
                    0.0,
                    0.0
                ]
            ]
        }
    ],
    "Annual Heating [kWh/m2]": 118.28948821999155,
    "Annual Cooling [kWh/m2]": 0.2965659691713451
}