{
    "Pand ID": "0599100015001768",
    "Archetype ID": "D.1965",
    "Construction Year": 1957,
    "Number of Floors": 3,
    "Wall Area": 247.66,
    "Roof Area (Flat)": 46.36,
    "Roof Area (Sloped)": 59.63,
    "Floor Area": 96.29,
    "Shared Wall Area": 9.31,
    "Absolute Height (70%)": 7.337793350219727,
    "Surfaces": [
        {
            "Type": "G",
            "Centroid": {
                "x": 76860.23568750001,
                "y": 435670.58160000003
            },
            "Distances": [
                10.151634824507653,
                8.011835096291161,
                2.6272106519859055,
                5.169042813714931,
                5.632483609380535,
                3.3780713150889676,
                4.193468207813057,
                4.233891331828452,
                3.4022588981161177,
                7.151502486188955
            ],
            "UnitPairs": [
                [
                    -0.9037460624430236,
                    -0.42806898348131994
                ],
                [
                    -0.19652176824399598,
                    -0.9804994618082424
                ],
                [
                    0.34428149082980025,
                    -0.9388664735051572
                ],
                [
                    0.7050628387764538,
                    -0.7091448324400934
                ],
                [
                    0.9934338718140019,
                    0.11440778965018587
                ],
                [
                    0.8094855747352294,
                    0.5871397655546551
                ],
                [
                    0.7498566447066906,
                    0.6616003418901957
                ],
                [
                    -0.015234212442535314,
                    0.9998839526521344
                ],
                [
                    -0.1277092699334598,
                    0.9918116466210017
                ],
                [
                    -0.6677617758262497,
                    0.7443750471001654
                ]
            ]
        },
        {
            "Type": "F",
            "Centroid": {
                "x": 76859.93231793478,
                "y": 435670.248
            },
            "Distances": [
                7.8750830178947036,
                9.736174771993996,
                7.628647100382308,
                5.018414197773849,
                2.4093135626204933,
                2.461765365050838,
                2.4512523098323578,
                5.166033111001894,
                2.0178202659738482,
                5.979393459834594,
                2.132747568497758,
                1.734960184873406,
                2.939419584767314,
                3.820620433279032,
                4.573967987145992,
                4.484435597254147,
                0.821513115894034,
                1.2388422433502972,
                1.8849386611247505,
                1.5114234205386006,
                4.626839316478714,
                7.211213464163326,
                6.552739352138863
            ],
            "UnitPairs": [
                [
                    -0.9815935168191977,
                    -0.19098211366125264
                ],
                [
                    -0.9111515192084858,
                    -0.4120714853566894
                ],
                [
                    -0.16662593223274663,
                    -0.9860201816938475
                ],
                [
                    -0.023738661276978004,
                    -0.9997181982742822
                ],
                [
                    0.47435484651938387,
                    -0.8803337319355495
                ],
                [
                    0.48780829491995675,
                    -0.8729507817782652
                ],
                [
                    0.4927561150564909,
                    -0.8701674615121129
                ],
                [
                    0.7641974955239564,
                    -0.6449823159086708
                ],
                [
                    0.7814717652571801,
                    -0.6239406062325378
                ],
                [
                    0.9865330998615353,
                    0.16356174026217168
                ],
                [
                    0.9737999920380541,
                    0.2274061905636818
                ],
                [
                    0.9238653308561503,
                    0.3827177163942844
                ],
                [
                    0.8222268021018592,
                    0.569159982698494
                ],
                [
                    0.7951246710500235,
                    0.6064460054181179
                ],
                [
                    0.7465879898608315,
                    0.6652866851181999
                ],
                [
                    0.7106512059564913,
                    0.7035444999945522
                ],
                [
                    0.4161462046161795,
                    0.9092977160333952
                ],
                [
                    0.0676999558824125,
                    0.9977057261404884
                ],
                [
                    -0.13376055145750013,
                    0.9910136804675228
                ],
                [
                    -0.30377353463361423,
                    0.9527442677110162
                ],
                [
                    -0.3389204438539297,
                    0.9408150364114379
                ],
                [
                    -0.6201633687591367,
                    0.7844726866177809
                ],
                [
                    -0.9757950211609773,
                    0.21868716623855186
                ]
            ]
        },
        {
            "Type": "R",
            "Centroid": {
                "x": 76859.8131875,
                "y": 435665.231
            },
            "Distances": [
                0.0
            ],
            "UnitPairs": [
                [
                    0.0,
                    0.0
                ]
            ]
        }
    ],
    "Annual Heating [kWh/m2]": 276.71222292289787,
    "Annual Cooling [kWh/m2]": 1.206708199997255
}