{
    "Pand ID": "0599100000224780",
    "Archetype ID": "D.1965",
    "Construction Year": 1893,
    "Number of Floors": 4,
    "Wall Area": 424.63,
    "Roof Area (Flat)": 105.33,
    "Roof Area (Sloped)": 99.85,
    "Floor Area": 151.53,
    "Shared Wall Area": 0.0,
    "Absolute Height (70%)": 8.717320442199707,
    "Surfaces": [
        {
            "Type": "G",
            "Centroid": {
                "x": 93457.60736029413,
                "y": 440914.0350735294
            },
            "Distances": [
                5.335943070743735,
                6.089052334855492,
                7.181984600873606,
                9.860506521777188,
                8.777475436713901,
                8.923952443784023,
                8.717926604266552,
                8.726511076716893,
                8.71399463581961,
                8.67979251486547,
                8.62468443659579,
                8.550416741548377,
                8.458887799636155,
                8.349565179670385,
                8.229618158950178,
                8.097650682244671,
                4.494688909735484,
                5.439879663021539,
                4.507946106725073,
                4.054698840770905,
                9.563570126862599,
                9.508078941591846,
                9.991019828739308,
                9.966769456304013,
                9.892672652977463,
                10.418880310495478,
                10.161443771066537,
                9.372657902631484,
                10.14952325951777,
                10.040435087597729,
                10.416328620238449,
                10.0793124874126,
                10.588622166999048,
                10.627506028953475
            ],
            "UnitPairs": [
                [
                    -0.3900407606557039,
                    -0.920797591779605
                ],
                [
                    -0.13618462258469244,
                    -0.9906834754710835
                ],
                [
                    0.0616493532752233,
                    -0.9980978695702876
                ],
                [
                    0.30320599649367724,
                    -0.9529250357138677
                ],
                [
                    0.5476249680827836,
                    -0.8367239056775718
                ],
                [
                    0.5512988484494092,
                    -0.8343078446822584
                ],
                [
                    0.8396221989626881,
                    -0.5431708414569583
                ],
                [
                    0.8481928964288601,
                    -0.5296874648768093
                ],
                [
                    0.856526199269093,
                    -0.5161035457789862
                ],
                [
                    0.8643944763684744,
                    -0.5028142691130303
                ],
                [
                    0.871772731066448,
                    -0.48991050751024556
                ],
                [
                    0.8784091972241886,
                    -0.47790928242916225
                ],
                [
                    0.8841309736004466,
                    -0.46723914810333095
                ],
                [
                    0.8890001510432455,
                    -0.457906902596026
                ],
                [
                    0.892722428182338,
                    -0.4506069975269254
                ],
                [
                    0.8954158422490875,
                    -0.4452308046949998
                ],
                [
                    0.9722062624640414,
                    -0.23412599861121675
                ],
                [
                    0.999611212511905,
                    0.027882320930639762
                ],
                [
                    0.9700126404231142,
                    0.24305447418094975
                ],
                [
                    0.9062978164813371,
                    0.4226396430070904
                ],
                [
                    -0.4316625736370381,
                    0.9020351559230099
                ],
                [
                    -0.4441733519530406,
                    0.8959408649095096
                ],
                [
                    -0.46183826808663875,
                    0.8869641560574666
                ],
                [
                    -0.4674769808361024,
                    0.884005244547996
                ],
                [
                    -0.484928134429366,
                    0.8745540031575263
                ],
                [
                    -0.5698534887810642,
                    0.8217463120233942
                ],
                [
                    -0.7132092109549895,
                    0.7009512261270119
                ],
                [
                    -0.7680036302302039,
                    0.6404454886664658
                ],
                [
                    -0.9458804171049099,
                    0.3245153872121347
                ],
                [
                    -0.9473927385751537,
                    0.3200734273492108
                ],
                [
                    -0.9629338378047501,
                    0.26973769482705867
                ],
                [
                    -0.9674504393334722,
                    0.25306056080209705
                ],
                [
                    -0.9711589602453058,
                    0.23843295480125395
                ],
                [
                    -0.9727809390049574,
                    0.2317266594689381
                ]
            ]
        },
        {
            "Type": "F",
            "Centroid": {
                "x": 93457.45667261905,
                "y": 440914.4802023809
            },
            "Distances": [
                5.695614631281444,
                5.512392603825271,
                6.512896146765115,
                7.636546528710391,
                10.330373958534791,
                9.233195682096861,
                9.379164468292961,
                9.090915556032472,
                9.09497721821844,
                9.077869827210115,
                9.039146284463008,
                8.979622779748459,
                8.901230997245635,
                8.806028110083403,
                8.693495654513779,
                8.571053545807818,
                8.437278105977873,
                4.762021982484498,
                5.596151741511806,
                3.5299394746954533,
                4.569992740412009,
                4.355350418328276,
                3.961781769638911,
                4.030297629306117,
                2.4464623302152018,
                9.09717574330467,
                9.042555792825516,
                9.580056706777908,
                9.526884651922567,
                9.503125201741165,
                9.430685478811466,
                8.240721208040869,
                9.968072963208206,
                9.744261404227391,
                8.975202670729459,
                9.869557930464197,
                9.76234755284975,
                8.939571569040204,
                10.158570106062662,
                9.828725520722235,
                10.343743981376004,
                10.38540441608033
            ],