{
    "Pand ID": "0599100000068418",
    "Archetype ID": "D.1975-1991",
    "Construction Year": 1975,
    "Number of Floors": 1,
    "Wall Area": 288.48,
    "Roof Area (Flat)": 197.05,
    "Roof Area (Sloped)": 0.0,
    "Floor Area": 197.05,
    "Shared Wall Area": 0.0,
    "Absolute Height (70%)": 2.4018516540527344,
    "Surfaces": [
        {
            "Type": "G",
            "Centroid": {
                "x": 98049.23202777776,
                "y": 433012.8829722222
            },
            "Distances": [
                6.550233627189696,
                10.265251975778307,
                6.0491877796243045,
                5.427977351313851,
                8.769539074019027,
                5.647646935177858,
                12.365503418506085,
                5.491310652498211,
                10.064603845706134,
                6.806759949896009,
                7.500847990134537,
                8.10332449018529,
                2.672106225819204,
                7.7941403427192695,
                8.556703045873466,
                8.266029143038716,
                9.689631589950945,
                11.682164768644487
            ],
            "UnitPairs": [
                [
                    -0.9987090766667375,
                    -0.0507954740451623
                ],
                [
                    -0.9801783532939756,
                    -0.19811712630136377
                ],
                [
                    -0.8962819431774065,
                    -0.44348469909809995
                ],
                [
                    -0.8956886632167357,
                    -0.44468170480133007
                ],
                [
                    -0.8074287277816148,
                    -0.5899651257091074
                ],
                [
                    -0.7439873324222248,
                    -0.6681937213078717
                ],
                [
                    -0.3131112132458206,
                    -0.9497164672362644
                ],
                [
                    0.8062232320113178,
                    -0.5916114435718977
                ],
                [
                    0.8111816766352016,
                    -0.5847942266227525
                ],
                [
                    0.942037367181405,
                    -0.3355079713418547
                ],
                [
                    0.8503334863771604,
                    0.5262442037169279
                ],
                [
                    0.7415749214422435,
                    0.6708700588697714
                ],
                [
                    0.7365808302135577,
                    0.6763495254392554
                ],
                [
                    0.7336565638793355,
                    0.6795204531702975
                ],
                [
                    0.6355511220944512,
                    0.7720587874018947
                ],
                [
                    0.6229378257837416,
                    0.7822713501131335
                ],
                [
                    0.4126289204202657,
                    0.910899211786247
                ],
                [
                    -0.9948308389689224,
                    0.10154605770974008
                ]
            ]
        },
        {
            "Type": "F",
            "Centroid": {
                "x": 98049.23202777776,
                "y": 433012.8829722222
            },
            "Distances": [
                6.550233627189696,
                10.265251975778307,
                6.0491877796243045,
                5.427977351313851,
                8.769539074019027,
                5.647646935177858,
                12.365503418506085,
                5.491310652498211,
                10.064603845706134,
                6.806759949896009,
                7.500847990134537,
                8.10332449018529,
                2.672106225819204,
                7.7941403427192695,
                8.556703045873466,
                8.266029143038716,
                9.689631589950945,
                11.682164768644487
            ],
            "UnitPairs": [
                [
                    -0.9987090766667375,
                    -0.0507954740451623
                ],
                [
                    -0.9801783532939756,
                    -0.19811712630136377
                ],
                [
                    -0.8962819431774065,
                    -0.44348469909809995
                ],
                [
                    -0.8956886632167357,
                    -0.44468170480133007
                ],
                [
                    -0.8074287277816148,
                    -0.5899651257091074
                ],
                [
                    -0.7439873324222248,
                    -0.6681937213078717
                ],
                [
                    -0.3131112132458206,
                    -0.9497164672362644
                ],
                [
                    0.8062232320113178,
                    -0.5916114435718977
                ],
                [
                    0.8111816766352016,
                    -0.5847942266227525
                ],
                [
                    0.942037367181405,
                    -0.3355079713418547
                ],
                [
                    0.8503334863771604,
                    0.5262442037169279
                ],
                [
                    0.7415749214422435,
                    0.6708700588697714
                ],
                [
                    0.7365808302135577,
                    0.6763495254392554
                ],
                [
                    0.7336565638793355,
                    0.6795204531702975
                ],
                [
                    0.6355511220944512,
                    0.7720587874018947
                ],
                [
                    0.6229378257837416,
                    0.7822713501131335
                ],
                [
                    0.4126289204202657,
                    0.910899211786247
                ],
                [
                    -0.9948308389689224,
                    0.10154605770974008
                ]
            ]
        },
        {
            "Type": "R",
            "Centroid": {
                "x": 98045.36025,
                "y": 433001.13925
            },
            "Distances": [
                0.0
            ],
            "UnitPairs": [
                [
                    0.0,
                    0.0
                ]
            ]
        }
    ],
    "Annual Heating [kWh/m2]": 569.3605803469011,
    "Annual Cooling [kWh/m2]": 2.49948777675851
}