{
    "Pand ID": "0599100015001841",
    "Archetype ID": "D.1975-1991",
    "Construction Year": 1990,
    "Number of Floors": 2,
    "Wall Area": 196.25,
    "Roof Area (Flat)": 25.36,
    "Roof Area (Sloped)": 123.53,
    "Floor Area": 94.95,
    "Shared Wall Area": 0.0,
    "Absolute Height (70%)": 7.236432075500488,
    "Surfaces": [
        {
            "Type": "G",
            "Centroid": {
                "x": 76668.31075,
                "y": 435955.027875
            },
            "Distances": [
                1.712067436259879,
                4.224274186928555,
                1.80179144360809,
                8.680671642008544,
                7.732608690246353,
                6.137285813486243,
                9.91302791310978,
                8.012865414829683
            ],
            "UnitPairs": [
                [
                    -0.9232259001755825,
                    -0.384257644354651
                ],
                [
                    -0.5777619756679371,
                    -0.8162053047317704
                ],
                [
                    0.6884120825383062,
                    -0.7253197947217987
                ],
                [
                    0.7095505110682595,
                    -0.7046545765428417
                ],
                [
                    0.9234108806009156,
                    -0.38381290440505217
                ],
                [
                    0.5279817656322043,
                    0.8492557065807094
                ],
                [
                    -0.5900946765484792,
                    0.8073340527372456
                ],
                [
                    -0.9871156684301249,
                    0.16000830334625715
                ]
            ]
        },
        {
            "Type": "F",
            "Centroid": {
                "x": 76668.00889423078,
                "y": 435955.0787692308
            },
            "Distances": [
                1.4620549128281204,
                2.135203564178296,
                4.100697495895982,
                2.9997174275243674,
                8.932462165465184,
                2.0547537637405036,
                2.2183363722403016,
                8.031174664477751,
                2.8374544846775986,
                6.259848390797954,
                9.696170256586203,
                7.945324897170564,
                7.706755599842587
            ],
            "UnitPairs": [
                [
                    -0.8746383050018751,
                    -0.48477606729648565
                ],
                [
                    -0.7127045197507881,
                    -0.7014643736689686
                ],
                [
                    -0.521562303222009,
                    -0.8532131995332427
                ],
                [
                    0.5441281749590474,
                    -0.8390021032248587
                ],
                [
                    0.7233426405330987,
                    -0.6904892644977215
                ],
                [
                    0.7505671951723908,
                    -0.6607941324883645
                ],
                [
                    0.773205899111769,
                    -0.634155057993517
                ],
                [
                    0.9266677765267237,
                    -0.3758814067588577
                ],
                [
                    0.8511963036834117,
                    0.5248474565011221
                ],
                [
                    0.5658652651121298,
                    0.824497726946278
                ],
                [
                    -0.5721608721760549,
                    0.8201414124105283
                ],
                [
                    -0.837696295231299,
                    0.5461363538126319
                ],
                [
                    -0.9871558961761998,
                    0.159759934415872
                ]
            ]
        },
        {
            "Type": "R",
            "Centroid": {
                "x": 76670.424125,
                "y": 435956.568
            },
            "Distances": [
                0.0
            ],
            "UnitPairs": [
                [
                    0.0,
                    0.0
                ]
            ]
        }
    ],
    "Annual Heating [kWh/m2]": 324.98765215251063,
    "Annual Cooling [kWh/m2]": 1.2148358461463566
}