{
    "Pand ID": "0599100000659733",
    "Archetype ID": "D.1965",
    "Construction Year": 1920,
    "Number of Floors": 4,
    "Wall Area": 522.87,
    "Roof Area (Flat)": 34.8,
    "Roof Area (Sloped)": 173.86,
    "Floor Area": 128.09,
    "Shared Wall Area": 0.0,
    "Absolute Height (70%)": 11.760391235351562,
    "Surfaces": [
        {
            "Type": "G",
            "Centroid": {
                "x": 94999.35615625,
                "y": 437761.97934375
            },
            "Distances": [
                9.974715632796752,
                8.654395199427395,
                8.08543981210283,
                6.288642805086502,
                6.4463418612971,
                6.847962791427872,
                6.9054815920393775,
                6.6601251596787305,
                6.859387305374512,
                5.58793120978405,
                5.188333663610464,
                4.181000413202029,
                4.072001782604035,
                4.34895351119892,
                6.153279421779979,
                5.718381093468023,
                5.737594276355282,
                6.74514088196065,
                7.004523722575926,
                6.6837119284544615,
                7.588325030447353,
                6.490918373402185,
                4.729382645258846,
                4.738946733478913,
                7.368827337502157,
                6.998597454501313,
                7.8898188401258995,
                8.028904417345306,
                7.240919586296823,
                6.701796430257436,
                5.759084282024491,
                5.7604447977201465
            ],
            "UnitPairs": [
                [
                    -0.8425960758586726,
                    -0.5385460546207411
                ],
                [
                    -0.6755707493439858,
                    -0.7372951665586894
                ],
                [
                    -0.39387545068760843,
                    -0.9191638207336238
                ],
                [
                    -0.3936709917749765,
                    -0.9192514075240279
                ],
                [
                    -0.39365834214254875,
                    -0.919256824647813
                ],
                [
                    0.11074005117975307,
                    -0.9938494056267808
                ],
                [
                    0.12893289745699146,
                    -0.9916533204468913
                ],
                [
                    0.15575439276651679,
                    -0.9877958134826922
                ],
                [
                    0.21902010822871812,
                    -0.9757203452790562
                ],
                [
                    0.3821349386431371,
                    -0.9241065353454687
                ],
                [
                    0.39075045697604754,
                    -0.9204966487570773
                ],
                [
                    0.7463151020364903,
                    -0.6655927947869199
                ],
                [
                    0.8019013557281343,
                    -0.5974564550503912
                ],
                [
                    0.9991699701571141,
                    0.0407353745070756
                ],
                [
                    0.886087462679485,
                    0.4635180778375664
                ],
                [
                    0.8817781934399533,
                    0.4716643060204708
                ],
                [
                    0.8805683195158933,
                    0.47391922799666547
                ],
                [
                    0.848068832082946,
                    0.5298860783691791
                ],
                [
                    0.8365085167903599,
                    0.5479539226405742
                ],
                [
                    0.8302787147920113,
                    0.5573484150541078
                ],
                [
                    0.8072062972290779,
                    0.5902694246814091
                ],
                [
                    0.39676107475764977,
                    0.9179219190961476
                ],
                [
                    0.38786114120827336,
                    0.92171781752368
                ],
                [
                    0.29148750295786174,
                    0.9565746367217723
                ],
                [
                    -0.4864622396226235,
                    0.8737016020480569
                ],
                [
                    -0.553633249403391,
                    0.832760604949011
                ],
                [
                    -0.6089691471189989,
                    0.7931939093671604
                ],
                [
                    -0.6756409054123966,
                    0.7372308776316391
                ],
                [
                    -0.8901709476509457,
                    0.4556266936409863
                ],
                [
                    -0.9349218997039037,
                    0.3548535493045599
                ],
                [
                    -0.9384575716090752,
                    0.3453945371449838
                ],
                [
                    -0.9410134877343727,
                    0.3383690528136277
                ]
            ]
        },
        {
            "Type": "F",
            "Centroid": {
                "x": 94998.85026363636,
                "y": 437762.0345363636
            },
            "Distances": [
                4.6637584183112795,
                9.583485309388264,
                4.667401463441769,
                4.7425000065176,
                4.458339648433631,
                8.12914012241915,
                8.363391674055494,
                3.626654604573497,
                7.95182294381505,
                6.3167127097223545,
                6.15948774011008,
                3.7491128917899443,
                6.976540228963035,
                7.042825215856124,
                6.811168544968175,
                7.303479478547203,
                7.040526120760791,
                5.84931364295451,
                5.4549242726744245,
                2.7995824596122714,
                2.736153930224141,
                4.60478452985176,
                2.998478511595816,
                4.852769249047351,
                4.522599325306591,
                6.582065492544351,
                6.145152447482987,
                6.163659118576142,
                4.032032384318084,
                7.151861598910554,
                7.404528873547214,
                7.0805734592514185,
                6.9940648021819865,
                2.4415963896669215,
                7.971496093367412,
                5.434041931361847,
                4.899062075657009,
                4.599932337740187,
                6.658753428463474,
                4.859405253846096,
                7.086678369426846,
                6.683986653535187,
                3.3012335632332506,
                3.258226442130208,
                7.5469282940417814,
                3.061637634100244,
                7.653777187727672,
                5.877425761731042,
                5.577815665870421,
                4.062332333104241,
                6.767872053317581,
                6.210558525823239,
                5.1804974491549745,
                5.266697305866626,
                5.26706748173879
            ],