{
    "Pand ID": "0599100015001555",
    "Archetype ID": "D.1965",
    "Construction Year": 1896,
    "Number of Floors": 2,
    "Wall Area": 370.66,
    "Roof Area (Flat)": 0.0,
    "Roof Area (Sloped)": 243.57,
    "Floor Area": 185.25,
    "Shared Wall Area": 0.0,
    "Absolute Height (70%)": 6.903622150421143,
    "Surfaces": [
        {
            "Type": "G",
            "Centroid": {
                "x": 75414.25099999999,
                "y": 436761.36631250003
            },
            "Distances": [
                5.490259218741699,
                4.013691868357219,
                2.948364574474019,
                4.789390492414242,
                3.8418226519628624,
                12.382508082543096,
                3.705745729827737,
                13.52154156020074,
                7.48526862671148,
                1.951784417938802,
                5.420151858039396,
                11.166869141097473,
                9.817511079118805,
                5.433359346579849,
                5.869308938359703,
                4.508285709563276
            ],
            "UnitPairs": [
                [
                    -0.9999869370923075,
                    -0.005111325145742129
                ],
                [
                    -0.5556449207224167,
                    -0.8314197027226257
                ],
                [
                    -0.49186166207326293,
                    -0.8706733631980063
                ],
                [
                    -0.21530662442810194,
                    -0.9765464952972676
                ],
                [
                    -0.04976479065101209,
                    -0.9987609652021153
                ],
                [
                    0.4335803751724091,
                    -0.9011148973717796
                ],
                [
                    0.9630484011020937,
                    -0.269328381598934
                ],
                [
                    0.9643732145444022,
                    -0.2645454650325655
                ],
                [
                    0.9443632356461028,
                    0.328904361722406
                ],
                [
                    0.9067663845126245,
                    0.42163339990790955
                ],
                [
                    0.7914561459461122,
                    0.6112259558004112
                ],
                [
                    -0.2732357173206707,
                    0.9619471101782355
                ],
                [
                    -0.7598858244082662,
                    0.650056562049311
                ],
                [
                    -0.802484654863161,
                    0.5966727568015432
                ],
                [
                    -0.9302947855253706,
                    0.3668127751650759
                ],
                [
                    -0.9718078627319271,
                    0.23577420964219958
                ]
            ]
        },
        {
            "Type": "F",
            "Centroid": {
                "x": 75415.56310979728,
                "y": 436760.59443918924
            },
            "Distances": [
                5.603310024626882,
                3.294387740329912,
                3.282863790148836,
                4.37356441805355,
                4.554288619179016,
                3.4139841138659053,
                5.2798962612675835,
                6.473940317368723,
                7.630080171377391,
                7.541855715806227,
                11.150325676516562,
                10.354089339170296,
                6.908477486303651,
                6.371422249068858,
                10.909375907556264,
                12.058527981082417,
                2.2680098407528226,
                9.70107125402936,
                9.130402820517997,
                8.096236515751073,
                6.6028144277507055,
                5.054937462107832,
                5.148760130437026,
                4.819153630949729,
                1.659190551551052,
                3.562787940336676,
                4.103859352278498,
                12.312847058725353,
                11.486962588183145,
                11.316992365688009,
                11.070603582973888,
                6.948786502236793,
                7.062641760511561,
                6.9323013116383505,
                7.376891551433308,
                5.981652349203418,
                6.842843198764037
            ],