{
    "Pand ID": "0599100000377910",
    "Archetype ID": "D.1992-2005",
    "Construction Year": 2005,
    "Number of Floors": 3,
    "Wall Area": 335.29,
    "Roof Area (Flat)": 8.81,
    "Roof Area (Sloped)": 154.86,
    "Floor Area": 111.09,
    "Shared Wall Area": 0.0,
    "Absolute Height (70%)": 8.070562362670898,
    "Surfaces": [
        {
            "Type": "G",
            "Centroid": {
                "x": 88429.63335887097,
                "y": 439977.98816935485
            },
            "Distances": [
                5.026706337515811,
                5.02978551685564,
                5.276301089230474,
                5.072456841619268,
                5.871286551081087,
                5.514635231172969,
                6.245349737661976,
                5.705446550930925,
                5.465629954324636,
                7.049522888727403,
                6.9008929733499444,
                7.313595653152538,
                7.400588463320841,
                7.241542648234439,
                7.192565244556072,
                7.554001368016837,
                8.693168394348692,
                7.175487859559423,
                6.891684661555813,
                6.887479553743452,
                5.305961998768462,
                5.267954309162201,
                6.78754549371952,
                6.569922478798036,
                6.67030454813201,
                6.249630558651982,
                6.221963640136251,
                6.135835925673598,
                6.202315264138755,
                6.201294541509772,
                6.119271089608399
            ],
            "UnitPairs": [
                [
                    -0.9957780572179408,
                    -0.09179357691725223
                ],
                [
                    -0.9957648997535429,
                    -0.09193619754382187
                ],
                [
                    -0.993590733794707,
                    -0.11303739963965842
                ],
                [
                    -0.991922460471529,
                    -0.1268457031676985
                ],
                [
                    -0.9877705372603813,
                    -0.15591461034918283
                ],
                [
                    -0.8325997420496085,
                    -0.5538751389428176
                ],
                [
                    -0.5342349125537835,
                    -0.8453360622904071
                ],
                [
                    -0.49066867001220804,
                    -0.8713462321422242
                ],
                [
                    -0.46755523010801503,
                    -0.8839638605727279
                ],
                [
                    -0.19412432480536307,
                    -0.9809769347537495
                ],
                [
                    -0.16917866651197885,
                    -0.98558539903817
                ],
                [
                    0.9533636339357474,
                    -0.3018240903056386
                ],
                [
                    0.9636417650260394,
                    -0.26719758362960444
                ],
                [
                    0.9693398865424835,
                    -0.24572379688952636
                ],
                [
                    0.9710744208146173,
                    -0.23877702829115605
                ],
                [
                    0.9806082588741398,
                    -0.19597816875312404
                ],
                [
                    0.9960138509057852,
                    -0.08919870404791937
                ],
                [
                    0.865797037166596,
                    0.5003953341444582
                ],
                [
                    0.864449901815712,
                    0.5027189744288612
                ],
                [
                    0.8434894192706767,
                    0.5371457898731187
                ],
                [
                    0.8346302009060104,
                    0.5508107004548777
                ],
                [
                    0.8343876713920219,
                    0.5511780237173823
                ],
                [
                    0.36412516591000804,
                    0.9313500220384434
                ],
                [
                    0.33828650736725246,
                    0.9410431652869414
                ],
                [
                    0.31910329036249907,
                    0.9477199428522262
                ],
                [
                    -0.9602941829365164,
                    0.2789893944548582
                ],
                [
                    -0.9640821158587579,
                    0.26560435591552434
                ],
                [
                    -0.9640876879103786,
                    0.26558412983388235
                ],
                [
                    -0.9668137809185997,
                    0.25548211879871724
                ],
                [
                    -0.9669729168373326,
                    0.25487914411167745
                ],
                [
                    -0.9781367393801096,
                    0.2079627829080182
                ]
            ]
        },
        {
            "Type": "F",
            "Centroid": {
                "x": 88430.10483333333,
                "y": 439978.05925
            },
            "Distances": [
                5.502783735084707,
                5.505866469969127,
                5.752814622864968,
                5.549149544611058,
                6.348078502067738,
                4.191622090759428,
                5.949982969323683,
                3.4044511674698783,
                3.230957843291351,
                6.56722140013494,
                6.010488721245722,
                5.761682306587656,
                6.910171078573122,
                7.224723449268168,
                4.004290438789613,
                7.065227573714918,
                0.25844164732600294,
                0.9214436599330821,
                6.888766580582736,
                6.58795931997908,
                7.056970330932817,
                6.967962919790737,
                6.804498506020222,
                6.754142728859379,
                7.107448645727545,
                8.230687304330795,
                3.815586608685866,
                1.8417676749183107,
                6.733976512312938,
                6.4507747921009075,
                6.7516605921525175,
                6.4545101351661245,
                3.6750310545128064,
                4.877420527460309,
                4.839541223274549,
                2.2679221036710047,
                6.562691286253588,
                6.677881107411236,
                6.320509229345694,
                6.357403492651525,
                6.4664161121414345,
                6.685540055604975,
                6.660443159826321,
                6.574356166334319,
                6.84365480464755,
                6.642677716986915,
                6.641767479497313,
                6.567793630169546
            ],