{
    "Pand ID": "0599100000136202",
    "Archetype ID": "D.1965",
    "Construction Year": 1931,
    "Number of Floors": 3,
    "Wall Area": 341.74,
    "Roof Area (Flat)": 30.32,
    "Roof Area (Sloped)": 149.37,
    "Floor Area": 114.48,
    "Shared Wall Area": 0.0,
    "Absolute Height (70%)": 3.33892822265625,
    "Surfaces": [
        {
            "Type": "G",
            "Centroid": {
                "x": 94214.10073369565,
                "y": 441594.5415652174
            },
            "Distances": [
                6.936448244973088,
                8.477975504060618,
                7.923788567074281,
                8.1761726133826,
                7.868155794347196,
                7.696386187230061,
                7.123867784574308,
                7.127244518706291,
                6.511452655950023,
                6.604628245065774,
                7.073509834993237,
                3.038045824019395,
                3.2555966050655933,
                3.4627917542325606,
                3.4153603976657965,
                3.8692317452026828,
                5.878883186052613,
                11.257551258650366,
                10.928615149259587,
                10.608054798226458,
                10.633286303047857,
                5.271425464609364,
                5.519528378027946
            ],
            "UnitPairs": [
                [
                    -0.9991581355302557,
                    -0.04102462923297511
                ],
                [
                    0.2935124432894557,
                    -0.9559552529455833
                ],
                [
                    0.40250838059950206,
                    -0.9154163006780939
                ],
                [
                    0.48181361752294705,
                    -0.8762737231992361
                ],
                [
                    0.5844306371830157,
                    -0.811443670455229
                ],
                [
                    0.6755626832996148,
                    -0.7373025572538213
                ],
                [
                    0.7200289869858606,
                    -0.6939439875812135
                ],
                [
                    0.8205683541508613,
                    -0.5715484022951571
                ],
                [
                    0.8246072862784393,
                    -0.5657055978302743
                ],
                [
                    0.8773228544196644,
                    -0.47990062420560814
                ],
                [
                    0.9611057965467802,
                    -0.27618046245920314
                ],
                [
                    0.8674626575762171,
                    0.49750229920152805
                ],
                [
                    0.186568355368709,
                    0.9824419823964238
                ],
                [
                    0.07346422262826069,
                    0.9972978531981433
                ],
                [
                    0.06365105846521989,
                    0.9979722154229832
                ],
                [
                    -0.04977957081290843,
                    0.9987602286483391
                ],
                [
                    -0.3627574537819899,
                    0.9318835923684929
                ],
                [
                    -0.5818857534058522,
                    0.8132705392323663
                ],
                [
                    -0.8109544141327518,
                    0.5851093386697953
                ],
                [
                    -0.811799039451233,
                    0.5839369140121692
                ],
                [
                    -0.8336659470099016,
                    0.5522690366081406
                ],
                [
                    -0.889817892171664,
                    0.4563158103453977
                ],
                [
                    -0.9481985302373258,
                    0.3176783707710916
                ]
            ]
        },
        {
            "Type": "F",
            "Centroid": {
                "x": 94213.82982196969,
                "y": 441594.6789090909
            },
            "Distances": [
                6.673048104801176,
                1.7739429400857574,
                2.295691453903135,
                2.3019520787155296,
                8.691537187152916,
                8.16083538929087,
                8.42879160845219,
                8.139128343456878,
                7.9813847498067885,
                7.414776463854837,
                7.428164305426595,
                6.812662075497231,
                6.9082232581841865,
                5.939227437532796,
                5.593921891706847,
                7.372038127998295,
                3.214766419260573,
                3.184602607383803,
                3.3574398268965226,
                3.3073366301142824,
                3.727913358590765,
                1.98434877724912,
                5.656250322086232,
                10.989110868311627,
                0.8938506299078349,
                4.930013050258715,
                10.628661414487846,
                10.308034546953644,
                10.662875874653881,
                10.331645335702781,
                4.967691382918338,
                5.219205977868999,
                5.111845706227226
            ],