{
    "Pand ID": "0599100000364449",
    "Archetype ID": "D.1992-2005",
    "Construction Year": 2000,
    "Number of Floors": 3,
    "Wall Area": 518.22,
    "Roof Area (Flat)": 97.93,
    "Roof Area (Sloped)": 81.07,
    "Floor Area": 175.44,
    "Shared Wall Area": 0.0,
    "Absolute Height (70%)": 4.050900936126709,
    "Surfaces": [
        {
            "Type": "G",
            "Centroid": {
                "x": 98358.24317948718,
                "y": 438102.6409358974
            },
            "Distances": [
                10.869514329573128,
                11.620384283178392,
                8.346192261953037,
                10.92698154611799,
                12.014224506971457,
                10.687035914242735,
                10.3460852272554,
                10.271057136877882,
                6.812579408437203,
                6.597805619390998,
                6.9203972330312205,
                6.778325809958564,
                3.5590201246408197,
                3.7034763213696604,
                3.4007978349416335,
                3.6622162571827914,
                2.932627323219798,
                3.702571617282864,
                3.891080878308729,
                3.626949048668026,
                3.769032327228951,
                8.349171126795174,
                8.14617515670563,
                8.154496135403003,
                8.37398192919451,
                12.24275105109891,
                11.913259806709979,
                11.941161444052366,
                12.869487707880477,
                14.184610882555722,
                14.607496355851264,
                14.344328855868135,
                3.0397033664047464,
                6.861339813973124,
                2.367486315301235,
                9.594783198832165,
                9.471017743334574,
                9.78757331659079,
                10.246123290244158
            ],
            "UnitPairs": [
                [
                    -0.9954611732510227,
                    -0.09516854811174508
                ],
                [
                    -0.9542007576490608,
                    -0.29916703378206355
                ],
                [
                    -0.9438051796500408,
                    -0.3305023190020819
                ],
                [
                    -0.9247914846876639,
                    -0.3804743221942661
                ],
                [
                    -0.9187592158590061,
                    -0.3948183167915899
                ],
                [
                    -0.6587588498513705,
                    -0.7523541571244884
                ],
                [
                    -0.6543711305748392,
                    -0.7561735405779594
                ],
                [
                    -0.6528227229021744,
                    -0.7575107210215514
                ],
                [
                    -0.5355063432598755,
                    -0.8445312050649381
                ],
                [
                    -0.5247471184969209,
                    -0.8512581639133797
                ],
                [
                    -0.5225392944103923,
                    -0.8526152038270778
                ],
                [
                    -0.5032480855633098,
                    -0.864141981607689
                ],
                [
                    -0.09642527301565931,
                    -0.9953402266179417
                ],
                [
                    -0.08699380236881024,
                    -0.9962088527760714
                ],
                [
                    -0.04445412356577197,
                    -0.999011426810524
                ],
                [
                    -0.031177702014767224,
                    -0.9995138572811676
                ],
                [
                    0.2249929636815824,
                    -0.9743603883029001
                ],
                [
                    0.9519925276697788,
                    -0.3061212623469747
                ],
                [
                    0.9593274027335811,
                    -0.28229582774890877
                ],
                [
                    0.9638460496444854,
                    -0.2664597391440596
                ],
                [
                    0.9750037128299213,
                    -0.22218856849052446
                ],
                [
                    0.9750453535079747,
                    0.22200576254347268
                ],
                [
                    0.9747912805774063,
                    0.22311871125089547
                ],
                [
                    0.9702402676320516,
                    0.24214421955785942
                ],
                [
                    0.9674991636385796,
                    0.2528742144993221
                ],
                [
                    0.942992344174417,
                    0.3328144210043154
                ],
                [
                    0.9415408288580457,
                    0.33689889817763496
                ],
                [
                    0.9367447685245262,
                    0.3500131978110713
                ],
                [
                    0.8690183142229404,
                    0.4947799203131822
                ],
                [
                    0.72873486614519,
                    0.6847959512616528
                ],
                [
                    0.7261901871750311,
                    0.6874938632822065
                ],
                [
                    0.7182504400410765,
                    0.6957846688313848
                ],
                [
                    0.1029115262605225,
                    0.9946905135582272
                ],
                [
                    -0.24881138866077462,
                    0.9685519567233846
                ],
                [
                    -0.42542146100993217,
                    0.9049953483373131
                ],
                [
                    -0.8027465892216233,
                    0.59632031115253
                ],
                [
                    -0.8099635852313266,
                    0.5864801706786136
                ],
                [
                    -0.9314034431532734,
                    0.3639884971839453
                ],
                [
                    -0.9914168705017585,
                    0.13073862812688314
                ]
            ]
        },
        {
            "Type": "F",
            "Centroid": {
                "x": 98357.72055555556,
                "y": 438102.2686777778
            },