{
    "Pand ID": "0599100000100185",
    "Archetype ID": "D.1965",
    "Construction Year": 1938,
    "Number of Floors": 3,
    "Wall Area": 481.98,
    "Roof Area (Flat)": 10.23,
    "Roof Area (Sloped)": 192.61,
    "Floor Area": 162.12,
    "Shared Wall Area": 0.0,
    "Absolute Height (70%)": 9.1456937789917,
    "Surfaces": [
        {
            "Type": "G",
            "Centroid": {
                "x": 90878.1884642857,
                "y": 438035.62010714284
            },
            "Distances": [
                7.191954673192229,
                6.821937687136951,
                7.593635155739407,
                7.355918512607494,
                7.438715534745468,
                9.575127937611839,
                8.881995726909853,
                6.6036919451823906,
                6.383562979008451,
                6.49894245956065,
                9.306864203750944,
                6.806123268819891,
                7.923144615193461,
                8.570248997492511,
                7.538356775782446,
                8.058804281674467,
                5.536748132161356,
                5.92640654978485,
                8.527378408496528,
                7.802676776518664,
                8.473484391673422,
                6.769096396277185,
                6.089720368343529,
                5.713308419241878,
                6.036456051720894,
                5.559477803735645,
                6.007780463144727,
                5.874746184835395
            ],
            "UnitPairs": [
                [
                    -0.7879240822841338,
                    -0.6157723934675097
                ],
                [
                    -0.7419760364056422,
                    -0.6704264026720406
                ],
                [
                    -0.6883020027307081,
                    -0.7254242572708031
                ],
                [
                    -0.6454277977077145,
                    -0.7638212866542602
                ],
                [
                    -0.6406636015916857,
                    -0.7678216912770632
                ],
                [
                    -0.5449237148273751,
                    -0.8384856260060357
                ],
                [
                    -0.09758102934853627,
                    -0.9952275833754207
                ],
                [
                    -0.07188619482090382,
                    -0.9974128408007243
                ],
                [
                    -0.06841230941783286,
                    -0.9976571334482196
                ],
                [
                    0.040512085762756486,
                    -0.9991790484728706
                ],
                [
                    0.6009849925645661,
                    -0.7992603072292332
                ],
                [
                    0.9832742443780388,
                    -0.1821311624703388
                ],
                [
                    0.9836101816642202,
                    -0.18030809889319904
                ],
                [
                    0.9769011048278529,
                    0.21369190762899837
                ],
                [
                    0.9633778196370734,
                    0.26814767690830116
                ],
                [
                    0.9234975132993675,
                    0.38360440942445445
                ],
                [
                    0.7501308737845026,
                    0.6612894012422238
                ],
                [
                    0.714983975313801,
                    0.6991408406354715
                ],
                [
                    0.5572973880876736,
                    0.8303129658331591
                ],
                [
                    0.1574185051463873,
                    0.9875319813745157
                ],
                [
                    -0.22336906498099943,
                    0.9747339436017985
                ],
                [
                    -0.3933633279572852,
                    0.9193831041618991
                ],
                [
                    -0.46056536524899155,
                    0.8876257907097241
                ],
                [
                    -0.5052614131565276,
                    0.8629663402329598
                ],
                [
                    -0.557730273666346,
                    0.8300222538197773
                ],
                [
                    -0.6273456624571481,
                    0.7787409195593885
                ],
                [
                    -0.6754098806705321,
                    0.737442535451148
                ],
                [
                    -0.7092586053265928,
                    0.7049483887279809
                ]
            ]
        },
        {
            "Type": "F",
            "Centroid": {
                "x": 90878.45139705883,
                "y": 438036.5204411765
            },
            "Distances": [
                7.972347728529201,
                7.636484682419231,
                8.438646327117526,
                8.222115178622897,
                8.306928274841466,
                10.476806895091773,
                9.805231083409327,
                7.523191567631377,
                7.3025346171013155,
                7.39394118489678,
                9.896999667685838,
                6.776129240283899,
                7.882270131258918,
                8.162626762097062,
                7.088562229452255,
                7.50625388738101,
                4.770565148253196,
                5.1296112751083625,
                4.266212035018188,
                4.454887112679001,
                7.6385480879644225,
                4.093874665264121,
                4.093339684759352,
                6.873189353728351,
                3.899565331558357,
                7.668282794073209,
                7.858598296537376,
                6.074073258663488,
                5.450322328157245,
                5.114846108758949,
                5.48333122327615,
                5.08190887117444,
                5.579364328000346,
                5.488737137395822
            ],