{
    "Pand ID": "0599100015022110",
    "Archetype ID": "D.2006-2014",
    "Construction Year": 2010,
    "Number of Floors": 3,
    "Wall Area": 260.86,
    "Roof Area (Flat)": 35.02,
    "Roof Area (Sloped)": 110.16,
    "Floor Area": 111.63,
    "Shared Wall Area": 0.0,
    "Absolute Height (70%)": 8.824760437011719,
    "Surfaces": [
        {
            "Type": "G",
            "Centroid": {
                "x": 75830.952,
                "y": 435926.70687500003
            },
            "Distances": [
                8.591245628730427,
                8.426273001943743,
                6.226489034998824,
                4.249617859675365,
                6.168569684549237,
                6.026008065285887,
                4.041761769713725,
                6.423324233046413
            ],
            "UnitPairs": [
                [
                    -0.9876623677970449,
                    -0.15659836281881986
                ],
                [
                    0.2455118650355393,
                    -0.9693935857672935
                ],
                [
                    0.8890644420763049,
                    -0.4577820636892063
                ],
                [
                    0.9091993980605193,
                    -0.41636096667001526
                ],
                [
                    0.9697142621228892,
                    0.2442421950348887
                ],
                [
                    -0.15022382814438057,
                    0.9886520123165924
                ],
                [
                    -0.7477556006989973,
                    0.6639740669809941
                ],
                [
                    -0.7842123201688219,
                    0.6204925760195953
                ]
            ]
        },
        {
            "Type": "F",
            "Centroid": {
                "x": 75829.64466666667,
                "y": 435924.9040833333
            },
            "Distances": [
                6.281153836193782,
                6.202402452317903,
                3.6481972507446594,
                3.611365440811091,
                3.2486797852541973,
                3.514251463280906,
                7.160614988505167,
                7.205455561368675,
                6.438015119596654,
                6.436600915614072,
                3.319694616556888,
                3.1516046728291425,
                6.257792503233118,
                6.314027004500247,
                6.619143122823994,
                6.922804370123294,
                6.70403705592067,
                5.171191305096121,
                5.368893773134161,
                8.005184227365472,
                7.770826072402094,
                5.203047073370704,
                5.182446125865628,
                4.8030067333846205,
                5.015278524764998,
                4.964492959776028,
                5.764604960241462,
                6.8860762301415654,
                0.6861294925591962,
                0.744716622104237,
                1.2788397790795754,
                7.192476463678643,
                3.2492598152922927,
                6.170800151834348,
                6.389786291198445,
                6.636769885561084
            ],
            "UnitPairs": [
                [
                    -0.9999622410898171,
                    -0.008690016952257164
                ],
                [
                    -0.9995992221284632,
                    -0.028308922977946217
                ],
                [
                    -0.7493883906924881,
                    -0.6621306818863802
                ],
                [
                    -0.7298947475318784,
                    -0.6835595493630203
                ],
                [
                    -0.6220732113500052,
                    -0.7829590792121206
                ],
                [
                    -0.5662419685855409,
                    -0.8242390630225986
                ],
                [
                    0.4654744513818591,
                    -0.8850613171474377
                ],
                [
                    0.4685454381867003,
                    -0.8834393993672871
                ],
                [
                    0.7097037283164752,
                    -0.7045002611878115
                ],
                [
                    0.7097042978461455,
                    -0.7044996874511085
                ],
                [
                    0.7473830035322742,
                    -0.6643934421945151
                ],
                [
                    0.7770909068767142,
                    -0.6293883717145764
                ],
                [
                    0.8065277541130964,
                    -0.5911962295594286
                ],
                [
                    0.8067883348770946,
                    -0.5908405730027729
                ],
                [
                    0.9854875793274096,
                    -0.16974755076702142
                ],
                [
                    0.988484285769879,
                    -0.15132355000465772
                ],
                [
                    0.9906095801589623,
                    -0.13672110187269748
                ],
                [
                    0.9999791205246114,
                    0.006462082854995809
                ],
                [
                    0.9981727260364004,
                    0.060425234770425586
                ],
                [
                    0.9105453573971782,
                    0.41340918243605196
                ],
                [
                    0.051742675693423765,
                    0.998660450559691
                ],
                [
                    -0.2561800129559027,
                    0.9666290917212835
                ],
                [
                    -0.2676181542433972,
                    0.9635250508001114
                ],
                [
                    -0.35705064803346337,
                    0.9340850254333831
                ],
                [
                    -0.38560503810743135,
                    0.9226639445573706
                ],
                [
                    -0.4419215989319643,
                    0.8970536775452269
                ],
                [
                    -0.46402428008847035,
                    0.8858224807987076
                ],
                [
                    -0.5416606703156994,
                    0.8405972390111375
                ],
                [
                    -0.992402562560987,
                    0.12303314115467477
                ],
                [
                    -0.9935546551681946,
                    0.11335407885740098
                ],
                [
                    -0.997714246568011,
                    0.06757427169586293
                ],
                [
                    -0.997975690697811,
                    0.06359654688917601
                ],
                [
                    -0.9995866293573867,
                    0.028750137563817217
                ],
                [
                    -0.999856828102224,
                    0.016921090312380413
                ],
                [
                    -0.9998639039717953,
                    0.01649768269426201
                ],
                [
                    -0.9998714406391009,
                    0.016034406577384346
                ]
            ]
        },
        {
            "Type": "R",
            "Centroid": {
                "x": 75828.36875000001,
                "y": 435924.9905
            },
            "Distances": [
                0.0
            ],
            "UnitPairs": [
                [
                    0.0,
                    0.0
                ]
            ]
        }
    ],
    "Annual Heating [kWh/m2]": 110.84843586019208,