{
    "Pand ID": "0599100100019191",
    "Archetype ID": "D.2015-2018",
    "Construction Year": 2020,
    "Number of Floors": 3,
    "Wall Area": 319.96,
    "Roof Area (Flat)": 63.55,
    "Roof Area (Sloped)": 148.13,
    "Floor Area": 171.68,
    "Shared Wall Area": 0.0,
    "Absolute Height (70%)": 1.8215206861495972,
    "Surfaces": [
        {
            "Type": "G",
            "Centroid": {
                "x": 90455.44210416666,
                "y": 439781.6719166667
            },
            "Distances": [
                10.208638667893897,
                7.295420352403994,
                7.170030935683254,
                8.375805550398555,
                4.123110328931854,
                4.289135357851445,
                6.649197767476716,
                9.647510125293618,
                7.308321475186938,
                5.719936257035068,
                9.027549037146567,
                8.816809690470656
            ],
            "UnitPairs": [
                [
                    -0.23053188022674154,
                    -0.9730647728692696
                ],
                [
                    0.5448052533421678,
                    -0.83856260108043
                ],
                [
                    0.5449883505922754,
                    -0.8384436163026774
                ],
                [
                    0.8801044017760776,
                    -0.4747802038568714
                ],
                [
                    0.8776343693589057,
                    0.47933069348832225
                ],
                [
                    0.8763032685476966,
                    0.48175987953816146
                ],
                [
                    0.865004100413993,
                    0.5017647917769628
                ],
                [
                    0.19130151814917948,
                    0.9815313184783352
                ],
                [
                    -0.7494767006723116,
                    0.6620307206990821
                ],
                [
                    -0.8006062412045836,
                    0.5991908264854094
                ],
                [
                    -0.9976591242662977,
                    0.0683832711136573
                ],
                [
                    -0.9993883248027041,
                    0.03497107730746408
                ]
            ]
        },
        {
            "Type": "F",
            "Centroid": {
                "x": 90455.0345,
                "y": 439782.02599999995
            },
            "Distances": [
                8.403937029603673,
                10.470147388972222,
                10.577784596597885,
                7.815824674801455,
                7.690488685555349,
                8.90343493952178,
                4.340723539653474,
                4.504322185166957,
                6.843201423506222,
                9.38960257269855,
                6.96702394124679,
                4.016750175565666,
                4.934442860954158,
                6.768419080409311,
                5.18159098132895,
                8.602841215126071
            ],
            "UnitPairs": [
                [
                    -0.9999851819915034,
                    -0.005443877057748334
                ],
                [
                    -0.18584384991982916,
                    -0.9825792911755142
                ],
                [
                    -0.17648426123152103,
                    -0.9843034621180423
                ],
                [
                    0.5606813973358146,
                    -0.8280316242037852
                ],
                [
                    0.5611070604796485,
                    -0.8277432371695271
                ],
                [
                    0.8737287971258493,
                    -0.48641339318836224
                ],
                [
                    0.927538338532628,
                    0.3737280168145442
                ],
                [
                    0.9249310614854798,
                    0.3801348859278028
                ],
                [
                    0.9000447478930883,
                    0.43579748942607166
                ],
                [
                    0.23996622674425316,
                    0.9707812369540965
                ],
                [
                    0.19063914681453006,
                    0.9816601834147233
                ],
                [
                    -0.48069021363105235,
                    0.876890482625586
                ],
                [
                    -0.4907975567349074,
                    0.8712736414600439
                ],
                [
                    -0.7490393901109866,
                    0.6625254652178747
                ],
                [
                    -0.8051219239489916,
                    0.5931093386355285
                ],
                [
                    -0.9995316994670739,
                    0.03060035556105553
                ]
            ]
        },
        {
            "Type": "R",
            "Centroid": {
                "x": 90459.3831875,
                "y": 439775.60725
            },
            "Distances": [
                0.0626996810270242,
                0.06269968098559628
            ],
            "UnitPairs": [
                [
                    0.5342929890825937,
                    -0.8452993563331201
                ],
                [
                    -0.5342929896677092,
                    0.8452993559632831
                ]
            ]
        }
    ],
    "Annual Heating [kWh/m2]": 91.4468296915223,
    "Annual Cooling [kWh/m2]": 0.2250458326665416
}