{
    "Pand ID": "0599100100007831",
    "Archetype ID": "D.2006-2014",
    "Construction Year": 2014,
    "Number of Floors": 3,
    "Wall Area": 279.05,
    "Roof Area (Flat)": 4.9,
    "Roof Area (Sloped)": 226.8,
    "Floor Area": 129.65,
    "Shared Wall Area": 0.0,
    "Absolute Height (70%)": 2.612809658050537,
    "Surfaces": [
        {
            "Type": "G",
            "Centroid": {
                "x": 94620.36012499999,
                "y": 442062.864875
            },
            "Distances": [
                2.8740891301629,
                3.1835579668199965,
                6.505599228986878,
                6.886844656901618,
                6.721132667053182,
                9.283270817892955,
                9.215105063309487,
                9.57431614154859,
                7.2999607929220005,
                7.625470646335218,
                9.168623319680147,
                6.272083750877595,
                5.633847227088457,
                5.455754675374583,
                5.652905144981242,
                4.462247396540162,
                4.099066214175077,
                6.7723503178522275,
                6.695877506213638,
                6.7665960481071945,
                5.746878289842535,
                6.0375651820967535,
                5.97291878631813,
                6.089136685766996
            ],
            "UnitPairs": [
                [
                    -0.9708293214388837,
                    -0.23977161765838095
                ],
                [
                    -0.9515297134728112,
                    -0.30755683113588933
                ],
                [
                    -0.8170269659890191,
                    -0.5765994596310146
                ],
                [
                    -0.2699712412027218,
                    -0.9628683860857941
                ],
                [
                    -0.2593684853960554,
                    -0.9657784366941292
                ],
                [
                    0.13193087049101973,
                    -0.9912589194612484
                ],
                [
                    0.14093708005270608,
                    -0.9900185551120834
                ],
                [
                    0.1592541939763269,
                    -0.9872376115712724
                ],
                [
                    0.6755858202396336,
                    -0.7372813570755342
                ],
                [
                    0.9301393092903605,
                    -0.36720684268250126
                ],
                [
                    0.9993594109527438,
                    -0.0357878155268622
                ],
                [
                    0.9167208583906693,
                    0.39952830662103855
                ],
                [
                    0.5546387528895653,
                    0.8320912532848231
                ],
                [
                    0.5254543451047351,
                    0.8508217975643044
                ],
                [
                    0.3880747940646898,
                    0.921627882722549
                ],
                [
                    0.30830876859790823,
                    0.9512863413324305
                ],
                [
                    0.27341592973691686,
                    0.9618959036018905
                ],
                [
                    -0.280294124034679,
                    0.9599141649291524
                ],
                [
                    -0.29693643561278144,
                    0.9548972474594198
                ],
                [
                    -0.3032913425602576,
                    0.9528978757075683
                ],
                [
                    -0.6870251640755495,
                    0.7266336242749604
                ],
                [
                    -0.9350209612214718,
                    0.3545924450358112
                ],
                [
                    -0.9366023882342277,
                    0.350394015864913
                ],
                [
                    -0.953049717796936,
                    0.3028138626403694
                ]
            ]
        },
        {
            "Type": "F",
            "Centroid": {
                "x": 94620.72505681818,
                "y": 442062.694719697
            },
            "Distances": [
                3.1975774974436337,
                3.489255247969733,
                6.714745673391701,
                6.833089651518162,
                6.663264101666504,
                9.072803531047727,
                9.001537801469404,
                9.354150932636808,
                5.509977022769297,
                6.86275092851719,
                6.838053107945286,
                6.92967938854098,
                7.223591772417639,
                5.66677049848562,
                1.0967330705110978,
                1.0647682365745517,
                8.79923628421743,
                2.090515248380055,
                5.587222460388451,
                5.423534811528727,
                5.863149709727226,
                5.682367640664577,
                4.529265500403118,
                4.181899018109318,
                7.0444756544167095,
                7.116305768526534,
                6.9730881601060055,
                7.045643550032009,
                6.1230316667246445,
                6.439188345521363,
                6.374414019690694,
                6.552754530968457,
                6.488665887801741
            ],