{
    "Pand ID": "0599100110008020",
    "Archetype ID": "D.2015-2018",
    "Construction Year": 2021,
    "Number of Floors": 3,
    "Wall Area": 285.21,
    "Roof Area (Flat)": 61.71,
    "Roof Area (Sloped)": 172.33,
    "Floor Area": 163.8,
    "Shared Wall Area": 0.0,
    "Absolute Height (70%)": 2.2476718425750732,
    "Surfaces": [
        {
            "Type": "G",
            "Centroid": {
                "x": 99781.636675,
                "y": 444791.2619
            },
            "Distances": [
                3.8155427349701214,
                4.392304982856573,
                7.2606392323424505,
                5.079118413906185,
                4.048199113451198,
                4.190192735705708,
                8.360799277702984,
                8.074965613703421,
                7.883535156376788,
                8.179892172993206,
                7.927213215365406,
                9.55795087151435,
                7.184086153634632,
                7.247970830698293,
                9.358820473920286,
                9.3315747257765,
                9.428108864618524,
                8.152912918858584,
                7.994261433250831,
                10.851985807352614
            ],
            "UnitPairs": [
                [
                    -0.9219658235669035,
                    -0.3872712488354916
                ],
                [
                    -0.9206555591614553,
                    -0.39037589754633706
                ],
                [
                    -0.9169716035943162,
                    -0.39895247611923446
                ],
                [
                    -0.41519016257389896,
                    -0.909734647521935
                ],
                [
                    -0.17089080369140594,
                    -0.985289974176996
                ],
                [
                    -0.1486327811821949,
                    -0.9888924594504934
                ],
                [
                    0.14725864825844381,
                    -0.9890980186579569
                ],
                [
                    0.4852280724701521,
                    -0.8743876243902933
                ],
                [
                    0.4919366658566804,
                    -0.8706309877243129
                ],
                [
                    0.5677580953118803,
                    -0.8231954477569866
                ],
                [
                    0.5724836555675038,
                    -0.8199161323623702
                ],
                [
                    0.8376481640917822,
                    -0.5462101730960954
                ],
                [
                    0.3675067285570641,
                    0.9300208623817449
                ],
                [
                    0.35916259333882294,
                    0.9332750031722329
                ],
                [
                    0.16190074424621037,
                    0.9868070475085406
                ],
                [
                    0.1573367886073278,
                    0.9875450040128466
                ],
                [
                    0.149361873120701,
                    0.9887826004020679
                ],
                [
                    -0.512798314125404,
                    0.8585091082977182
                ],
                [
                    -0.5148443085537058,
                    0.8572836974711794
                ],
                [
                    -0.9133627868630341,
                    0.40714668066164056
                ]
            ]
        },
        {
            "Type": "F",
            "Centroid": {
                "x": 99782.0678125,
                "y": 444791.69046875
            },
            "Distances": [
                7.8300775611831375,
                4.961698523620119,
                4.384948950868068,
                5.652069752718897,
                4.55771983717655,
                4.6921177043995765,
                8.734936143266411,
                8.261234917664757,
                4.006975939117611,
                8.065896985248067,
                3.764863757751354,
                8.30946887903131,
                8.0540783101881,
                4.406215289430584,
                9.449616096143824,
                4.460432993470866,
                5.544978741108176,
                3.1720518579059394,
                4.2790637252033985,
                6.631533042150044,
                6.69775929333388,
                8.873251235547622,
                8.847769400466897,
                8.978642066847032,
                8.947289871891925,
                5.528000513451478,
                5.351327456950971,
                8.027772651160433,
                7.870988167908542,
                6.299089025533083,
                11.085788675228123,
                5.506661470591429
            ],