{
    "Pand ID": "0599100000766020",
    "Archetype ID": "D.2006-2014",
    "Construction Year": 2010,
    "Number of Floors": 3,
    "Wall Area": 302.54,
    "Roof Area (Flat)": 6.47,
    "Roof Area (Sloped)": 121.94,
    "Floor Area": 100.13,
    "Shared Wall Area": 0.0,
    "Absolute Height (70%)": 6.95520544052124,
    "Surfaces": [
        {
            "Type": "G",
            "Centroid": {
                "x": 96626.48696875,
                "y": 437324.1169375
            },
            "Distances": [
                3.2875721779421383,
                2.671340875903585,
                2.43978753177998,
                4.773790201481245,
                4.564726711452493,
                4.432906694541588,
                5.3453224832599515,
                5.336186437900716,
                6.720770060079517,
                6.911676082026294,
                8.898579016477195,
                7.42570819940236,
                7.150892759848013,
                6.098395630201348,
                5.983880770450209,
                5.887860112141386,
                7.972146535760625,
                7.497188865694488,
                7.640568062981109,
                5.867035128605785,
                6.096172842498063,
                5.561326753844058,
                5.469790182236109,
                5.98821258395226,
                5.944685605686741,
                5.065668460365651,
                5.332346904770116,
                3.53816353498247,
                3.564075688399542,
                3.0369600261296403,
                2.7255239771912176,
                3.0064152990348934
            ],
            "UnitPairs": [
                [
                    -0.9948355725673431,
                    -0.10149967268226322
                ],
                [
                    -0.9787570630150367,
                    -0.20502344158212593
                ],
                [
                    -0.965901218574756,
                    -0.2589108648855849
                ],
                [
                    -0.686162066566691,
                    -0.7274487049991415
                ],
                [
                    -0.6078334860746736,
                    -0.794064514511453
                ],
                [
                    -0.5340951012850537,
                    -0.8454244039435508
                ],
                [
                    -0.4936266723411133,
                    -0.8696739092058812
                ],
                [
                    -0.4509950651096261,
                    -0.8925264428837748
                ],
                [
                    -0.45092953975767935,
                    -0.8925595499315031
                ],
                [
                    -0.44816824649227294,
                    -0.8939492283323709
                ],
                [
                    0.37291417470683264,
                    -0.9278658406810341
                ],
                [
                    0.5330678426484806,
                    -0.8460724999278104
                ],
                [
                    0.5725727384671584,
                    -0.8198539255039394
                ],
                [
                    0.7805997738837123,
                    -0.6250311936317237
                ],
                [
                    0.8134196580300499,
                    -0.5816772816006112
                ],
                [
                    0.8134375067984171,
                    -0.5816523210076405
                ],
                [
                    0.8961709644882253,
                    0.4437089163046468
                ],
                [
                    0.8670458176314966,
                    0.4982284116022785
                ],
                [
                    0.8605912800972292,
                    0.5092962287516103
                ],
                [
                    0.11170995837354285,
                    0.993740854146684
                ],
                [
                    -0.02470299873296921,
                    0.9996948343637667
                ],
                [
                    -0.059984562097191475,
                    0.998199304903589
                ],
                [
                    -0.1907922818300774,
                    0.9816304320843321
                ],
                [
                    -0.20951055635082122,
                    0.9778063851180199
                ],
                [
                    -0.2137360718932003,
                    0.9768914430844734
                ],
                [
                    -0.23621635710441138,
                    0.971700485044811
                ],
                [
                    -0.28047570360950325,
                    0.959861125207576
                ],
                [
                    -0.6202635147585049,
                    0.7843935060028391
                ],
                [
                    -0.6356749822635783,
                    0.7719568102712738
                ],
                [
                    -0.706164628957384,
                    0.7080476797571476
                ],
                [
                    -0.95489666272944,
                    0.2969383159987578
                ],
                [
                    -0.9574837351749304,
                    0.2884872560018272
                ]
            ]
        },
        {
            "Type": "F",
            "Centroid": {
                "x": 96627.7210625,
                "y": 437324.08925
            },
            "Distances": [
                4.515068711838082,
                3.883657486538253,
                3.6411334392877386,
                5.674971924839816,
                5.38590609579327,
                3.7417893577301884,
                5.177890772070336,
                6.0292080302896185,
                5.972841072093965,
                5.940072072157617,
                7.337601820277823,
                7.523185335868515,
                8.488863268866305,
                1.2514146884935822,
                6.989366957949628,
                6.4224959496163585,
                6.8225291203253375,
                6.498354606965071,
                3.009672029057895,
                5.172382028377279,
                3.836164894486861,
                4.917301696321002,
                0.7973642346135739,
                5.012401492545847,
                3.9683419834334823,
                4.287114585906691,
                4.22897750320207,
                2.2594587510412985,
                4.283844371298594,
                4.274332707875743,
                3.8745357912530682,
                4.138792725250934,
                2.896990416402761,
                3.27901465347291,
                6.902247376589133,
                5.812774765349598,
                7.023815280726,
                6.472574167043848,
                6.624815485924236,
                1.3371212913220893,
                1.3988875393225566,
                2.598273339671393,
                2.5058410958401085,
                5.886513673028306,
                6.276642691204788,
                4.177004096544057,
                4.310840489143462,
                2.2234494535696028,
                5.795074209876637,
                4.92920935321391,
                2.1244198555478357,
                5.857940708783045,
                6.387742517749098,
                6.349857043499973,
                5.514593522898146,
                5.825161787259956,
                1.2001031612776079,
                4.428623597994171,
                4.468853723002851,
                4.019852388181914,
                1.9602476176942962,
                2.585184175779244,
                3.9269250021747926,
                4.208945648583138
            ],